<?xml version="1.0" encoding="UTF-8"?>
<gpx xmlns="http://www.topografix.com/GPX/1/1" xmlns:xsi="http://www.w3.org/2001/XMLSchema-instance" xsi:schemaLocation="http://www.topografix.com/GPX/1/1 http://www.topografix.com/GPX/1/1/gpx.xsd" version="1.1" creator="Bergbot — https://github.com/suchipizza/BergBot">
  <metadata>
    <name>Aletsch Panoramaweg (Riederalp, Riederfurka - Märjelensee)</name>
  </metadata>
  <trk>
    <name>Aletsch Panoramaweg (Riederalp, Riederfurka - Märjelensee)</name>
    <trkseg>
      <trkpt lat="46.37851" lon="8.017567">
      </trkpt>
      <trkpt lat="46.378528" lon="8.01758">
      </trkpt>
      <trkpt lat="46.378617" lon="8.01762">
      </trkpt>
      <trkpt lat="46.378671" lon="8.017646">
      </trkpt>
      <trkpt lat="46.378752" lon="8.017647">
      </trkpt>
      <trkpt lat="46.378824" lon="8.017622">
      </trkpt>
      <trkpt lat="46.378887" lon="8.017636">
      </trkpt>
      <trkpt lat="46.378968" lon="8.01765">
      </trkpt>
      <trkpt lat="46.379031" lon="8.017689">
      </trkpt>
      <trkpt lat="46.379111" lon="8.017729">
      </trkpt>
      <trkpt lat="46.379174" lon="8.017756">
      </trkpt>
      <trkpt lat="46.379228" lon="8.017769">
      </trkpt>
      <trkpt lat="46.379327" lon="8.01777">
      </trkpt>
      <trkpt lat="46.379381" lon="8.017771">
      </trkpt>
      <trkpt lat="46.379417" lon="8.017771">
      </trkpt>
      <trkpt lat="46.379453" lon="8.017759">
      </trkpt>
      <trkpt lat="46.379534" lon="8.017734">
      </trkpt>
      <trkpt lat="46.379579" lon="8.017734">
      </trkpt>
      <trkpt lat="46.379633" lon="8.017748">
      </trkpt>
      <trkpt lat="46.379678" lon="8.017748">
      </trkpt>
      <trkpt lat="46.379714" lon="8.017748">
      </trkpt>
      <trkpt lat="46.37975" lon="8.017736">
      </trkpt>
      <trkpt lat="46.379777" lon="8.01771">
      </trkpt>
      <trkpt lat="46.379804" lon="8.017697">
      </trkpt>
      <trkpt lat="46.379894" lon="8.017659">
      </trkpt>
      <trkpt lat="46.37993" lon="8.01766">
      </trkpt>
      <trkpt lat="46.379975" lon="8.01766">
      </trkpt>
      <trkpt lat="46.380011" lon="8.017674">
      </trkpt>
      <trkpt lat="46.380047" lon="8.017687">
      </trkpt>
      <trkpt lat="46.380128" lon="8.017727">
      </trkpt>
      <trkpt lat="46.380173" lon="8.017688">
      </trkpt>
      <trkpt lat="46.3802" lon="8.017676">
      </trkpt>
      <trkpt lat="46.380245" lon="8.017702">
      </trkpt>
      <trkpt lat="46.380272" lon="8.017728">
      </trkpt>
      <trkpt lat="46.380317" lon="8.017742">
      </trkpt>
      <trkpt lat="46.380426" lon="8.017756">
      </trkpt>
      <trkpt lat="46.380489" lon="8.01777">
      </trkpt>
      <trkpt lat="46.380543" lon="8.01777">
      </trkpt>
      <trkpt lat="46.380597" lon="8.017758">
      </trkpt>
      <trkpt lat="46.38066" lon="8.017772">
      </trkpt>
      <trkpt lat="46.380722" lon="8.017798">
      </trkpt>
      <trkpt lat="46.380794" lon="8.017825">
      </trkpt>
      <trkpt lat="46.380929" lon="8.017865">
      </trkpt>
      <trkpt lat="46.380974" lon="8.017905">
      </trkpt>
      <trkpt lat="46.380992" lon="8.017931">
      </trkpt>
      <trkpt lat="46.381036" lon="8.017984">
      </trkpt>
      <trkpt lat="46.381189" lon="8.018076">
      </trkpt>
      <trkpt lat="46.381252" lon="8.018116">
      </trkpt>
      <trkpt lat="46.381341" lon="8.018169">
      </trkpt>
      <trkpt lat="46.381395" lon="8.018221">
      </trkpt>
      <trkpt lat="46.38144" lon="8.018261">
      </trkpt>
      <trkpt lat="46.381484" lon="8.0183">
      </trkpt>
      <trkpt lat="46.38152" lon="8.018314">
      </trkpt>
      <trkpt lat="46.381574" lon="8.018314">
      </trkpt>
      <trkpt lat="46.38161" lon="8.018302">
      </trkpt>
      <trkpt lat="46.381691" lon="8.018276">
      </trkpt>
      <trkpt lat="46.381737" lon="8.018264">
      </trkpt>
      <trkpt lat="46.381763" lon="8.018277">
      </trkpt>
      <trkpt lat="46.38179" lon="8.018291">
      </trkpt>
      <trkpt lat="46.381835" lon="8.018343">
      </trkpt>
      <trkpt lat="46.38188" lon="8.018382">
      </trkpt>
      <trkpt lat="46.381933" lon="8.018461">
      </trkpt>
      <trkpt lat="46.382059" lon="8.018566">
      </trkpt>
      <trkpt lat="46.382121" lon="8.018658">
      </trkpt>
      <trkpt lat="46.38238" lon="8.018999">
      </trkpt>
      <trkpt lat="46.382416" lon="8.019025">
      </trkpt>
      <trkpt lat="46.382479" lon="8.019078">
      </trkpt>
      <trkpt lat="46.382524" lon="8.019117">
      </trkpt>
      <trkpt lat="46.382551" lon="8.019131">
      </trkpt>
      <trkpt lat="46.382623" lon="8.019144">
      </trkpt>
      <trkpt lat="46.38265" lon="8.019158">
      </trkpt>
      <trkpt lat="46.382703" lon="8.019236">
      </trkpt>
      <trkpt lat="46.38273" lon="8.019249">
      </trkpt>
      <trkpt lat="46.382748" lon="8.01925">
      </trkpt>
      <trkpt lat="46.382802" lon="8.01925">
      </trkpt>
      <trkpt lat="46.38282" lon="8.019263">
      </trkpt>
      <trkpt lat="46.382892" lon="8.019329">
      </trkpt>
      <trkpt lat="46.383008" lon="8.019421">
      </trkpt>
      <trkpt lat="46.383196" lon="8.019527">
      </trkpt>
      <trkpt lat="46.383259" lon="8.019554">
      </trkpt>
      <trkpt lat="46.38334" lon="8.019581">
      </trkpt>
      <trkpt lat="46.383403" lon="8.019621">
      </trkpt>
      <trkpt lat="46.383465" lon="8.019686">
      </trkpt>
      <trkpt lat="46.383528" lon="8.019765">
      </trkpt>
      <trkpt lat="46.383689" lon="8.019936">
      </trkpt>
      <trkpt lat="46.383743" lon="8.020014">
      </trkpt>
      <trkpt lat="46.38376" lon="8.020053">
      </trkpt>
      <trkpt lat="46.383778" lon="8.02008">
      </trkpt>
      <trkpt lat="46.383841" lon="8.020132">
      </trkpt>
      <trkpt lat="46.383877" lon="8.020185">
      </trkpt>
      <trkpt lat="46.383957" lon="8.020263">
      </trkpt>
      <trkpt lat="46.384047" lon="8.020368">
      </trkpt>
      <trkpt lat="46.3841" lon="8.020421">
      </trkpt>
      <trkpt lat="46.384172" lon="8.020487">
      </trkpt>
      <trkpt lat="46.384244" lon="8.02054">
      </trkpt>
      <trkpt lat="46.384324" lon="8.020618">
      </trkpt>
      <trkpt lat="46.384378" lon="8.020684">
      </trkpt>
      <trkpt lat="46.384414" lon="8.020749">
      </trkpt>
      <trkpt lat="46.38444" lon="8.020789">
      </trkpt>
      <trkpt lat="46.384476" lon="8.020828">
      </trkpt>
      <trkpt lat="46.384548" lon="8.020881">
      </trkpt>
      <trkpt lat="46.384601" lon="8.020946">
      </trkpt>
      <trkpt lat="46.384727" lon="8.021078">
      </trkpt>
      <trkpt lat="46.384798" lon="8.021156">
      </trkpt>
      <trkpt lat="46.384834" lon="8.021196">
      </trkpt>
      <trkpt lat="46.384933" lon="8.021301">
      </trkpt>
      <trkpt lat="46.384968" lon="8.021366">
      </trkpt>
      <trkpt lat="46.385004" lon="8.021445">
      </trkpt>
      <trkpt lat="46.38503" lon="8.021523">
      </trkpt>
      <trkpt lat="46.385057" lon="8.021549">
      </trkpt>
      <trkpt lat="46.385093" lon="8.021575">
      </trkpt>
      <trkpt lat="46.38512" lon="8.021614">
      </trkpt>
      <trkpt lat="46.385173" lon="8.021718">
      </trkpt>
      <trkpt lat="46.385209" lon="8.021758">
      </trkpt>
      <trkpt lat="46.385236" lon="8.021784">
      </trkpt>
      <trkpt lat="46.385263" lon="8.021823">
      </trkpt>
      <trkpt lat="46.385307" lon="8.021889">
      </trkpt>
      <trkpt lat="46.385352" lon="8.021928">
      </trkpt>
      <trkpt lat="46.385397" lon="8.021981">
      </trkpt>
      <trkpt lat="46.385468" lon="8.022099">
      </trkpt>
      <trkpt lat="46.385513" lon="8.022216">
      </trkpt>
      <trkpt lat="46.38553" lon="8.022255">
      </trkpt>
      <trkpt lat="46.385593" lon="8.022295">
      </trkpt>
      <trkpt lat="46.38562" lon="8.022321">
      </trkpt>
      <trkpt lat="46.385629" lon="8.02236">
      </trkpt>
      <trkpt lat="46.385655" lon="8.022439">
      </trkpt>
      <trkpt lat="46.385673" lon="8.022491">
      </trkpt>
      <trkpt lat="46.3857" lon="8.022517">
      </trkpt>
      <trkpt lat="46.385736" lon="8.022569">
      </trkpt>
      <trkpt lat="46.385744" lon="8.022622">
      </trkpt>
      <trkpt lat="46.38578" lon="8.022648">
      </trkpt>
      <trkpt lat="46.385852" lon="8.022675">
      </trkpt>
      <trkpt lat="46.385906" lon="8.022714">
      </trkpt>
      <trkpt lat="46.385942" lon="8.022767">
      </trkpt>
      <trkpt lat="46.38595" lon="8.022806">
      </trkpt>
      <trkpt lat="46.385968" lon="8.022845">
      </trkpt>
      <trkpt lat="46.386147" lon="8.023107">
      </trkpt>
      <trkpt lat="46.386191" lon="8.023198">
      </trkpt>
      <trkpt lat="46.386254" lon="8.023277">
      </trkpt>
      <trkpt lat="46.386307" lon="8.02333">
      </trkpt>
      <trkpt lat="46.386361" lon="8.023395">
      </trkpt>
      <trkpt lat="46.386397" lon="8.023461">
      </trkpt>
      <trkpt lat="46.386387" lon="8.023525">
      </trkpt>
      <trkpt lat="46.386396" lon="8.023552">
      </trkpt>
      <trkpt lat="46.386486" lon="8.023644">
      </trkpt>
      <trkpt lat="46.386584" lon="8.023801">
      </trkpt>
      <trkpt lat="46.386619" lon="8.023892">
      </trkpt>
      <trkpt lat="46.386646" lon="8.023983">
      </trkpt>
      <trkpt lat="46.386726" lon="8.024101">
      </trkpt>
      <trkpt lat="46.386771" lon="8.024219">
      </trkpt>
      <trkpt lat="46.386824" lon="8.02431">
      </trkpt>
      <trkpt lat="46.38686" lon="8.024402">
      </trkpt>
      <trkpt lat="46.386886" lon="8.024532">
      </trkpt>
      <trkpt lat="46.386939" lon="8.024662">
      </trkpt>
      <trkpt lat="46.38701" lon="8.024819">
      </trkpt>
      <trkpt lat="46.387037" lon="8.024923">
      </trkpt>
      <trkpt lat="46.387072" lon="8.025002">
      </trkpt>
      <trkpt lat="46.387108" lon="8.025054">
      </trkpt>
      <trkpt lat="46.387135" lon="8.025158">
      </trkpt>
      <trkpt lat="46.387161" lon="8.025185">
      </trkpt>
      <trkpt lat="46.38717" lon="8.025198">
      </trkpt>
      <trkpt lat="46.38717" lon="8.025224">
      </trkpt>
      <trkpt lat="46.38717" lon="8.02525">
      </trkpt>
      <trkpt lat="46.387224" lon="8.025302">
      </trkpt>
      <trkpt lat="46.38725" lon="8.025368">
      </trkpt>
      <trkpt lat="46.387304" lon="8.025472">
      </trkpt>
      <trkpt lat="46.387339" lon="8.025564">
      </trkpt>
      <trkpt lat="46.387384" lon="8.02572">
      </trkpt>
      <trkpt lat="46.387428" lon="8.025812">
      </trkpt>
      <trkpt lat="46.387455" lon="8.025916">
      </trkpt>
      <trkpt lat="46.38749" lon="8.025994">
      </trkpt>
      <trkpt lat="46.387525" lon="8.026138">
      </trkpt>
      <trkpt lat="46.387579" lon="8.026268">
      </trkpt>
      <trkpt lat="46.387614" lon="8.026347">
      </trkpt>
      <trkpt lat="46.387667" lon="8.026516">
      </trkpt>
      <trkpt lat="46.387703" lon="8.026595">
      </trkpt>
      <trkpt lat="46.387729" lon="8.026699">
      </trkpt>
      <trkpt lat="46.387765" lon="8.026803">
      </trkpt>
      <trkpt lat="46.387836" lon="8.02696">
      </trkpt>
      <trkpt lat="46.387871" lon="8.027051">
      </trkpt>
      <trkpt lat="46.387907" lon="8.027104">
      </trkpt>
      <trkpt lat="46.387988" lon="8.027196">
      </trkpt>
      <trkpt lat="46.388032" lon="8.027261">
      </trkpt>
      <trkpt lat="46.388068" lon="8.027327">
      </trkpt>
      <trkpt lat="46.388113" lon="8.027392">
      </trkpt>
      <trkpt lat="46.388148" lon="8.027457">
      </trkpt>
      <trkpt lat="46.388175" lon="8.02751">
      </trkpt>
      <trkpt lat="46.388202" lon="8.027549">
      </trkpt>
      <trkpt lat="46.388219" lon="8.027614">
      </trkpt>
      <trkpt lat="46.388255" lon="8.027654">
      </trkpt>
      <trkpt lat="46.388264" lon="8.027693">
      </trkpt>
      <trkpt lat="46.388282" lon="8.027732">
      </trkpt>
      <trkpt lat="46.388308" lon="8.027784">
      </trkpt>
      <trkpt lat="46.388317" lon="8.027823">
      </trkpt>
      <trkpt lat="46.388353" lon="8.027876">
      </trkpt>
      <trkpt lat="46.388371" lon="8.027954">
      </trkpt>
      <trkpt lat="46.388415" lon="8.028006">
      </trkpt>
      <trkpt lat="46.388433" lon="8.028072">
      </trkpt>
      <trkpt lat="46.388433" lon="8.028137">
      </trkpt>
      <trkpt lat="46.388441" lon="8.028228">
      </trkpt>
      <trkpt lat="46.388459" lon="8.02828">
      </trkpt>
      <trkpt lat="46.388476" lon="8.028384">
      </trkpt>
      <trkpt lat="46.388485" lon="8.028462">
      </trkpt>
      <trkpt lat="46.388484" lon="8.028553">
      </trkpt>
      <trkpt lat="46.388493" lon="8.028631">
      </trkpt>
      <trkpt lat="46.388493" lon="8.028722">
      </trkpt>
      <trkpt lat="46.388519" lon="8.028892">
      </trkpt>
      <trkpt lat="46.388536" lon="8.028957">
      </trkpt>
      <trkpt lat="46.388554" lon="8.029048">
      </trkpt>
      <trkpt lat="46.38858" lon="8.029191">
      </trkpt>
      <trkpt lat="46.388598" lon="8.029256">
      </trkpt>
      <trkpt lat="46.388624" lon="8.029309">
      </trkpt>
      <trkpt lat="46.388642" lon="8.029387">
      </trkpt>
      <trkpt lat="46.38866" lon="8.029465">
      </trkpt>
      <trkpt lat="46.388677" lon="8.029543">
      </trkpt>
      <trkpt lat="46.388704" lon="8.029622">
      </trkpt>
      <trkpt lat="46.388712" lon="8.029674">
      </trkpt>
      <trkpt lat="46.388739" lon="8.029713">
      </trkpt>
      <trkpt lat="46.388766" lon="8.029765">
      </trkpt>
      <trkpt lat="46.388784" lon="8.02983">
      </trkpt>
      <trkpt lat="46.38881" lon="8.029909">
      </trkpt>
      <trkpt lat="46.388837" lon="8.029974">
      </trkpt>
      <trkpt lat="46.388837" lon="8.030026">
      </trkpt>
      <trkpt lat="46.388836" lon="8.030078">
      </trkpt>
      <trkpt lat="46.388836" lon="8.03013">
      </trkpt>
      <trkpt lat="46.388898" lon="8.0303">
      </trkpt>
      <trkpt lat="46.388907" lon="8.030365">
      </trkpt>
      <trkpt lat="46.388924" lon="8.03043">
      </trkpt>
      <trkpt lat="46.388942" lon="8.030482">
      </trkpt>
      <trkpt lat="46.388941" lon="8.030612">
      </trkpt>
      <trkpt lat="46.388959" lon="8.030716">
      </trkpt>
      <trkpt lat="46.388959" lon="8.030716">
      </trkpt>
      <trkpt lat="46.388913" lon="8.030885">
      </trkpt>
      <trkpt lat="46.388912" lon="8.031028">
      </trkpt>
      <trkpt lat="46.388903" lon="8.031119">
      </trkpt>
      <trkpt lat="46.388893" lon="8.031236">
      </trkpt>
      <trkpt lat="46.388875" lon="8.031274">
      </trkpt>
      <trkpt lat="46.388874" lon="8.031482">
      </trkpt>
      <trkpt lat="46.388864" lon="8.031677">
      </trkpt>
      <trkpt lat="46.388855" lon="8.031755">
      </trkpt>
      <trkpt lat="46.388845" lon="8.031807">
      </trkpt>
      <trkpt lat="46.388845" lon="8.031859">
      </trkpt>
      <trkpt lat="46.388863" lon="8.031937">
      </trkpt>
      <trkpt lat="46.38888" lon="8.032016">
      </trkpt>
      <trkpt lat="46.388925" lon="8.03212">
      </trkpt>
      <trkpt lat="46.388969" lon="8.032263">
      </trkpt>
      <trkpt lat="46.388978" lon="8.03229">
      </trkpt>
      <trkpt lat="46.388969" lon="8.032315">
      </trkpt>
      <trkpt lat="46.388914" lon="8.032367">
      </trkpt>
      <trkpt lat="46.388914" lon="8.032406">
      </trkpt>
      <trkpt lat="46.388887" lon="8.032445">
      </trkpt>
      <trkpt lat="46.388851" lon="8.032509">
      </trkpt>
      <trkpt lat="46.388832" lon="8.032535">
      </trkpt>
      <trkpt lat="46.388823" lon="8.032561">
      </trkpt>
      <trkpt lat="46.388796" lon="8.032587">
      </trkpt>
      <trkpt lat="46.388778" lon="8.032599">
      </trkpt>
      <trkpt lat="46.388778" lon="8.032612">
      </trkpt>
      <trkpt lat="46.388796" lon="8.032652">
      </trkpt>
      <trkpt lat="46.38884" lon="8.032847">
      </trkpt>
      <trkpt lat="46.388848" lon="8.032951">
      </trkpt>
      <trkpt lat="46.388847" lon="8.033107">
      </trkpt>
      <trkpt lat="46.388838" lon="8.033159">
      </trkpt>
      <trkpt lat="46.388838" lon="8.03325">
      </trkpt>
      <trkpt lat="46.388846" lon="8.033354">
      </trkpt>
      <trkpt lat="46.388846" lon="8.033406">
      </trkpt>
      <trkpt lat="46.388846" lon="8.033471">
      </trkpt>
      <trkpt lat="46.388836" lon="8.033536">
      </trkpt>
      <trkpt lat="46.388845" lon="8.033601">
      </trkpt>
      <trkpt lat="46.388862" lon="8.033705">
      </trkpt>
      <trkpt lat="46.388871" lon="8.033783">
      </trkpt>
      <trkpt lat="46.388888" lon="8.033875">
      </trkpt>
      <trkpt lat="46.388897" lon="8.033927">
      </trkpt>
      <trkpt lat="46.388861" lon="8.0339">
      </trkpt>
      <trkpt lat="46.388834" lon="8.033861">
      </trkpt>
      <trkpt lat="46.388799" lon="8.033822">
      </trkpt>
      <trkpt lat="46.388798" lon="8.033887">
      </trkpt>
      <trkpt lat="46.388789" lon="8.033926">
      </trkpt>
      <trkpt lat="46.388789" lon="8.034043">
      </trkpt>
      <trkpt lat="46.388788" lon="8.034121">
      </trkpt>
      <trkpt lat="46.388788" lon="8.034199">
      </trkpt>
      <trkpt lat="46.388796" lon="8.034251">
      </trkpt>
      <trkpt lat="46.388796" lon="8.03429">
      </trkpt>
      <trkpt lat="46.388796" lon="8.034316">
      </trkpt>
      <trkpt lat="46.388796" lon="8.034355">
      </trkpt>
      <trkpt lat="46.388787" lon="8.034368">
      </trkpt>
      <trkpt lat="46.38876" lon="8.03438">
      </trkpt>
      <trkpt lat="46.388742" lon="8.034419">
      </trkpt>
      <trkpt lat="46.388696" lon="8.034458">
      </trkpt>
      <trkpt lat="46.388696" lon="8.034458">
      </trkpt>
      <trkpt lat="46.388732" lon="8.034523">
      </trkpt>
      <trkpt lat="46.388732" lon="8.034601">
      </trkpt>
      <trkpt lat="46.388758" lon="8.034679">
      </trkpt>
      <trkpt lat="46.388785" lon="8.034732">
      </trkpt>
      <trkpt lat="46.388803" lon="8.034758">
      </trkpt>
      <trkpt lat="46.388848" lon="8.034797">
      </trkpt>
      <trkpt lat="46.388892" lon="8.034837">
      </trkpt>
      <trkpt lat="46.388919" lon="8.034889">
      </trkpt>
      <trkpt lat="46.388955" lon="8.034954">
      </trkpt>
      <trkpt lat="46.38907" lon="8.035268">
      </trkpt>
      <trkpt lat="46.389088" lon="8.035333">
      </trkpt>
      <trkpt lat="46.389132" lon="8.035489">
      </trkpt>
      <trkpt lat="46.389149" lon="8.035555">
      </trkpt>
      <trkpt lat="46.389176" lon="8.035659">
      </trkpt>
      <trkpt lat="46.389211" lon="8.035737">
      </trkpt>
      <trkpt lat="46.389247" lon="8.035803">
      </trkpt>
      <trkpt lat="46.389274" lon="8.035842">
      </trkpt>
      <trkpt lat="46.389301" lon="8.035894">
      </trkpt>
      <trkpt lat="46.389327" lon="8.035973">
      </trkpt>
      <trkpt lat="46.389363" lon="8.036025">
      </trkpt>
      <trkpt lat="46.389399" lon="8.03609">
      </trkpt>
      <trkpt lat="46.389443" lon="8.036143">
      </trkpt>
      <trkpt lat="46.389497" lon="8.036208">
      </trkpt>
      <trkpt lat="46.389551" lon="8.036248">
      </trkpt>
      <trkpt lat="46.389577" lon="8.0363">
      </trkpt>
      <trkpt lat="46.389604" lon="8.036366">
      </trkpt>
      <trkpt lat="46.389622" lon="8.036444">
      </trkpt>
      <trkpt lat="46.389648" lon="8.036574">
      </trkpt>
      <trkpt lat="46.389675" lon="8.036639">
      </trkpt>
      <trkpt lat="46.38971" lon="8.036705">
      </trkpt>
      <trkpt lat="46.389764" lon="8.036744">
      </trkpt>
      <trkpt lat="46.389818" lon="8.03681">
      </trkpt>
      <trkpt lat="46.389871" lon="8.036876">
      </trkpt>
      <trkpt lat="46.389942" lon="8.037006">
      </trkpt>
      <trkpt lat="46.389987" lon="8.037072">
      </trkpt>
      <trkpt lat="46.390041" lon="8.03715">
      </trkpt>
      <trkpt lat="46.390094" lon="8.037229">
      </trkpt>
      <trkpt lat="46.390157" lon="8.037321">
      </trkpt>
      <trkpt lat="46.390201" lon="8.037399">
      </trkpt>
      <trkpt lat="46.390264" lon="8.03753">
      </trkpt>
      <trkpt lat="46.390264" lon="8.03753">
      </trkpt>
      <trkpt lat="46.390299" lon="8.037608">
      </trkpt>
      <trkpt lat="46.390344" lon="8.037687">
      </trkpt>
      <trkpt lat="46.390388" lon="8.037752">
      </trkpt>
      <trkpt lat="46.390388" lon="8.037752">
      </trkpt>
      <trkpt lat="46.390495" lon="8.037975">
      </trkpt>
      <trkpt lat="46.390531" lon="8.03804">
      </trkpt>
      <trkpt lat="46.390548" lon="8.038118">
      </trkpt>
      <trkpt lat="46.390566" lon="8.038183">
      </trkpt>
      <trkpt lat="46.390575" lon="8.038261">
      </trkpt>
      <trkpt lat="46.390574" lon="8.038404">
      </trkpt>
      <trkpt lat="46.390573" lon="8.038469">
      </trkpt>
      <trkpt lat="46.390591" lon="8.038535">
      </trkpt>
      <trkpt lat="46.390609" lon="8.038613">
      </trkpt>
      <trkpt lat="46.390617" lon="8.038691">
      </trkpt>
      <trkpt lat="46.390643" lon="8.038834">
      </trkpt>
      <trkpt lat="46.390643" lon="8.038834">
      </trkpt>
      <trkpt lat="46.390643" lon="8.038899">
      </trkpt>
      <trkpt lat="46.390643" lon="8.038938">
      </trkpt>
      <trkpt lat="46.390634" lon="8.03899">
      </trkpt>
      <trkpt lat="46.390615" lon="8.039042">
      </trkpt>
      <trkpt lat="46.390588" lon="8.039081">
      </trkpt>
      <trkpt lat="46.390561" lon="8.039106">
      </trkpt>
      <trkpt lat="46.390552" lon="8.039145">
      </trkpt>
      <trkpt lat="46.390561" lon="8.039184">
      </trkpt>
      <trkpt lat="46.390578" lon="8.039236">
      </trkpt>
      <trkpt lat="46.390578" lon="8.039262">
      </trkpt>
      <trkpt lat="46.39056" lon="8.039288">
      </trkpt>
      <trkpt lat="46.390551" lon="8.039327">
      </trkpt>
      <trkpt lat="46.390551" lon="8.039327">
      </trkpt>
      <trkpt lat="46.390551" lon="8.039366">
      </trkpt>
      <trkpt lat="46.390559" lon="8.039405">
      </trkpt>
      <trkpt lat="46.390568" lon="8.039457">
      </trkpt>
      <trkpt lat="46.390613" lon="8.039562">
      </trkpt>
      <trkpt lat="46.390612" lon="8.039614">
      </trkpt>
      <trkpt lat="46.390612" lon="8.039679">
      </trkpt>
      <trkpt lat="46.390612" lon="8.039757">
      </trkpt>
      <trkpt lat="46.39062" lon="8.039835">
      </trkpt>
      <trkpt lat="46.39062" lon="8.0399">
      </trkpt>
      <trkpt lat="46.390628" lon="8.039965">
      </trkpt>
      <trkpt lat="46.390645" lon="8.040264">
      </trkpt>
      <trkpt lat="46.390645" lon="8.040329">
      </trkpt>
      <trkpt lat="46.390689" lon="8.040486">
      </trkpt>
      <trkpt lat="46.390715" lon="8.040551">
      </trkpt>
      <trkpt lat="46.390733" lon="8.040577">
      </trkpt>
      <trkpt lat="46.390724" lon="8.040603">
      </trkpt>
      <trkpt lat="46.390715" lon="8.040629">
      </trkpt>
      <trkpt lat="46.390724" lon="8.040681">
      </trkpt>
      <trkpt lat="46.390741" lon="8.040733">
      </trkpt>
      <trkpt lat="46.390732" lon="8.040772">
      </trkpt>
      <trkpt lat="46.390732" lon="8.040824">
      </trkpt>
      <trkpt lat="46.390723" lon="8.040889">
      </trkpt>
      <trkpt lat="46.390713" lon="8.040954">
      </trkpt>
      <trkpt lat="46.390686" lon="8.041045">
      </trkpt>
      <trkpt lat="46.390695" lon="8.041084">
      </trkpt>
      <trkpt lat="46.390703" lon="8.041123">
      </trkpt>
      <trkpt lat="46.390721" lon="8.041136">
      </trkpt>
      <trkpt lat="46.390748" lon="8.041149">
      </trkpt>
      <trkpt lat="46.390775" lon="8.041163">
      </trkpt>
      <trkpt lat="46.390802" lon="8.041189">
      </trkpt>
      <trkpt lat="46.390811" lon="8.041202">
      </trkpt>
      <trkpt lat="46.39082" lon="8.041241">
      </trkpt>
      <trkpt lat="46.390828" lon="8.04128">
      </trkpt>
      <trkpt lat="46.390864" lon="8.041346">
      </trkpt>
      <trkpt lat="46.390891" lon="8.041398">
      </trkpt>
      <trkpt lat="46.390899" lon="8.041463">
      </trkpt>
      <trkpt lat="46.390917" lon="8.041528">
      </trkpt>
      <trkpt lat="46.390926" lon="8.041593">
      </trkpt>
      <trkpt lat="46.390926" lon="8.041593">
      </trkpt>
      <trkpt lat="46.391042" lon="8.041699">
      </trkpt>
      <trkpt lat="46.391042" lon="8.041699">
      </trkpt>
      <trkpt lat="46.391078" lon="8.041673">
      </trkpt>
      <trkpt lat="46.391132" lon="8.041622">
      </trkpt>
      <trkpt lat="46.391169" lon="8.04157">
      </trkpt>
      <trkpt lat="46.391187" lon="8.041557">
      </trkpt>
      <trkpt lat="46.391223" lon="8.041584">
      </trkpt>
      <trkpt lat="46.391277" lon="8.041584">
      </trkpt>
      <trkpt lat="46.391313" lon="8.041598">
      </trkpt>
      <trkpt lat="46.391375" lon="8.041598">
      </trkpt>
      <trkpt lat="46.391429" lon="8.041625">
      </trkpt>
      <trkpt lat="46.39151" lon="8.041613">
      </trkpt>
      <trkpt lat="46.391564" lon="8.041627">
      </trkpt>
      <trkpt lat="46.3916" lon="8.041614">
      </trkpt>
      <trkpt lat="46.391618" lon="8.041575">
      </trkpt>
      <trkpt lat="46.391628" lon="8.041471">
      </trkpt>
      <trkpt lat="46.391655" lon="8.04142">
      </trkpt>
      <trkpt lat="46.391791" lon="8.041369">
      </trkpt>
      <trkpt lat="46.391827" lon="8.041356">
      </trkpt>
      <trkpt lat="46.391881" lon="8.041318">
      </trkpt>
      <trkpt lat="46.391953" lon="8.041254">
      </trkpt>
      <trkpt lat="46.391989" lon="8.041241">
      </trkpt>
      <trkpt lat="46.392025" lon="8.041216">
      </trkpt>
      <trkpt lat="46.392061" lon="8.041164">
      </trkpt>
      <trkpt lat="46.392062" lon="8.041125">
      </trkpt>
      <trkpt lat="46.39208" lon="8.041112">
      </trkpt>
      <trkpt lat="46.392188" lon="8.041113">
      </trkpt>
      <trkpt lat="46.392224" lon="8.041101">
      </trkpt>
      <trkpt lat="46.392305" lon="8.04105">
      </trkpt>
      <trkpt lat="46.39235" lon="8.04105">
      </trkpt>
      <trkpt lat="46.39244" lon="8.041038">
      </trkpt>
      <trkpt lat="46.392467" lon="8.041052">
      </trkpt>
      <trkpt lat="46.392503" lon="8.041039">
      </trkpt>
      <trkpt lat="46.392548" lon="8.041">
      </trkpt>
      <trkpt lat="46.392593" lon="8.040949">
      </trkpt>
      <trkpt lat="46.392639" lon="8.04091">
      </trkpt>
      <trkpt lat="46.392684" lon="8.040859">
      </trkpt>
      <trkpt lat="46.392729" lon="8.04082">
      </trkpt>
      <trkpt lat="46.392756" lon="8.040821">
      </trkpt>
      <trkpt lat="46.392756" lon="8.040795">
      </trkpt>
      <trkpt lat="46.392765" lon="8.040769">
      </trkpt>
      <trkpt lat="46.392801" lon="8.040743">
      </trkpt>
      <trkpt lat="46.392801" lon="8.040743">
      </trkpt>
      <trkpt lat="46.392837" lon="8.04077">
      </trkpt>
      <trkpt lat="46.392837" lon="8.04077">
      </trkpt>
      <trkpt lat="46.392873" lon="8.040835">
      </trkpt>
      <trkpt lat="46.3929" lon="8.040887">
      </trkpt>
      <trkpt lat="46.392917" lon="8.040927">
      </trkpt>
      <trkpt lat="46.392935" lon="8.040966">
      </trkpt>
      <trkpt lat="46.392998" lon="8.041031">
      </trkpt>
      <trkpt lat="46.393042" lon="8.041084">
      </trkpt>
      <trkpt lat="46.393087" lon="8.041123">
      </trkpt>
      <trkpt lat="46.393114" lon="8.04115">
      </trkpt>
      <trkpt lat="46.393159" lon="8.041189">
      </trkpt>
      <trkpt lat="46.393195" lon="8.041229">
      </trkpt>
      <trkpt lat="46.39323" lon="8.041255">
      </trkpt>
      <trkpt lat="46.393266" lon="8.041307">
      </trkpt>
      <trkpt lat="46.39332" lon="8.041386">
      </trkpt>
      <trkpt lat="46.393355" lon="8.041464">
      </trkpt>
      <trkpt lat="46.393382" lon="8.041517">
      </trkpt>
      <trkpt lat="46.3934" lon="8.041582">
      </trkpt>
      <trkpt lat="46.393426" lon="8.041634">
      </trkpt>
      <trkpt lat="46.393435" lon="8.041686">
      </trkpt>
      <trkpt lat="46.393462" lon="8.041765">
      </trkpt>
      <trkpt lat="46.393497" lon="8.041843">
      </trkpt>
      <trkpt lat="46.393533" lon="8.041908">
      </trkpt>
      <trkpt lat="46.393541" lon="8.041974">
      </trkpt>
      <trkpt lat="46.393559" lon="8.042026">
      </trkpt>
      <trkpt lat="46.393577" lon="8.042039">
      </trkpt>
      <trkpt lat="46.393613" lon="8.042052">
      </trkpt>
      <trkpt lat="46.393649" lon="8.042053">
      </trkpt>
      <trkpt lat="46.393694" lon="8.042053">
      </trkpt>
      <trkpt lat="46.393721" lon="8.042106">
      </trkpt>
      <trkpt lat="46.393738" lon="8.042171">
      </trkpt>
      <trkpt lat="46.393738" lon="8.042262">
      </trkpt>
      <trkpt lat="46.393765" lon="8.042314">
      </trkpt>
      <trkpt lat="46.3938" lon="8.04234">
      </trkpt>
      <trkpt lat="46.393827" lon="8.042367">
      </trkpt>
      <trkpt lat="46.393863" lon="8.042432">
      </trkpt>
      <trkpt lat="46.393899" lon="8.042485">
      </trkpt>
      <trkpt lat="46.393944" lon="8.042498">
      </trkpt>
      <trkpt lat="46.393961" lon="8.04255">
      </trkpt>
      <trkpt lat="46.393988" lon="8.042642">
      </trkpt>
      <trkpt lat="46.394023" lon="8.042733">
      </trkpt>
      <trkpt lat="46.394059" lon="8.042785">
      </trkpt>
      <trkpt lat="46.394104" lon="8.042851">
      </trkpt>
      <trkpt lat="46.394139" lon="8.042916">
      </trkpt>
      <trkpt lat="46.394148" lon="8.042994">
      </trkpt>
      <trkpt lat="46.394156" lon="8.043073">
      </trkpt>
      <trkpt lat="46.394183" lon="8.043164">
      </trkpt>
      <trkpt lat="46.394227" lon="8.043372">
      </trkpt>
      <trkpt lat="46.394244" lon="8.043438">
      </trkpt>
      <trkpt lat="46.39428" lon="8.04349">
      </trkpt>
      <trkpt lat="46.394306" lon="8.043633">
      </trkpt>
      <trkpt lat="46.394333" lon="8.043699">
      </trkpt>
      <trkpt lat="46.394333" lon="8.043699">
      </trkpt>
      <trkpt lat="46.394396" lon="8.043699">
      </trkpt>
      <trkpt lat="46.394495" lon="8.043739">
      </trkpt>
      <trkpt lat="46.394584" lon="8.043844">
      </trkpt>
      <trkpt lat="46.394629" lon="8.043923">
      </trkpt>
      <trkpt lat="46.394664" lon="8.043988">
      </trkpt>
      <trkpt lat="46.3947" lon="8.044028">
      </trkpt>
      <trkpt lat="46.394745" lon="8.044067">
      </trkpt>
      <trkpt lat="46.394771" lon="8.04412">
      </trkpt>
      <trkpt lat="46.394807" lon="8.044146">
      </trkpt>
      <trkpt lat="46.394852" lon="8.044159">
      </trkpt>
      <trkpt lat="46.394906" lon="8.044173">
      </trkpt>
      <trkpt lat="46.39496" lon="8.044174">
      </trkpt>
      <trkpt lat="46.395014" lon="8.0442">
      </trkpt>
      <trkpt lat="46.395059" lon="8.044253">
      </trkpt>
      <trkpt lat="46.395094" lon="8.044318">
      </trkpt>
      <trkpt lat="46.39513" lon="8.044358">
      </trkpt>
      <trkpt lat="46.395175" lon="8.04441">
      </trkpt>
      <trkpt lat="46.395202" lon="8.044449">
      </trkpt>
      <trkpt lat="46.39521" lon="8.044527">
      </trkpt>
      <trkpt lat="46.395201" lon="8.044566">
      </trkpt>
      <trkpt lat="46.39521" lon="8.044618">
      </trkpt>
      <trkpt lat="46.395164" lon="8.044696">
      </trkpt>
      <trkpt lat="46.395155" lon="8.044761">
      </trkpt>
      <trkpt lat="46.395164" lon="8.044813">
      </trkpt>
      <trkpt lat="46.395181" lon="8.044995">
      </trkpt>
      <trkpt lat="46.395216" lon="8.045048">
      </trkpt>
      <trkpt lat="46.395243" lon="8.045113">
      </trkpt>
      <trkpt lat="46.395261" lon="8.045139">
      </trkpt>
      <trkpt lat="46.395297" lon="8.045153">
      </trkpt>
      <trkpt lat="46.395323" lon="8.045205">
      </trkpt>
      <trkpt lat="46.395341" lon="8.045257">
      </trkpt>
      <trkpt lat="46.39535" lon="8.045296">
      </trkpt>
      <trkpt lat="46.395341" lon="8.045361">
      </trkpt>
      <trkpt lat="46.395349" lon="8.0454">
      </trkpt>
      <trkpt lat="46.395331" lon="8.045452">
      </trkpt>
      <trkpt lat="46.395322" lon="8.045478">
      </trkpt>
      <trkpt lat="46.395322" lon="8.045478">
      </trkpt>
      <trkpt lat="46.395313" lon="8.04553">
      </trkpt>
      <trkpt lat="46.39533" lon="8.045569">
      </trkpt>
      <trkpt lat="46.395357" lon="8.045608">
      </trkpt>
      <trkpt lat="46.395357" lon="8.04566">
      </trkpt>
      <trkpt lat="46.395366" lon="8.045725">
      </trkpt>
      <trkpt lat="46.395365" lon="8.045803">
      </trkpt>
      <trkpt lat="46.395383" lon="8.045869">
      </trkpt>
      <trkpt lat="46.39541" lon="8.045934">
      </trkpt>
      <trkpt lat="46.395454" lon="8.045986">
      </trkpt>
      <trkpt lat="46.39549" lon="8.046039">
      </trkpt>
      <trkpt lat="46.395526" lon="8.046065">
      </trkpt>
      <trkpt lat="46.395553" lon="8.046092">
      </trkpt>
      <trkpt lat="46.395588" lon="8.04617">
      </trkpt>
      <trkpt lat="46.395615" lon="8.046235">
      </trkpt>
      <trkpt lat="46.395659" lon="8.046353">
      </trkpt>
      <trkpt lat="46.395668" lon="8.046392">
      </trkpt>
      <trkpt lat="46.395677" lon="8.046444">
      </trkpt>
      <trkpt lat="46.395694" lon="8.046483">
      </trkpt>
      <trkpt lat="46.395703" lon="8.046535">
      </trkpt>
      <trkpt lat="46.395721" lon="8.0466">
      </trkpt>
      <trkpt lat="46.395738" lon="8.046666">
      </trkpt>
      <trkpt lat="46.395756" lon="8.046744">
      </trkpt>
      <trkpt lat="46.395756" lon="8.046822">
      </trkpt>
      <trkpt lat="46.395746" lon="8.046874">
      </trkpt>
      <trkpt lat="46.395746" lon="8.046965">
      </trkpt>
      <trkpt lat="46.395773" lon="8.046991">
      </trkpt>
      <trkpt lat="46.395781" lon="8.047095">
      </trkpt>
      <trkpt lat="46.395763" lon="8.047134">
      </trkpt>
      <trkpt lat="46.395754" lon="8.047173">
      </trkpt>
      <trkpt lat="46.395754" lon="8.047173">
      </trkpt>
      <trkpt lat="46.395789" lon="8.047238">
      </trkpt>
      <trkpt lat="46.395825" lon="8.047356">
      </trkpt>
      <trkpt lat="46.395923" lon="8.047526">
      </trkpt>
      <trkpt lat="46.395976" lon="8.047578">
      </trkpt>
      <trkpt lat="46.395976" lon="8.047578">
      </trkpt>
      <trkpt lat="46.395985" lon="8.047631">
      </trkpt>
      <trkpt lat="46.396012" lon="8.047683">
      </trkpt>
      <trkpt lat="46.396039" lon="8.047735">
      </trkpt>
      <trkpt lat="46.396065" lon="8.047814">
      </trkpt>
      <trkpt lat="46.396092" lon="8.047866">
      </trkpt>
      <trkpt lat="46.3961" lon="8.047931">
      </trkpt>
      <trkpt lat="46.396136" lon="8.047996">
      </trkpt>
      <trkpt lat="46.396172" lon="8.048049">
      </trkpt>
      <trkpt lat="46.39619" lon="8.048088">
      </trkpt>
      <trkpt lat="46.39619" lon="8.048088">
      </trkpt>
      <trkpt lat="46.396217" lon="8.048062">
      </trkpt>
      <trkpt lat="46.396217" lon="8.048062">
      </trkpt>
      <trkpt lat="46.396243" lon="8.048102">
      </trkpt>
      <trkpt lat="46.396279" lon="8.048154">
      </trkpt>
      <trkpt lat="46.396315" lon="8.048219">
      </trkpt>
      <trkpt lat="46.396351" lon="8.048246">
      </trkpt>
      <trkpt lat="46.396351" lon="8.048246">
      </trkpt>
      <trkpt lat="46.396368" lon="8.048285">
      </trkpt>
      <trkpt lat="46.396421" lon="8.048494">
      </trkpt>
      <trkpt lat="46.39643" lon="8.048533">
      </trkpt>
      <trkpt lat="46.396457" lon="8.048572">
      </trkpt>
      <trkpt lat="46.396528" lon="8.048664">
      </trkpt>
      <trkpt lat="46.396555" lon="8.048729">
      </trkpt>
      <trkpt lat="46.396608" lon="8.048834">
      </trkpt>
      <trkpt lat="46.396635" lon="8.048938">
      </trkpt>
      <trkpt lat="46.396662" lon="8.04899">
      </trkpt>
      <trkpt lat="46.396697" lon="8.049056">
      </trkpt>
      <trkpt lat="46.396724" lon="8.049121">
      </trkpt>
      <trkpt lat="46.396741" lon="8.049186">
      </trkpt>
      <trkpt lat="46.396768" lon="8.049252">
      </trkpt>
      <trkpt lat="46.396812" lon="8.049421">
      </trkpt>
      <trkpt lat="46.39683" lon="8.049473">
      </trkpt>
      <trkpt lat="46.396847" lon="8.049539">
      </trkpt>
      <trkpt lat="46.396874" lon="8.049604">
      </trkpt>
      <trkpt lat="46.396892" lon="8.04963">
      </trkpt>
      <trkpt lat="46.396919" lon="8.049669">
      </trkpt>
      <trkpt lat="46.396963" lon="8.049722">
      </trkpt>
      <trkpt lat="46.396972" lon="8.049774">
      </trkpt>
      <trkpt lat="46.39699" lon="8.049891">
      </trkpt>
      <trkpt lat="46.397016" lon="8.049931">
      </trkpt>
      <trkpt lat="46.397034" lon="8.049983">
      </trkpt>
      <trkpt lat="46.397061" lon="8.050022">
      </trkpt>
      <trkpt lat="46.397088" lon="8.050048">
      </trkpt>
      <trkpt lat="46.397114" lon="8.050088">
      </trkpt>
      <trkpt lat="46.397168" lon="8.050205">
      </trkpt>
      <trkpt lat="46.397212" lon="8.050271">
      </trkpt>
      <trkpt lat="46.397239" lon="8.050323">
      </trkpt>
      <trkpt lat="46.397266" lon="8.050388">
      </trkpt>
      <trkpt lat="46.397292" lon="8.050441">
      </trkpt>
      <trkpt lat="46.397319" lon="8.050506">
      </trkpt>
      <trkpt lat="46.397373" lon="8.050598">
      </trkpt>
      <trkpt lat="46.397417" lon="8.050689">
      </trkpt>
      <trkpt lat="46.397444" lon="8.050755">
      </trkpt>
      <trkpt lat="46.397461" lon="8.050794">
      </trkpt>
      <trkpt lat="46.397479" lon="8.050846">
      </trkpt>
      <trkpt lat="46.397506" lon="8.050898">
      </trkpt>
      <trkpt lat="46.397532" lon="8.050964">
      </trkpt>
      <trkpt lat="46.39755" lon="8.051016">
      </trkpt>
      <trkpt lat="46.397568" lon="8.051042">
      </trkpt>
      <trkpt lat="46.397595" lon="8.051094">
      </trkpt>
      <trkpt lat="46.397613" lon="8.051134">
      </trkpt>
      <trkpt lat="46.397639" lon="8.051212">
      </trkpt>
      <trkpt lat="46.397657" lon="8.051277">
      </trkpt>
      <trkpt lat="46.397675" lon="8.051303">
      </trkpt>
      <trkpt lat="46.397692" lon="8.051342">
      </trkpt>
      <trkpt lat="46.39771" lon="8.051395">
      </trkpt>
      <trkpt lat="46.397719" lon="8.051447">
      </trkpt>
      <trkpt lat="46.397728" lon="8.051499">
      </trkpt>
      <trkpt lat="46.397727" lon="8.051564">
      </trkpt>
      <trkpt lat="46.397727" lon="8.051603">
      </trkpt>
      <trkpt lat="46.397736" lon="8.051655">
      </trkpt>
      <trkpt lat="46.397762" lon="8.05172">
      </trkpt>
      <trkpt lat="46.397771" lon="8.051811">
      </trkpt>
      <trkpt lat="46.397806" lon="8.051877">
      </trkpt>
      <trkpt lat="46.397824" lon="8.051942">
      </trkpt>
      <trkpt lat="46.397833" lon="8.051981">
      </trkpt>
      <trkpt lat="46.397842" lon="8.052033">
      </trkpt>
      <trkpt lat="46.397859" lon="8.052072">
      </trkpt>
      <trkpt lat="46.397895" lon="8.052112">
      </trkpt>
      <trkpt lat="46.397949" lon="8.052152">
      </trkpt>
      <trkpt lat="46.397976" lon="8.052178">
      </trkpt>
      <trkpt lat="46.398003" lon="8.052178">
      </trkpt>
      <trkpt lat="46.398021" lon="8.052191">
      </trkpt>
      <trkpt lat="46.398039" lon="8.052205">
      </trkpt>
      <trkpt lat="46.398056" lon="8.052244">
      </trkpt>
      <trkpt lat="46.398065" lon="8.052283">
      </trkpt>
      <trkpt lat="46.398092" lon="8.052335">
      </trkpt>
      <trkpt lat="46.398127" lon="8.052414">
      </trkpt>
      <trkpt lat="46.398163" lon="8.052492">
      </trkpt>
      <trkpt lat="46.398199" lon="8.05257">
      </trkpt>
      <trkpt lat="46.398234" lon="8.052649">
      </trkpt>
      <trkpt lat="46.398234" lon="8.052701">
      </trkpt>
      <trkpt lat="46.398242" lon="8.052792">
      </trkpt>
      <trkpt lat="46.398269" lon="8.05287">
      </trkpt>
      <trkpt lat="46.398277" lon="8.052987">
      </trkpt>
      <trkpt lat="46.398295" lon="8.053053">
      </trkpt>
      <trkpt lat="46.398321" lon="8.053118">
      </trkpt>
      <trkpt lat="46.398366" lon="8.05317">
      </trkpt>
      <trkpt lat="46.39842" lon="8.05321">
      </trkpt>
      <trkpt lat="46.398465" lon="8.053237">
      </trkpt>
      <trkpt lat="46.398474" lon="8.05325">
      </trkpt>
      <trkpt lat="46.398509" lon="8.053289">
      </trkpt>
      <trkpt lat="46.398545" lon="8.053354">
      </trkpt>
      <trkpt lat="46.39859" lon="8.05342">
      </trkpt>
      <trkpt lat="46.39859" lon="8.05342">
      </trkpt>
      <trkpt lat="46.398607" lon="8.053498">
      </trkpt>
      <trkpt lat="46.398634" lon="8.053551">
      </trkpt>
      <trkpt lat="46.398696" lon="8.053642">
      </trkpt>
      <trkpt lat="46.398723" lon="8.053721">
      </trkpt>
      <trkpt lat="46.398759" lon="8.053773">
      </trkpt>
      <trkpt lat="46.398794" lon="8.053851">
      </trkpt>
      <trkpt lat="46.398812" lon="8.053904">
      </trkpt>
      <trkpt lat="46.39883" lon="8.053982">
      </trkpt>
      <trkpt lat="46.398865" lon="8.054073">
      </trkpt>
      <trkpt lat="46.398892" lon="8.054139">
      </trkpt>
      <trkpt lat="46.398936" lon="8.054217">
      </trkpt>
      <trkpt lat="46.398963" lon="8.054295">
      </trkpt>
      <trkpt lat="46.398998" lon="8.054374">
      </trkpt>
      <trkpt lat="46.399106" lon="8.054466">
      </trkpt>
      <trkpt lat="46.39916" lon="8.054506">
      </trkpt>
      <trkpt lat="46.399204" lon="8.054558">
      </trkpt>
      <trkpt lat="46.39924" lon="8.054598">
      </trkpt>
      <trkpt lat="46.399294" lon="8.054624">
      </trkpt>
      <trkpt lat="46.399357" lon="8.054651">
      </trkpt>
      <trkpt lat="46.399401" lon="8.054703">
      </trkpt>
      <trkpt lat="46.399428" lon="8.054756">
      </trkpt>
      <trkpt lat="46.399455" lon="8.054847">
      </trkpt>
      <trkpt lat="46.399481" lon="8.054899">
      </trkpt>
      <trkpt lat="46.399508" lon="8.054978">
      </trkpt>
      <trkpt lat="46.399534" lon="8.055056">
      </trkpt>
      <trkpt lat="46.39957" lon="8.055147">
      </trkpt>
      <trkpt lat="46.399605" lon="8.055239">
      </trkpt>
      <trkpt lat="46.39964" lon="8.05533">
      </trkpt>
      <trkpt lat="46.399666" lon="8.055448">
      </trkpt>
      <trkpt lat="46.399684" lon="8.055513">
      </trkpt>
      <trkpt lat="46.399684" lon="8.055552">
      </trkpt>
      <trkpt lat="46.399683" lon="8.055604">
      </trkpt>
      <trkpt lat="46.39971" lon="8.055695">
      </trkpt>
      <trkpt lat="46.399736" lon="8.055761">
      </trkpt>
      <trkpt lat="46.399763" lon="8.055813">
      </trkpt>
      <trkpt lat="46.399799" lon="8.055878">
      </trkpt>
      <trkpt lat="46.399834" lon="8.055944">
      </trkpt>
      <trkpt lat="46.399861" lon="8.055996">
      </trkpt>
      <trkpt lat="46.399888" lon="8.056061">
      </trkpt>
      <trkpt lat="46.399897" lon="8.056087">
      </trkpt>
      <trkpt lat="46.399933" lon="8.056101">
      </trkpt>
      <trkpt lat="46.39995" lon="8.056114">
      </trkpt>
      <trkpt lat="46.399986" lon="8.056166">
      </trkpt>
      <trkpt lat="46.400049" lon="8.056271">
      </trkpt>
      <trkpt lat="46.400057" lon="8.056284">
      </trkpt>
      <trkpt lat="46.400057" lon="8.05631">
      </trkpt>
      <trkpt lat="46.400066" lon="8.056362">
      </trkpt>
      <trkpt lat="46.400075" lon="8.056402">
      </trkpt>
      <trkpt lat="46.400084" lon="8.056441">
      </trkpt>
      <trkpt lat="46.400092" lon="8.056467">
      </trkpt>
      <trkpt lat="46.40011" lon="8.05648">
      </trkpt>
      <trkpt lat="46.400137" lon="8.056493">
      </trkpt>
      <trkpt lat="46.400164" lon="8.056533">
      </trkpt>
      <trkpt lat="46.400173" lon="8.056572">
      </trkpt>
      <trkpt lat="46.400182" lon="8.056637">
      </trkpt>
      <trkpt lat="46.400181" lon="8.056663">
      </trkpt>
      <trkpt lat="46.40019" lon="8.056689">
      </trkpt>
      <trkpt lat="46.400244" lon="8.056755">
      </trkpt>
      <trkpt lat="46.400253" lon="8.056794">
      </trkpt>
      <trkpt lat="46.40027" lon="8.05682">
      </trkpt>
      <trkpt lat="46.400288" lon="8.056846">
      </trkpt>
      <trkpt lat="46.400306" lon="8.056859">
      </trkpt>
      <trkpt lat="46.400333" lon="8.056951">
      </trkpt>
      <trkpt lat="46.400351" lon="8.056977">
      </trkpt>
      <trkpt lat="46.400359" lon="8.057003">
      </trkpt>
      <trkpt lat="46.400413" lon="8.05703">
      </trkpt>
      <trkpt lat="46.400449" lon="8.057056">
      </trkpt>
      <trkpt lat="46.400485" lon="8.057095">
      </trkpt>
      <trkpt lat="46.400503" lon="8.057122">
      </trkpt>
      <trkpt lat="46.400512" lon="8.057161">
      </trkpt>
      <trkpt lat="46.400538" lon="8.0572">
      </trkpt>
      <trkpt lat="46.400538" lon="8.0572">
      </trkpt>
      <trkpt lat="46.400592" lon="8.057292">
      </trkpt>
      <trkpt lat="46.400592" lon="8.057292">
      </trkpt>
      <trkpt lat="46.400654" lon="8.057448">
      </trkpt>
      <trkpt lat="46.400761" lon="8.057658">
      </trkpt>
      <trkpt lat="46.400778" lon="8.057697">
      </trkpt>
      <trkpt lat="46.400805" lon="8.057814">
      </trkpt>
      <trkpt lat="46.400894" lon="8.057984">
      </trkpt>
      <trkpt lat="46.400938" lon="8.058102">
      </trkpt>
      <trkpt lat="46.400965" lon="8.058207">
      </trkpt>
      <trkpt lat="46.400973" lon="8.058246">
      </trkpt>
      <trkpt lat="46.401" lon="8.058299">
      </trkpt>
      <trkpt lat="46.401027" lon="8.058351">
      </trkpt>
      <trkpt lat="46.401071" lon="8.058429">
      </trkpt>
      <trkpt lat="46.401089" lon="8.05843">
      </trkpt>
      <trkpt lat="46.401098" lon="8.05843">
      </trkpt>
      <trkpt lat="46.401116" lon="8.058417">
      </trkpt>
      <trkpt lat="46.401144" lon="8.058365">
      </trkpt>
      <trkpt lat="46.401144" lon="8.058365">
      </trkpt>
      <trkpt lat="46.401144" lon="8.058352">
      </trkpt>
      <trkpt lat="46.401162" lon="8.058339">
      </trkpt>
      <trkpt lat="46.401162" lon="8.058339">
      </trkpt>
      <trkpt lat="46.40118" lon="8.058301">
      </trkpt>
      <trkpt lat="46.40118" lon="8.058301">
      </trkpt>
      <trkpt lat="46.401198" lon="8.058327">
      </trkpt>
      <trkpt lat="46.401198" lon="8.058327">
      </trkpt>
      <trkpt lat="46.401207" lon="8.058353">
      </trkpt>
      <trkpt lat="46.401207" lon="8.058353">
      </trkpt>
      <trkpt lat="46.401216" lon="8.058366">
      </trkpt>
      <trkpt lat="46.401216" lon="8.058366">
      </trkpt>
      <trkpt lat="46.401225" lon="8.058379">
      </trkpt>
      <trkpt lat="46.401225" lon="8.058379">
      </trkpt>
      <trkpt lat="46.401233" lon="8.058405">
      </trkpt>
      <trkpt lat="46.401233" lon="8.058405">
      </trkpt>
      <trkpt lat="46.401242" lon="8.058431">
      </trkpt>
      <trkpt lat="46.401242" lon="8.058431">
      </trkpt>
      <trkpt lat="46.401278" lon="8.05851">
      </trkpt>
      <trkpt lat="46.401367" lon="8.058654">
      </trkpt>
      <trkpt lat="46.401438" lon="8.058759">
      </trkpt>
      <trkpt lat="46.401438" lon="8.058759">
      </trkpt>
      <trkpt lat="46.401456" lon="8.058798">
      </trkpt>
      <trkpt lat="46.401492" lon="8.058863">
      </trkpt>
      <trkpt lat="46.401545" lon="8.058994">
      </trkpt>
      <trkpt lat="46.401598" lon="8.059138">
      </trkpt>
      <trkpt lat="46.401661" lon="8.059242">
      </trkpt>
      <trkpt lat="46.401723" lon="8.059321">
      </trkpt>
      <trkpt lat="46.401723" lon="8.059321">
      </trkpt>
      <trkpt lat="46.40175" lon="8.059373">
      </trkpt>
      <trkpt lat="46.401794" lon="8.059478">
      </trkpt>
      <trkpt lat="46.401812" lon="8.059504">
      </trkpt>
      <trkpt lat="46.401812" lon="8.059504">
      </trkpt>
      <trkpt lat="46.40183" lon="8.059543">
      </trkpt>
      <trkpt lat="46.401857" lon="8.05957">
      </trkpt>
      <trkpt lat="46.401857" lon="8.05957">
      </trkpt>
      <trkpt lat="46.401883" lon="8.059635">
      </trkpt>
      <trkpt lat="46.401919" lon="8.059674">
      </trkpt>
      <trkpt lat="46.402017" lon="8.059806">
      </trkpt>
      <trkpt lat="46.402053" lon="8.059832">
      </trkpt>
      <trkpt lat="46.402089" lon="8.059871">
      </trkpt>
      <trkpt lat="46.402125" lon="8.059937">
      </trkpt>
      <trkpt lat="46.402142" lon="8.059989">
      </trkpt>
      <trkpt lat="46.402223" lon="8.06012">
      </trkpt>
      <trkpt lat="46.402294" lon="8.060199">
      </trkpt>
      <trkpt lat="46.402312" lon="8.060264">
      </trkpt>
      <trkpt lat="46.402329" lon="8.060355">
      </trkpt>
      <trkpt lat="46.402373" lon="8.060486">
      </trkpt>
      <trkpt lat="46.402427" lon="8.06059">
      </trkpt>
      <trkpt lat="46.402463" lon="8.060656">
      </trkpt>
      <trkpt lat="46.402552" lon="8.060735">
      </trkpt>
      <trkpt lat="46.402624" lon="8.060788">
      </trkpt>
      <trkpt lat="46.402668" lon="8.060853">
      </trkpt>
      <trkpt lat="46.402776" lon="8.060972">
      </trkpt>
      <trkpt lat="46.402829" lon="8.06105">
      </trkpt>
      <trkpt lat="46.40291" lon="8.061129">
      </trkpt>
      <trkpt lat="46.402936" lon="8.061168">
      </trkpt>
      <trkpt lat="46.40299" lon="8.061221">
      </trkpt>
      <trkpt lat="46.40308" lon="8.0613">
      </trkpt>
      <trkpt lat="46.403133" lon="8.06134">
      </trkpt>
      <trkpt lat="46.403205" lon="8.06138">
      </trkpt>
      <trkpt lat="46.403304" lon="8.06142">
      </trkpt>
      <trkpt lat="46.403366" lon="8.061511">
      </trkpt>
      <trkpt lat="46.40342" lon="8.061564">
      </trkpt>
      <trkpt lat="46.403482" lon="8.061695">
      </trkpt>
      <trkpt lat="46.403581" lon="8.061813">
      </trkpt>
      <trkpt lat="46.40359" lon="8.061826">
      </trkpt>
      <trkpt lat="46.403652" lon="8.061853">
      </trkpt>
      <trkpt lat="46.403715" lon="8.061958">
      </trkpt>
      <trkpt lat="46.403786" lon="8.062049">
      </trkpt>
      <trkpt lat="46.403822" lon="8.062128">
      </trkpt>
      <trkpt lat="46.403848" lon="8.062206">
      </trkpt>
      <trkpt lat="46.403857" lon="8.062232">
      </trkpt>
      <trkpt lat="46.403902" lon="8.062311">
      </trkpt>
      <trkpt lat="46.403964" lon="8.062416">
      </trkpt>
      <trkpt lat="46.404036" lon="8.062507">
      </trkpt>
      <trkpt lat="46.404116" lon="8.06256">
      </trkpt>
      <trkpt lat="46.404179" lon="8.062626">
      </trkpt>
      <trkpt lat="46.404224" lon="8.062666">
      </trkpt>
      <trkpt lat="46.404233" lon="8.062679">
      </trkpt>
      <trkpt lat="46.404259" lon="8.062744">
      </trkpt>
      <trkpt lat="46.404286" lon="8.062757">
      </trkpt>
      <trkpt lat="46.404313" lon="8.06281">
      </trkpt>
      <trkpt lat="46.404322" lon="8.062823">
      </trkpt>
      <trkpt lat="46.404349" lon="8.062823">
      </trkpt>
      <trkpt lat="46.404367" lon="8.062849">
      </trkpt>
      <trkpt lat="46.404402" lon="8.062876">
      </trkpt>
      <trkpt lat="46.404438" lon="8.062902">
      </trkpt>
      <trkpt lat="46.40459" lon="8.063138">
      </trkpt>
      <trkpt lat="46.404608" lon="8.06319">
      </trkpt>
      <trkpt lat="46.404625" lon="8.063229">
      </trkpt>
      <trkpt lat="46.40467" lon="8.063308">
      </trkpt>
      <trkpt lat="46.404733" lon="8.063361">
      </trkpt>
      <trkpt lat="46.404777" lon="8.0634">
      </trkpt>
      <trkpt lat="46.404822" lon="8.063453">
      </trkpt>
      <trkpt lat="46.404885" lon="8.063545">
      </trkpt>
      <trkpt lat="46.405018" lon="8.063702">
      </trkpt>
      <trkpt lat="46.405035" lon="8.063728">
      </trkpt>
      <trkpt lat="46.405062" lon="8.063768">
      </trkpt>
      <trkpt lat="46.405071" lon="8.063768">
      </trkpt>
      <trkpt lat="46.405098" lon="8.063807">
      </trkpt>
      <trkpt lat="46.405107" lon="8.063846">
      </trkpt>
      <trkpt lat="46.405124" lon="8.063924">
      </trkpt>
      <trkpt lat="46.405142" lon="8.063951">
      </trkpt>
      <trkpt lat="46.405232" lon="8.064069">
      </trkpt>
      <trkpt lat="46.405258" lon="8.064095">
      </trkpt>
      <trkpt lat="46.405312" lon="8.064174">
      </trkpt>
      <trkpt lat="46.405348" lon="8.064213">
      </trkpt>
      <trkpt lat="46.405482" lon="8.064397">
      </trkpt>
      <trkpt lat="46.40558" lon="8.064424">
      </trkpt>
      <trkpt lat="46.405625" lon="8.064437">
      </trkpt>
      <trkpt lat="46.405634" lon="8.06445">
      </trkpt>
      <trkpt lat="46.40567" lon="8.064516">
      </trkpt>
      <trkpt lat="46.405714" lon="8.064581">
      </trkpt>
      <trkpt lat="46.405741" lon="8.064595">
      </trkpt>
      <trkpt lat="46.405831" lon="8.064661">
      </trkpt>
      <trkpt lat="46.40592" lon="8.064792">
      </trkpt>
      <trkpt lat="46.405983" lon="8.064819">
      </trkpt>
      <trkpt lat="46.406108" lon="8.064911">
      </trkpt>
      <trkpt lat="46.406153" lon="8.064925">
      </trkpt>
      <trkpt lat="46.406189" lon="8.06499">
      </trkpt>
      <trkpt lat="46.406225" lon="8.065042">
      </trkpt>
      <trkpt lat="46.406261" lon="8.065069">
      </trkpt>
      <trkpt lat="46.406278" lon="8.065082">
      </trkpt>
      <trkpt lat="46.406287" lon="8.065082">
      </trkpt>
      <trkpt lat="46.406296" lon="8.065121">
      </trkpt>
      <trkpt lat="46.406359" lon="8.065213">
      </trkpt>
      <trkpt lat="46.406457" lon="8.065344">
      </trkpt>
      <trkpt lat="46.406475" lon="8.065357">
      </trkpt>
      <trkpt lat="46.40652" lon="8.06541">
      </trkpt>
      <trkpt lat="46.406537" lon="8.065436">
      </trkpt>
      <trkpt lat="46.406618" lon="8.065502">
      </trkpt>
      <trkpt lat="46.406716" lon="8.065594">
      </trkpt>
      <trkpt lat="46.406788" lon="8.065673">
      </trkpt>
      <trkpt lat="46.406815" lon="8.0657">
      </trkpt>
      <trkpt lat="46.406833" lon="8.065713">
      </trkpt>
      <trkpt lat="46.40686" lon="8.065713">
      </trkpt>
      <trkpt lat="46.406905" lon="8.065727">
      </trkpt>
      <trkpt lat="46.406967" lon="8.065753">
      </trkpt>
      <trkpt lat="46.407048" lon="8.065793">
      </trkpt>
      <trkpt lat="46.407147" lon="8.06582">
      </trkpt>
      <trkpt lat="46.407228" lon="8.065808">
      </trkpt>
      <trkpt lat="46.407408" lon="8.065875">
      </trkpt>
      <trkpt lat="46.40747" lon="8.065889">
      </trkpt>
      <trkpt lat="46.407488" lon="8.065889">
      </trkpt>
      <trkpt lat="46.407551" lon="8.065877">
      </trkpt>
      <trkpt lat="46.407587" lon="8.065891">
      </trkpt>
      <trkpt lat="46.407632" lon="8.065891">
      </trkpt>
      <trkpt lat="46.407704" lon="8.065931">
      </trkpt>
      <trkpt lat="46.407776" lon="8.065945">
      </trkpt>
      <trkpt lat="46.407785" lon="8.065945">
      </trkpt>
      <trkpt lat="46.407803" lon="8.065958">
      </trkpt>
      <trkpt lat="46.407848" lon="8.066011">
      </trkpt>
      <trkpt lat="46.407928" lon="8.066025">
      </trkpt>
      <trkpt lat="46.407937" lon="8.066051">
      </trkpt>
      <trkpt lat="46.407946" lon="8.066064">
      </trkpt>
      <trkpt lat="46.407964" lon="8.066064">
      </trkpt>
      <trkpt lat="46.407982" lon="8.066077">
      </trkpt>
      <trkpt lat="46.408117" lon="8.066118">
      </trkpt>
      <trkpt lat="46.408242" lon="8.066197">
      </trkpt>
      <trkpt lat="46.408359" lon="8.066342">
      </trkpt>
      <trkpt lat="46.408439" lon="8.066395">
      </trkpt>
      <trkpt lat="46.408574" lon="8.066487">
      </trkpt>
      <trkpt lat="46.408654" lon="8.066514">
      </trkpt>
      <trkpt lat="46.40869" lon="8.066541">
      </trkpt>
      <trkpt lat="46.408798" lon="8.066542">
      </trkpt>
      <trkpt lat="46.408933" lon="8.066595">
      </trkpt>
      <trkpt lat="46.409005" lon="8.066609">
      </trkpt>
      <trkpt lat="46.409112" lon="8.066662">
      </trkpt>
      <trkpt lat="46.409157" lon="8.066689">
      </trkpt>
      <trkpt lat="46.409229" lon="8.066716">
      </trkpt>
      <trkpt lat="46.409328" lon="8.066769">
      </trkpt>
      <trkpt lat="46.409471" lon="8.066849">
      </trkpt>
      <trkpt lat="46.409507" lon="8.066875">
      </trkpt>
      <trkpt lat="46.409588" lon="8.066928">
      </trkpt>
      <trkpt lat="46.409615" lon="8.066928">
      </trkpt>
      <trkpt lat="46.40965" lon="8.066968">
      </trkpt>
      <trkpt lat="46.409704" lon="8.066981">
      </trkpt>
      <trkpt lat="46.409749" lon="8.067008">
      </trkpt>
      <trkpt lat="46.409785" lon="8.067008">
      </trkpt>
      <trkpt lat="46.409821" lon="8.067035">
      </trkpt>
      <trkpt lat="46.409911" lon="8.067062">
      </trkpt>
      <trkpt lat="46.409983" lon="8.067076">
      </trkpt>
      <trkpt lat="46.410055" lon="8.06709">
      </trkpt>
      <trkpt lat="46.41018" lon="8.067104">
      </trkpt>
      <trkpt lat="46.410261" lon="8.067105">
      </trkpt>
      <trkpt lat="46.410333" lon="8.067119">
      </trkpt>
      <trkpt lat="46.410486" lon="8.067225">
      </trkpt>
      <trkpt lat="46.410639" lon="8.067213">
      </trkpt>
      <trkpt lat="46.410819" lon="8.067228">
      </trkpt>
      <trkpt lat="46.410908" lon="8.067255">
      </trkpt>
      <trkpt lat="46.411043" lon="8.06727">
      </trkpt>
      <trkpt lat="46.411097" lon="8.067284">
      </trkpt>
      <trkpt lat="46.411169" lon="8.067311">
      </trkpt>
      <trkpt lat="46.411241" lon="8.067311">
      </trkpt>
      <trkpt lat="46.411321" lon="8.067377">
      </trkpt>
      <trkpt lat="46.41142" lon="8.067443">
      </trkpt>
      <trkpt lat="46.411473" lon="8.0676">
      </trkpt>
      <trkpt lat="46.411419" lon="8.0676">
      </trkpt>
      <trkpt lat="46.411446" lon="8.067678">
      </trkpt>
      <trkpt lat="46.411455" lon="8.067691">
      </trkpt>
      <trkpt lat="46.411571" lon="8.067757">
      </trkpt>
      <trkpt lat="46.411625" lon="8.06781">
      </trkpt>
      <trkpt lat="46.411723" lon="8.067941">
      </trkpt>
      <trkpt lat="46.411714" lon="8.067967">
      </trkpt>
      <trkpt lat="46.411714" lon="8.06798">
      </trkpt>
      <trkpt lat="46.411821" lon="8.068163">
      </trkpt>
      <trkpt lat="46.411848" lon="8.06819">
      </trkpt>
      <trkpt lat="46.411893" lon="8.06819">
      </trkpt>
      <trkpt lat="46.411955" lon="8.068282">
      </trkpt>
      <trkpt lat="46.412115" lon="8.068635">
      </trkpt>
      <trkpt lat="46.412159" lon="8.068766">
      </trkpt>
      <trkpt lat="46.412302" lon="8.069001">
      </trkpt>
      <trkpt lat="46.412337" lon="8.069093">
      </trkpt>
      <trkpt lat="46.412418" lon="8.069237">
      </trkpt>
      <trkpt lat="46.412471" lon="8.069329">
      </trkpt>
      <trkpt lat="46.412498" lon="8.069368">
      </trkpt>
      <trkpt lat="46.412614" lon="8.069538">
      </trkpt>
      <trkpt lat="46.412667" lon="8.069643">
      </trkpt>
      <trkpt lat="46.412818" lon="8.06984">
      </trkpt>
      <trkpt lat="46.41297" lon="8.069972">
      </trkpt>
      <trkpt lat="46.413104" lon="8.070116">
      </trkpt>
      <trkpt lat="46.41314" lon="8.070182">
      </trkpt>
      <trkpt lat="46.413203" lon="8.07026">
      </trkpt>
      <trkpt lat="46.413274" lon="8.070378">
      </trkpt>
      <trkpt lat="46.41348" lon="8.070602">
      </trkpt>
      <trkpt lat="46.41356" lon="8.070655">
      </trkpt>
      <trkpt lat="46.413694" lon="8.070799">
      </trkpt>
      <trkpt lat="46.413739" lon="8.070865">
      </trkpt>
      <trkpt lat="46.413892" lon="8.070932">
      </trkpt>
      <trkpt lat="46.413963" lon="8.070959">
      </trkpt>
      <trkpt lat="46.414035" lon="8.071025">
      </trkpt>
      <trkpt lat="46.414115" lon="8.071116">
      </trkpt>
      <trkpt lat="46.41425" lon="8.071248">
      </trkpt>
      <trkpt lat="46.41433" lon="8.07134">
      </trkpt>
      <trkpt lat="46.414375" lon="8.07138">
      </trkpt>
      <trkpt lat="46.414429" lon="8.071419">
      </trkpt>
      <trkpt lat="46.414473" lon="8.071485">
      </trkpt>
      <trkpt lat="46.414554" lon="8.071564">
      </trkpt>
      <trkpt lat="46.41476" lon="8.07171">
      </trkpt>
      <trkpt lat="46.41476" lon="8.07171">
      </trkpt>
      <trkpt lat="46.414769" lon="8.07171">
      </trkpt>
      <trkpt lat="46.414796" lon="8.071724">
      </trkpt>
      <trkpt lat="46.414867" lon="8.071764">
      </trkpt>
      <trkpt lat="46.414966" lon="8.071843">
      </trkpt>
      <trkpt lat="46.415064" lon="8.071922">
      </trkpt>
      <trkpt lat="46.4151" lon="8.071948">
      </trkpt>
      <trkpt lat="46.415118" lon="8.071962">
      </trkpt>
      <trkpt lat="46.415136" lon="8.071975">
      </trkpt>
      <trkpt lat="46.415172" lon="8.072001">
      </trkpt>
      <trkpt lat="46.41519" lon="8.072014">
      </trkpt>
      <trkpt lat="46.415289" lon="8.072055">
      </trkpt>
      <trkpt lat="46.415342" lon="8.072094">
      </trkpt>
      <trkpt lat="46.415369" lon="8.072095">
      </trkpt>
      <trkpt lat="46.415405" lon="8.072134">
      </trkpt>
      <trkpt lat="46.415423" lon="8.072147">
      </trkpt>
      <trkpt lat="46.415468" lon="8.072187">
      </trkpt>
      <trkpt lat="46.415557" lon="8.072253">
      </trkpt>
      <trkpt lat="46.415647" lon="8.072293">
      </trkpt>
      <trkpt lat="46.41571" lon="8.072307">
      </trkpt>
      <trkpt lat="46.415755" lon="8.072281">
      </trkpt>
      <trkpt lat="46.415791" lon="8.072269">
      </trkpt>
      <trkpt lat="46.415908" lon="8.072244">
      </trkpt>
      <trkpt lat="46.415935" lon="8.072244">
      </trkpt>
      <trkpt lat="46.415989" lon="8.072232">
      </trkpt>
      <trkpt lat="46.416043" lon="8.072233">
      </trkpt>
      <trkpt lat="46.416133" lon="8.072247">
      </trkpt>
      <trkpt lat="46.416151" lon="8.072247">
      </trkpt>
      <trkpt lat="46.416178" lon="8.072247">
      </trkpt>
      <trkpt lat="46.416232" lon="8.072274">
      </trkpt>
      <trkpt lat="46.416259" lon="8.072274">
      </trkpt>
      <trkpt lat="46.416277" lon="8.072287">
      </trkpt>
      <trkpt lat="46.416304" lon="8.072314">
      </trkpt>
      <trkpt lat="46.416322" lon="8.072301">
      </trkpt>
      <trkpt lat="46.416385" lon="8.072341">
      </trkpt>
      <trkpt lat="46.416465" lon="8.072355">
      </trkpt>
      <trkpt lat="46.416546" lon="8.072368">
      </trkpt>
      <trkpt lat="46.416564" lon="8.072369">
      </trkpt>
      <trkpt lat="46.416609" lon="8.072395">
      </trkpt>
      <trkpt lat="46.416699" lon="8.072422">
      </trkpt>
      <trkpt lat="46.416726" lon="8.072423">
      </trkpt>
      <trkpt lat="46.416771" lon="8.072423">
      </trkpt>
      <trkpt lat="46.416798" lon="8.072436">
      </trkpt>
      <trkpt lat="46.416852" lon="8.07245">
      </trkpt>
      <trkpt lat="46.416888" lon="8.072464">
      </trkpt>
      <trkpt lat="46.416915" lon="8.072477">
      </trkpt>
      <trkpt lat="46.416933" lon="8.072477">
      </trkpt>
      <trkpt lat="46.416968" lon="8.07249">
      </trkpt>
      <trkpt lat="46.417031" lon="8.07253">
      </trkpt>
      <trkpt lat="46.417094" lon="8.072544">
      </trkpt>
      <trkpt lat="46.417139" lon="8.072557">
      </trkpt>
      <trkpt lat="46.417292" lon="8.072624">
      </trkpt>
      <trkpt lat="46.417354" lon="8.072638">
      </trkpt>
      <trkpt lat="46.417408" lon="8.072652">
      </trkpt>
      <trkpt lat="46.417507" lon="8.072705">
      </trkpt>
      <trkpt lat="46.417579" lon="8.072745">
      </trkpt>
      <trkpt lat="46.417615" lon="8.072758">
      </trkpt>
      <trkpt lat="46.41766" lon="8.072772">
      </trkpt>
      <trkpt lat="46.417741" lon="8.07276">
      </trkpt>
      <trkpt lat="46.417795" lon="8.07276">
      </trkpt>
      <trkpt lat="46.41784" lon="8.072761">
      </trkpt>
      <trkpt lat="46.41792" lon="8.072762">
      </trkpt>
      <trkpt lat="46.417938" lon="8.072775">
      </trkpt>
      <trkpt lat="46.418001" lon="8.072763">
      </trkpt>
      <trkpt lat="46.418028" lon="8.072776">
      </trkpt>
      <trkpt lat="46.4181" lon="8.072816">
      </trkpt>
      <trkpt lat="46.418181" lon="8.072869">
      </trkpt>
      <trkpt lat="46.418217" lon="8.072882">
      </trkpt>
      <trkpt lat="46.418271" lon="8.072896">
      </trkpt>
      <trkpt lat="46.418342" lon="8.072936">
      </trkpt>
      <trkpt lat="46.418477" lon="8.072976">
      </trkpt>
      <trkpt lat="46.418549" lon="8.073016">
      </trkpt>
      <trkpt lat="46.418594" lon="8.073017">
      </trkpt>
      <trkpt lat="46.418612" lon="8.07303">
      </trkpt>
      <trkpt lat="46.41863" lon="8.073056">
      </trkpt>
      <trkpt lat="46.418674" lon="8.073096">
      </trkpt>
      <trkpt lat="46.418737" lon="8.073135">
      </trkpt>
      <trkpt lat="46.418809" lon="8.073175">
      </trkpt>
      <trkpt lat="46.418872" lon="8.073189">
      </trkpt>
      <trkpt lat="46.418952" lon="8.073242">
      </trkpt>
      <trkpt lat="46.418979" lon="8.073281">
      </trkpt>
      <trkpt lat="46.419051" lon="8.073334">
      </trkpt>
      <trkpt lat="46.419096" lon="8.073361">
      </trkpt>
      <trkpt lat="46.419158" lon="8.073388">
      </trkpt>
      <trkpt lat="46.419284" lon="8.073441">
      </trkpt>
      <trkpt lat="46.419347" lon="8.073481">
      </trkpt>
      <trkpt lat="46.419401" lon="8.073507">
      </trkpt>
      <trkpt lat="46.419464" lon="8.073521">
      </trkpt>
      <trkpt lat="46.419509" lon="8.073522">
      </trkpt>
      <trkpt lat="46.419625" lon="8.073614">
      </trkpt>
      <trkpt lat="46.419679" lon="8.073641">
      </trkpt>
      <trkpt lat="46.419742" lon="8.073681">
      </trkpt>
      <trkpt lat="46.419777" lon="8.073707">
      </trkpt>
      <trkpt lat="46.419804" lon="8.07372">
      </trkpt>
      <trkpt lat="46.41984" lon="8.073734">
      </trkpt>
      <trkpt lat="46.419867" lon="8.07376">
      </trkpt>
      <trkpt lat="46.419921" lon="8.073839">
      </trkpt>
      <trkpt lat="46.419965" lon="8.073891">
      </trkpt>
      <trkpt lat="46.42001" lon="8.073931">
      </trkpt>
      <trkpt lat="46.420064" lon="8.073957">
      </trkpt>
      <trkpt lat="46.420109" lon="8.073997">
      </trkpt>
      <trkpt lat="46.420171" lon="8.074024">
      </trkpt>
      <trkpt lat="46.420189" lon="8.074037">
      </trkpt>
      <trkpt lat="46.420279" lon="8.074077">
      </trkpt>
      <trkpt lat="46.420315" lon="8.074103">
      </trkpt>
      <trkpt lat="46.420333" lon="8.074143">
      </trkpt>
      <trkpt lat="46.420351" lon="8.074169">
      </trkpt>
      <trkpt lat="46.420377" lon="8.074195">
      </trkpt>
      <trkpt lat="46.420404" lon="8.074222">
      </trkpt>
      <trkpt lat="46.420458" lon="8.074235">
      </trkpt>
      <trkpt lat="46.420494" lon="8.074249">
      </trkpt>
      <trkpt lat="46.420494" lon="8.074249">
      </trkpt>
      <trkpt lat="46.420574" lon="8.074367">
      </trkpt>
      <trkpt lat="46.420619" lon="8.074419">
      </trkpt>
      <trkpt lat="46.420646" lon="8.074433">
      </trkpt>
      <trkpt lat="46.420646" lon="8.074433">
      </trkpt>
      <trkpt lat="46.420726" lon="8.074512">
      </trkpt>
      <trkpt lat="46.420762" lon="8.074564">
      </trkpt>
      <trkpt lat="46.420798" lon="8.07459">
      </trkpt>
      <trkpt lat="46.420834" lon="8.074617">
      </trkpt>
      <trkpt lat="46.420914" lon="8.074683">
      </trkpt>
      <trkpt lat="46.420932" lon="8.074696">
      </trkpt>
      <trkpt lat="46.421031" lon="8.074788">
      </trkpt>
      <trkpt lat="46.42121" lon="8.074973">
      </trkpt>
      <trkpt lat="46.421335" lon="8.075065">
      </trkpt>
      <trkpt lat="46.421398" lon="8.075131">
      </trkpt>
      <trkpt lat="46.421523" lon="8.075275">
      </trkpt>
      <trkpt lat="46.421621" lon="8.075368">
      </trkpt>
      <trkpt lat="46.421657" lon="8.075433">
      </trkpt>
      <trkpt lat="46.421701" lon="8.075551">
      </trkpt>
      <trkpt lat="46.421728" lon="8.075564">
      </trkpt>
      <trkpt lat="46.421746" lon="8.07559">
      </trkpt>
      <trkpt lat="46.421773" lon="8.075617">
      </trkpt>
      <trkpt lat="46.421809" lon="8.075604">
      </trkpt>
      <trkpt lat="46.421827" lon="8.07563">
      </trkpt>
      <trkpt lat="46.421854" lon="8.075604">
      </trkpt>
      <trkpt lat="46.421881" lon="8.075592">
      </trkpt>
      <trkpt lat="46.421899" lon="8.075592">
      </trkpt>
      <trkpt lat="46.421926" lon="8.075605">
      </trkpt>
      <trkpt lat="46.421953" lon="8.075645">
      </trkpt>
      <trkpt lat="46.42197" lon="8.075684">
      </trkpt>
      <trkpt lat="46.421979" lon="8.075736">
      </trkpt>
      <trkpt lat="46.42197" lon="8.075762">
      </trkpt>
      <trkpt lat="46.421979" lon="8.075788">
      </trkpt>
      <trkpt lat="46.421997" lon="8.075814">
      </trkpt>
      <trkpt lat="46.422023" lon="8.075841">
      </trkpt>
      <trkpt lat="46.422041" lon="8.075893">
      </trkpt>
      <trkpt lat="46.422059" lon="8.075958">
      </trkpt>
      <trkpt lat="46.42213" lon="8.076063">
      </trkpt>
      <trkpt lat="46.422246" lon="8.076181">
      </trkpt>
      <trkpt lat="46.422318" lon="8.076247">
      </trkpt>
      <trkpt lat="46.422434" lon="8.07634">
      </trkpt>
      <trkpt lat="46.422434" lon="8.076366">
      </trkpt>
      <trkpt lat="46.422398" lon="8.076378">
      </trkpt>
      <trkpt lat="46.422425" lon="8.076431">
      </trkpt>
      <trkpt lat="46.422497" lon="8.076484">
      </trkpt>
      <trkpt lat="46.422604" lon="8.076589">
      </trkpt>
      <trkpt lat="46.422667" lon="8.076616">
      </trkpt>
      <trkpt lat="46.422765" lon="8.076656">
      </trkpt>
      <trkpt lat="46.422837" lon="8.076709">
      </trkpt>
      <trkpt lat="46.422882" lon="8.076761">
      </trkpt>
      <trkpt lat="46.422945" lon="8.076801">
      </trkpt>
      <trkpt lat="46.422998" lon="8.076828">
      </trkpt>
      <trkpt lat="46.423034" lon="8.076841">
      </trkpt>
      <trkpt lat="46.423079" lon="8.076881">
      </trkpt>
      <trkpt lat="46.423106" lon="8.076907">
      </trkpt>
      <trkpt lat="46.423186" lon="8.077064">
      </trkpt>
      <trkpt lat="46.423284" lon="8.077208">
      </trkpt>
      <trkpt lat="46.42332" lon="8.077248">
      </trkpt>
      <trkpt lat="46.423391" lon="8.077353">
      </trkpt>
      <trkpt lat="46.423454" lon="8.077431">
      </trkpt>
      <trkpt lat="46.423498" lon="8.077523">
      </trkpt>
      <trkpt lat="46.423525" lon="8.077536">
      </trkpt>
      <trkpt lat="46.423561" lon="8.077602">
      </trkpt>
      <trkpt lat="46.423623" lon="8.077668">
      </trkpt>
      <trkpt lat="46.423623" lon="8.077707">
      </trkpt>
      <trkpt lat="46.423551" lon="8.077784">
      </trkpt>
      <trkpt lat="46.423524" lon="8.077823">
      </trkpt>
      <trkpt lat="46.423524" lon="8.077823">
      </trkpt>
      <trkpt lat="46.423532" lon="8.077836">
      </trkpt>
      <trkpt lat="46.423577" lon="8.077836">
      </trkpt>
      <trkpt lat="46.423613" lon="8.077837">
      </trkpt>
      <trkpt lat="46.423712" lon="8.07789">
      </trkpt>
      <trkpt lat="46.423748" lon="8.077929">
      </trkpt>
      <trkpt lat="46.423757" lon="8.077955">
      </trkpt>
      <trkpt lat="46.423792" lon="8.078047">
      </trkpt>
      <trkpt lat="46.423801" lon="8.07806">
      </trkpt>
      <trkpt lat="46.423864" lon="8.0781">
      </trkpt>
      <trkpt lat="46.4239" lon="8.0781">
      </trkpt>
      <trkpt lat="46.423936" lon="8.078127">
      </trkpt>
      <trkpt lat="46.423962" lon="8.078166">
      </trkpt>
      <trkpt lat="46.42398" lon="8.078192">
      </trkpt>
      <trkpt lat="46.423989" lon="8.078231">
      </trkpt>
      <trkpt lat="46.42398" lon="8.078296">
      </trkpt>
      <trkpt lat="46.42397" lon="8.078348">
      </trkpt>
      <trkpt lat="46.423961" lon="8.078465">
      </trkpt>
      <trkpt lat="46.423961" lon="8.078465">
      </trkpt>
      <trkpt lat="46.423907" lon="8.078438">
      </trkpt>
      <trkpt lat="46.423853" lon="8.078425">
      </trkpt>
      <trkpt lat="46.423826" lon="8.078451">
      </trkpt>
      <trkpt lat="46.423826" lon="8.078516">
      </trkpt>
      <trkpt lat="46.423843" lon="8.078555">
      </trkpt>
      <trkpt lat="46.42387" lon="8.078594">
      </trkpt>
      <trkpt lat="46.423906" lon="8.078608">
      </trkpt>
      <trkpt lat="46.423987" lon="8.078648">
      </trkpt>
      <trkpt lat="46.424067" lon="8.078688">
      </trkpt>
      <trkpt lat="46.424148" lon="8.078714">
      </trkpt>
      <trkpt lat="46.424211" lon="8.078741">
      </trkpt>
      <trkpt lat="46.424256" lon="8.078755">
      </trkpt>
      <trkpt lat="46.42431" lon="8.078807">
      </trkpt>
      <trkpt lat="46.424336" lon="8.078873">
      </trkpt>
      <trkpt lat="46.424363" lon="8.078951">
      </trkpt>
      <trkpt lat="46.424398" lon="8.079017">
      </trkpt>
      <trkpt lat="46.424488" lon="8.079083">
      </trkpt>
      <trkpt lat="46.424559" lon="8.079175">
      </trkpt>
      <trkpt lat="46.424604" lon="8.079214">
      </trkpt>
      <trkpt lat="46.424658" lon="8.079254">
      </trkpt>
      <trkpt lat="46.424703" lon="8.079267">
      </trkpt>
      <trkpt lat="46.424775" lon="8.079294">
      </trkpt>
      <trkpt lat="46.424784" lon="8.079307">
      </trkpt>
      <trkpt lat="46.424837" lon="8.079399">
      </trkpt>
      <trkpt lat="46.424882" lon="8.079452">
      </trkpt>
      <trkpt lat="46.424944" lon="8.079634">
      </trkpt>
      <trkpt lat="46.424961" lon="8.079674">
      </trkpt>
      <trkpt lat="46.424988" lon="8.079739">
      </trkpt>
      <trkpt lat="46.424997" lon="8.07983">
      </trkpt>
      <trkpt lat="46.425014" lon="8.079856">
      </trkpt>
      <trkpt lat="46.425014" lon="8.079869">
      </trkpt>
      <trkpt lat="46.424996" lon="8.079921">
      </trkpt>
      <trkpt lat="46.424987" lon="8.079973">
      </trkpt>
      <trkpt lat="46.424986" lon="8.080038">
      </trkpt>
      <trkpt lat="46.424968" lon="8.080077">
      </trkpt>
      <trkpt lat="46.424932" lon="8.080077">
      </trkpt>
      <trkpt lat="46.424905" lon="8.080089">
      </trkpt>
      <trkpt lat="46.424905" lon="8.080141">
      </trkpt>
      <trkpt lat="46.424922" lon="8.080233">
      </trkpt>
      <trkpt lat="46.424958" lon="8.080298">
      </trkpt>
      <trkpt lat="46.424985" lon="8.080311">
      </trkpt>
      <trkpt lat="46.42503" lon="8.080312">
      </trkpt>
      <trkpt lat="46.425111" lon="8.080261">
      </trkpt>
      <trkpt lat="46.425147" lon="8.080287">
      </trkpt>
      <trkpt lat="46.425201" lon="8.080314">
      </trkpt>
      <trkpt lat="46.425264" lon="8.080341">
      </trkpt>
      <trkpt lat="46.425263" lon="8.080367">
      </trkpt>
      <trkpt lat="46.425272" lon="8.080406">
      </trkpt>
      <trkpt lat="46.42529" lon="8.080445">
      </trkpt>
      <trkpt lat="46.425308" lon="8.080458">
      </trkpt>
      <trkpt lat="46.425344" lon="8.080472">
      </trkpt>
      <trkpt lat="46.425371" lon="8.080498">
      </trkpt>
      <trkpt lat="46.425352" lon="8.080537">
      </trkpt>
      <trkpt lat="46.425361" lon="8.080589">
      </trkpt>
      <trkpt lat="46.425289" lon="8.080653">
      </trkpt>
      <trkpt lat="46.425288" lon="8.080705">
      </trkpt>
      <trkpt lat="46.425297" lon="8.080731">
      </trkpt>
      <trkpt lat="46.425333" lon="8.080784">
      </trkpt>
      <trkpt lat="46.42536" lon="8.08081">
      </trkpt>
      <trkpt lat="46.425378" lon="8.080849">
      </trkpt>
      <trkpt lat="46.425386" lon="8.080915">
      </trkpt>
      <trkpt lat="46.425386" lon="8.081045">
      </trkpt>
      <trkpt lat="46.425403" lon="8.081136">
      </trkpt>
      <trkpt lat="46.42543" lon="8.081188">
      </trkpt>
      <trkpt lat="46.425457" lon="8.081215">
      </trkpt>
      <trkpt lat="46.425501" lon="8.081267">
      </trkpt>
      <trkpt lat="46.425519" lon="8.081293">
      </trkpt>
      <trkpt lat="46.425537" lon="8.081385">
      </trkpt>
      <trkpt lat="46.425545" lon="8.081411">
      </trkpt>
      <trkpt lat="46.425545" lon="8.081437">
      </trkpt>
      <trkpt lat="46.425563" lon="8.081411">
      </trkpt>
      <trkpt lat="46.425572" lon="8.081411">
      </trkpt>
      <trkpt lat="46.42559" lon="8.081398">
      </trkpt>
      <trkpt lat="46.425626" lon="8.081399">
      </trkpt>
      <trkpt lat="46.425671" lon="8.081425">
      </trkpt>
      <trkpt lat="46.425707" lon="8.081504">
      </trkpt>
      <trkpt lat="46.425778" lon="8.08157">
      </trkpt>
      <trkpt lat="46.425841" lon="8.081583">
      </trkpt>
      <trkpt lat="46.425868" lon="8.081636">
      </trkpt>
      <trkpt lat="46.425904" lon="8.081688">
      </trkpt>
      <trkpt lat="46.425931" lon="8.081689">
      </trkpt>
      <trkpt lat="46.425976" lon="8.081689">
      </trkpt>
      <trkpt lat="46.426029" lon="8.081716">
      </trkpt>
      <trkpt lat="46.426083" lon="8.081781">
      </trkpt>
      <trkpt lat="46.426128" lon="8.081821">
      </trkpt>
      <trkpt lat="46.426226" lon="8.081887">
      </trkpt>
      <trkpt lat="46.42628" lon="8.081992">
      </trkpt>
      <trkpt lat="46.426306" lon="8.082083">
      </trkpt>
      <trkpt lat="46.426342" lon="8.082162">
      </trkpt>
      <trkpt lat="46.426395" lon="8.082214">
      </trkpt>
      <trkpt lat="46.426432" lon="8.082189">
      </trkpt>
      <trkpt lat="46.426468" lon="8.082098">
      </trkpt>
      <trkpt lat="46.426486" lon="8.082111">
      </trkpt>
      <trkpt lat="46.426521" lon="8.082203">
      </trkpt>
      <trkpt lat="46.426584" lon="8.082308">
      </trkpt>
      <trkpt lat="46.426611" lon="8.082347">
      </trkpt>
      <trkpt lat="46.42662" lon="8.082321">
      </trkpt>
      <trkpt lat="46.426629" lon="8.082282">
      </trkpt>
      <trkpt lat="46.426665" lon="8.082322">
      </trkpt>
      <trkpt lat="46.426674" lon="8.08227">
      </trkpt>
      <trkpt lat="46.426692" lon="8.082257">
      </trkpt>
      <trkpt lat="46.42671" lon="8.082244">
      </trkpt>
      <trkpt lat="46.426755" lon="8.082284">
      </trkpt>
      <trkpt lat="46.426791" lon="8.082336">
      </trkpt>
      <trkpt lat="46.426817" lon="8.082402">
      </trkpt>
      <trkpt lat="46.426835" lon="8.082428">
      </trkpt>
      <trkpt lat="46.426853" lon="8.082415">
      </trkpt>
      <trkpt lat="46.426845" lon="8.082298">
      </trkpt>
      <trkpt lat="46.426845" lon="8.082246">
      </trkpt>
      <trkpt lat="46.426836" lon="8.08222">
      </trkpt>
      <trkpt lat="46.426845" lon="8.082194">
      </trkpt>
      <trkpt lat="46.426881" lon="8.082194">
      </trkpt>
      <trkpt lat="46.426926" lon="8.082208">
      </trkpt>
      <trkpt lat="46.426935" lon="8.082221">
      </trkpt>
      <trkpt lat="46.426962" lon="8.08226">
      </trkpt>
      <trkpt lat="46.42698" lon="8.082299">
      </trkpt>
      <trkpt lat="46.427007" lon="8.082313">
      </trkpt>
      <trkpt lat="46.426997" lon="8.082352">
      </trkpt>
      <trkpt lat="46.426997" lon="8.082378">
      </trkpt>
      <trkpt lat="46.427025" lon="8.082326">
      </trkpt>
      <trkpt lat="46.427025" lon="8.0823">
      </trkpt>
      <trkpt lat="46.427052" lon="8.0823">
      </trkpt>
      <trkpt lat="46.42707" lon="8.082288">
      </trkpt>
      <trkpt lat="46.427079" lon="8.082249">
      </trkpt>
      <trkpt lat="46.427097" lon="8.082262">
      </trkpt>
      <trkpt lat="46.427097" lon="8.082314">
      </trkpt>
      <trkpt lat="46.427087" lon="8.082353">
      </trkpt>
      <trkpt lat="46.427078" lon="8.082392">
      </trkpt>
      <trkpt lat="46.427087" lon="8.082392">
      </trkpt>
      <trkpt lat="46.427096" lon="8.082405">
      </trkpt>
      <trkpt lat="46.427087" lon="8.082431">
      </trkpt>
      <trkpt lat="46.427114" lon="8.082496">
      </trkpt>
      <trkpt lat="46.427158" lon="8.082549">
      </trkpt>
      <trkpt lat="46.427194" lon="8.082562">
      </trkpt>
      <trkpt lat="46.427284" lon="8.082563">
      </trkpt>
      <trkpt lat="46.427347" lon="8.082603">
      </trkpt>
      <trkpt lat="46.427374" lon="8.082577">
      </trkpt>
      <trkpt lat="46.427419" lon="8.082526">
      </trkpt>
      <trkpt lat="46.427464" lon="8.082578">
      </trkpt>
      <trkpt lat="46.427518" lon="8.082631">
      </trkpt>
      <trkpt lat="46.427562" lon="8.082723">
      </trkpt>
      <trkpt lat="46.427624" lon="8.082814">
      </trkpt>
      <trkpt lat="46.427732" lon="8.082894">
      </trkpt>
      <trkpt lat="46.427902" lon="8.083039">
      </trkpt>
      <trkpt lat="46.428009" lon="8.083183">
      </trkpt>
      <trkpt lat="46.428153" lon="8.083276">
      </trkpt>
      <trkpt lat="46.428233" lon="8.083316">
      </trkpt>
      <trkpt lat="46.428431" lon="8.083449">
      </trkpt>
      <trkpt lat="46.428502" lon="8.083488">
      </trkpt>
      <trkpt lat="46.428592" lon="8.083555">
      </trkpt>
      <trkpt lat="46.428619" lon="8.083568">
      </trkpt>
      <trkpt lat="46.428673" lon="8.083555">
      </trkpt>
      <trkpt lat="46.428709" lon="8.083556">
      </trkpt>
      <trkpt lat="46.428808" lon="8.08357">
      </trkpt>
      <trkpt lat="46.428844" lon="8.083558">
      </trkpt>
      <trkpt lat="46.428719" lon="8.083426">
      </trkpt>
      <trkpt lat="46.42863" lon="8.083243">
      </trkpt>
      <trkpt lat="46.428603" lon="8.08319">
      </trkpt>
      <trkpt lat="46.428594" lon="8.083151">
      </trkpt>
      <trkpt lat="46.428594" lon="8.083138">
      </trkpt>
      <trkpt lat="46.428612" lon="8.083138">
      </trkpt>
      <trkpt lat="46.42863" lon="8.083139">
      </trkpt>
      <trkpt lat="46.428639" lon="8.083139">
      </trkpt>
      <trkpt lat="46.428657" lon="8.083126">
      </trkpt>
      <trkpt lat="46.428622" lon="8.083021">
      </trkpt>
      <trkpt lat="46.428604" lon="8.082969">
      </trkpt>
      <trkpt lat="46.428586" lon="8.082917">
      </trkpt>
      <trkpt lat="46.42856" lon="8.082813">
      </trkpt>
      <trkpt lat="46.428525" lon="8.082695">
      </trkpt>
      <trkpt lat="46.428525" lon="8.082643">
      </trkpt>
      <trkpt lat="46.428534" lon="8.08263">
      </trkpt>
      <trkpt lat="46.428552" lon="8.082643">
      </trkpt>
      <trkpt lat="46.428588" lon="8.08267">
      </trkpt>
      <trkpt lat="46.428642" lon="8.082709">
      </trkpt>
      <trkpt lat="46.428686" lon="8.082736">
      </trkpt>
      <trkpt lat="46.42874" lon="8.082763">
      </trkpt>
      <trkpt lat="46.428821" lon="8.08279">
      </trkpt>
      <trkpt lat="46.428902" lon="8.082791">
      </trkpt>
      <trkpt lat="46.428938" lon="8.082804">
      </trkpt>
      <trkpt lat="46.429001" lon="8.082805">
      </trkpt>
      <trkpt lat="46.4291" lon="8.082793">
      </trkpt>
      <trkpt lat="46.429244" lon="8.082808">
      </trkpt>
      <trkpt lat="46.429316" lon="8.082809">
      </trkpt>
      <trkpt lat="46.429316" lon="8.082809">
      </trkpt>
      <trkpt lat="46.429334" lon="8.082822">
      </trkpt>
      <trkpt lat="46.429334" lon="8.082822">
      </trkpt>
      <trkpt lat="46.429378" lon="8.082848">
      </trkpt>
      <trkpt lat="46.429378" lon="8.082848">
      </trkpt>
      <trkpt lat="46.42945" lon="8.082914">
      </trkpt>
      <trkpt lat="46.429504" lon="8.082941">
      </trkpt>
      <trkpt lat="46.429504" lon="8.082941">
      </trkpt>
      <trkpt lat="46.42954" lon="8.082954">
      </trkpt>
      <trkpt lat="46.429629" lon="8.083007">
      </trkpt>
      <trkpt lat="46.429719" lon="8.083061">
      </trkpt>
      <trkpt lat="46.429755" lon="8.083087">
      </trkpt>
      <trkpt lat="46.429836" lon="8.083114">
      </trkpt>
      <trkpt lat="46.429908" lon="8.083154">
      </trkpt>
      <trkpt lat="46.429988" lon="8.083207">
      </trkpt>
      <trkpt lat="46.430033" lon="8.083207">
      </trkpt>
      <trkpt lat="46.430078" lon="8.083234">
      </trkpt>
      <trkpt lat="46.430141" lon="8.083274">
      </trkpt>
      <trkpt lat="46.430194" lon="8.083313">
      </trkpt>
      <trkpt lat="46.430239" lon="8.08334">
      </trkpt>
      <trkpt lat="46.430293" lon="8.08338">
      </trkpt>
      <trkpt lat="46.430356" lon="8.083406">
      </trkpt>
      <trkpt lat="46.43041" lon="8.083459">
      </trkpt>
      <trkpt lat="46.430454" lon="8.083486">
      </trkpt>
      <trkpt lat="46.430499" lon="8.083538">
      </trkpt>
      <trkpt lat="46.430553" lon="8.083604">
      </trkpt>
      <trkpt lat="46.43058" lon="8.083617">
      </trkpt>
      <trkpt lat="46.430651" lon="8.083696">
      </trkpt>
      <trkpt lat="46.430714" lon="8.083749">
      </trkpt>
      <trkpt lat="46.430732" lon="8.083775">
      </trkpt>
      <trkpt lat="46.430785" lon="8.083854">
      </trkpt>
      <trkpt lat="46.430839" lon="8.083906">
      </trkpt>
      <trkpt lat="46.430901" lon="8.083985">
      </trkpt>
      <trkpt lat="46.430946" lon="8.084025">
      </trkpt>
      <trkpt lat="46.430982" lon="8.084077">
      </trkpt>
      <trkpt lat="46.431" lon="8.084117">
      </trkpt>
      <trkpt lat="46.431062" lon="8.084169">
      </trkpt>
      <trkpt lat="46.431089" lon="8.084196">
      </trkpt>
      <trkpt lat="46.431107" lon="8.084209">
      </trkpt>
      <trkpt lat="46.43117" lon="8.084262">
      </trkpt>
      <trkpt lat="46.431214" lon="8.084288">
      </trkpt>
      <trkpt lat="46.431268" lon="8.084302">
      </trkpt>
      <trkpt lat="46.431304" lon="8.084315">
      </trkpt>
      <trkpt lat="46.431358" lon="8.084368">
      </trkpt>
      <trkpt lat="46.431385" lon="8.084394">
      </trkpt>
      <trkpt lat="46.431421" lon="8.084408">
      </trkpt>
      <trkpt lat="46.431502" lon="8.084435">
      </trkpt>
      <trkpt lat="46.431591" lon="8.08454">
      </trkpt>
      <trkpt lat="46.431645" lon="8.08458">
      </trkpt>
      <trkpt lat="46.431761" lon="8.084659">
      </trkpt>
      <trkpt lat="46.431815" lon="8.084725">
      </trkpt>
      <trkpt lat="46.431886" lon="8.084778">
      </trkpt>
      <trkpt lat="46.431958" lon="8.084818">
      </trkpt>
      <trkpt lat="46.43203" lon="8.084831">
      </trkpt>
      <trkpt lat="46.432102" lon="8.084845">
      </trkpt>
      <trkpt lat="46.432192" lon="8.084846">
      </trkpt>
      <trkpt lat="46.432327" lon="8.084835">
      </trkpt>
      <trkpt lat="46.43239" lon="8.084836">
      </trkpt>
      <trkpt lat="46.432516" lon="8.084824">
      </trkpt>
      <trkpt lat="46.432561" lon="8.084799">
      </trkpt>
      <trkpt lat="46.432615" lon="8.084799">
      </trkpt>
      <trkpt lat="46.432714" lon="8.084827">
      </trkpt>
      <trkpt lat="46.432795" lon="8.084827">
      </trkpt>
      <trkpt lat="46.43284" lon="8.084828">
      </trkpt>
      <trkpt lat="46.432902" lon="8.084881">
      </trkpt>
      <trkpt lat="46.432983" lon="8.084908">
      </trkpt>
      <trkpt lat="46.433037" lon="8.084947">
      </trkpt>
      <trkpt lat="46.433082" lon="8.084961">
      </trkpt>
      <trkpt lat="46.433082" lon="8.084961">
      </trkpt>
      <trkpt lat="46.433127" lon="8.084988">
      </trkpt>
      <trkpt lat="46.433127" lon="8.084988">
      </trkpt>
      <trkpt lat="46.433154" lon="8.085001">
      </trkpt>
      <trkpt lat="46.433216" lon="8.085028">
      </trkpt>
      <trkpt lat="46.43327" lon="8.085041">
      </trkpt>
      <trkpt lat="46.433315" lon="8.085055">
      </trkpt>
      <trkpt lat="46.433369" lon="8.085082">
      </trkpt>
      <trkpt lat="46.433414" lon="8.085095">
      </trkpt>
      <trkpt lat="46.433477" lon="8.085122">
      </trkpt>
      <trkpt lat="46.433522" lon="8.085148">
      </trkpt>
      <trkpt lat="46.433593" lon="8.085201">
      </trkpt>
      <trkpt lat="46.433683" lon="8.085306">
      </trkpt>
      <trkpt lat="46.433745" lon="8.085346">
      </trkpt>
      <trkpt lat="46.433817" lon="8.08536">
      </trkpt>
      <trkpt lat="46.433907" lon="8.085413">
      </trkpt>
      <trkpt lat="46.434006" lon="8.08544">
      </trkpt>
      <trkpt lat="46.434059" lon="8.08548">
      </trkpt>
      <trkpt lat="46.434113" lon="8.085533">
      </trkpt>
      <trkpt lat="46.434167" lon="8.085559">
      </trkpt>
      <trkpt lat="46.434212" lon="8.085586">
      </trkpt>
      <trkpt lat="46.434293" lon="8.085574">
      </trkpt>
      <trkpt lat="46.434347" lon="8.085588">
      </trkpt>
      <trkpt lat="46.434428" lon="8.085589">
      </trkpt>
      <trkpt lat="46.434481" lon="8.085615">
      </trkpt>
      <trkpt lat="46.434544" lon="8.085668">
      </trkpt>
      <trkpt lat="46.434634" lon="8.085695">
      </trkpt>
      <trkpt lat="46.434715" lon="8.085748">
      </trkpt>
      <trkpt lat="46.434769" lon="8.085736">
      </trkpt>
      <trkpt lat="46.434823" lon="8.085736">
      </trkpt>
      <trkpt lat="46.434894" lon="8.085776">
      </trkpt>
      <trkpt lat="46.434975" lon="8.085777">
      </trkpt>
      <trkpt lat="46.435056" lon="8.085817">
      </trkpt>
      <trkpt lat="46.435137" lon="8.085818">
      </trkpt>
      <trkpt lat="46.435236" lon="8.085858">
      </trkpt>
      <trkpt lat="46.435298" lon="8.085898">
      </trkpt>
      <trkpt lat="46.435415" lon="8.0859">
      </trkpt>
      <trkpt lat="46.435487" lon="8.0859">
      </trkpt>
      <trkpt lat="46.435604" lon="8.085928">
      </trkpt>
      <trkpt lat="46.435739" lon="8.085916">
      </trkpt>
      <trkpt lat="46.435802" lon="8.08593">
      </trkpt>
      <trkpt lat="46.435874" lon="8.085931">
      </trkpt>
      <trkpt lat="46.435982" lon="8.085906">
      </trkpt>
      <trkpt lat="46.43609" lon="8.085947">
      </trkpt>
      <trkpt lat="46.436144" lon="8.085986">
      </trkpt>
      <trkpt lat="46.436197" lon="8.086">
      </trkpt>
      <trkpt lat="46.436242" lon="8.08604">
      </trkpt>
      <trkpt lat="46.436287" lon="8.086053">
      </trkpt>
      <trkpt lat="46.436341" lon="8.086054">
      </trkpt>
      <trkpt lat="46.436431" lon="8.086094">
      </trkpt>
      <trkpt lat="46.436494" lon="8.086121">
      </trkpt>
      <trkpt lat="46.436539" lon="8.086134">
      </trkpt>
      <trkpt lat="46.436583" lon="8.0862">
      </trkpt>
      <trkpt lat="46.436789" lon="8.086319">
      </trkpt>
      <trkpt lat="46.43696" lon="8.086412">
      </trkpt>
      <trkpt lat="46.437023" lon="8.086426">
      </trkpt>
      <trkpt lat="46.437104" lon="8.086427">
      </trkpt>
      <trkpt lat="46.437184" lon="8.086467">
      </trkpt>
      <trkpt lat="46.437256" lon="8.086494">
      </trkpt>
      <trkpt lat="46.437382" lon="8.086496">
      </trkpt>
      <trkpt lat="46.437427" lon="8.086496">
      </trkpt>
      <trkpt lat="46.437544" lon="8.086576">
      </trkpt>
      <trkpt lat="46.437598" lon="8.086576">
      </trkpt>
      <trkpt lat="46.43766" lon="8.086616">
      </trkpt>
      <trkpt lat="46.437714" lon="8.086643">
      </trkpt>
      <trkpt lat="46.43775" lon="8.086669">
      </trkpt>
      <trkpt lat="46.437804" lon="8.086683">
      </trkpt>
      <trkpt lat="46.437876" lon="8.086697">
      </trkpt>
      <trkpt lat="46.437912" lon="8.086671">
      </trkpt>
      <trkpt lat="46.437984" lon="8.086659">
      </trkpt>
      <trkpt lat="46.438038" lon="8.08666">
      </trkpt>
      <trkpt lat="46.438092" lon="8.086686">
      </trkpt>
      <trkpt lat="46.438155" lon="8.086713">
      </trkpt>
      <trkpt lat="46.438253" lon="8.086727">
      </trkpt>
      <trkpt lat="46.438316" lon="8.086754">
      </trkpt>
      <trkpt lat="46.438379" lon="8.086755">
      </trkpt>
      <trkpt lat="46.438442" lon="8.086795">
      </trkpt>
      <trkpt lat="46.438514" lon="8.086834">
      </trkpt>
      <trkpt lat="46.438559" lon="8.086835">
      </trkpt>
      <trkpt lat="46.438604" lon="8.086822">
      </trkpt>
      <trkpt lat="46.43872" lon="8.086876">
      </trkpt>
      <trkpt lat="46.438747" lon="8.086889">
      </trkpt>
      <trkpt lat="46.438792" lon="8.08689">
      </trkpt>
      <trkpt lat="46.438828" lon="8.086903">
      </trkpt>
      <trkpt lat="46.438855" lon="8.086917">
      </trkpt>
      <trkpt lat="46.438909" lon="8.086956">
      </trkpt>
      <trkpt lat="46.438954" lon="8.08697">
      </trkpt>
      <trkpt lat="46.438999" lon="8.086983">
      </trkpt>
      <trkpt lat="46.43907" lon="8.087023">
      </trkpt>
      <trkpt lat="46.439115" lon="8.087037">
      </trkpt>
      <trkpt lat="46.439151" lon="8.08705">
      </trkpt>
      <trkpt lat="46.439169" lon="8.087089">
      </trkpt>
      <trkpt lat="46.439169" lon="8.087129">
      </trkpt>
      <trkpt lat="46.439186" lon="8.087233">
      </trkpt>
      <trkpt lat="46.439203" lon="8.087337">
      </trkpt>
      <trkpt lat="46.43923" lon="8.087455">
      </trkpt>
      <trkpt lat="46.439247" lon="8.087572">
      </trkpt>
      <trkpt lat="46.439292" lon="8.087768">
      </trkpt>
      <trkpt lat="46.439327" lon="8.087872">
      </trkpt>
      <trkpt lat="46.439354" lon="8.087964">
      </trkpt>
      <trkpt lat="46.439371" lon="8.088081">
      </trkpt>
      <trkpt lat="46.439398" lon="8.088185">
      </trkpt>
      <trkpt lat="46.439424" lon="8.088277">
      </trkpt>
      <trkpt lat="46.43946" lon="8.088355">
      </trkpt>
      <trkpt lat="46.439486" lon="8.088408">
      </trkpt>
      <trkpt lat="46.439504" lon="8.088421">
      </trkpt>
      <trkpt lat="46.439549" lon="8.088434">
      </trkpt>
      <trkpt lat="46.439567" lon="8.088461">
      </trkpt>
      <trkpt lat="46.439585" lon="8.088526">
      </trkpt>
      <trkpt lat="46.439611" lon="8.088617">
      </trkpt>
      <trkpt lat="46.439638" lon="8.088644">
      </trkpt>
      <trkpt lat="46.439683" lon="8.088657">
      </trkpt>
      <trkpt lat="46.439746" lon="8.088671">
      </trkpt>
      <trkpt lat="46.43979" lon="8.088736">
      </trkpt>
      <trkpt lat="46.439817" lon="8.088854">
      </trkpt>
      <trkpt lat="46.439852" lon="8.088945">
      </trkpt>
      <trkpt lat="46.439878" lon="8.089037">
      </trkpt>
      <trkpt lat="46.439914" lon="8.089089">
      </trkpt>
      <trkpt lat="46.439923" lon="8.089141">
      </trkpt>
      <trkpt lat="46.439932" lon="8.089181">
      </trkpt>
      <trkpt lat="46.440003" lon="8.089312">
      </trkpt>
      <trkpt lat="46.44003" lon="8.089364">
      </trkpt>
      <trkpt lat="46.440056" lon="8.089403">
      </trkpt>
      <trkpt lat="46.440065" lon="8.089455">
      </trkpt>
      <trkpt lat="46.440083" lon="8.089495">
      </trkpt>
      <trkpt lat="46.440092" lon="8.089534">
      </trkpt>
      <trkpt lat="46.4401" lon="8.089586">
      </trkpt>
      <trkpt lat="46.4401" lon="8.089638">
      </trkpt>
      <trkpt lat="46.4401" lon="8.089677">
      </trkpt>
      <trkpt lat="46.440117" lon="8.089729">
      </trkpt>
      <trkpt lat="46.440144" lon="8.089782">
      </trkpt>
      <trkpt lat="46.440153" lon="8.089834">
      </trkpt>
      <trkpt lat="46.440179" lon="8.089886">
      </trkpt>
      <trkpt lat="46.440224" lon="8.089965">
      </trkpt>
      <trkpt lat="46.440269" lon="8.090017">
      </trkpt>
      <trkpt lat="46.440322" lon="8.09007">
      </trkpt>
      <trkpt lat="46.440385" lon="8.090149">
      </trkpt>
      <trkpt lat="46.440438" lon="8.090254">
      </trkpt>
      <trkpt lat="46.440474" lon="8.090319">
      </trkpt>
      <trkpt lat="46.440528" lon="8.090359">
      </trkpt>
      <trkpt lat="46.440563" lon="8.090437">
      </trkpt>
      <trkpt lat="46.440581" lon="8.090477">
      </trkpt>
      <trkpt lat="46.440581" lon="8.090516">
      </trkpt>
      <trkpt lat="46.44058" lon="8.090685">
      </trkpt>
      <trkpt lat="46.440552" lon="8.090789">
      </trkpt>
      <trkpt lat="46.440578" lon="8.090945">
      </trkpt>
      <trkpt lat="46.440578" lon="8.091062">
      </trkpt>
      <trkpt lat="46.440577" lon="8.091114">
      </trkpt>
      <trkpt lat="46.440586" lon="8.091166">
      </trkpt>
      <trkpt lat="46.440586" lon="8.091231">
      </trkpt>
      <trkpt lat="46.440586" lon="8.091231">
      </trkpt>
      <trkpt lat="46.440585" lon="8.091271">
      </trkpt>
      <trkpt lat="46.440594" lon="8.091323">
      </trkpt>
      <trkpt lat="46.440576" lon="8.091374">
      </trkpt>
      <trkpt lat="46.440548" lon="8.091426">
      </trkpt>
      <trkpt lat="46.440521" lon="8.091491">
      </trkpt>
      <trkpt lat="46.440494" lon="8.09153">
      </trkpt>
      <trkpt lat="46.440476" lon="8.091581">
      </trkpt>
      <trkpt lat="46.440449" lon="8.091594">
      </trkpt>
      <trkpt lat="46.440421" lon="8.091633">
      </trkpt>
      <trkpt lat="46.440403" lon="8.091659">
      </trkpt>
      <trkpt lat="46.440385" lon="8.091685">
      </trkpt>
      <trkpt lat="46.440375" lon="8.091815">
      </trkpt>
      <trkpt lat="46.440357" lon="8.091866">
      </trkpt>
      <trkpt lat="46.44033" lon="8.091931">
      </trkpt>
      <trkpt lat="46.44032" lon="8.09197">
      </trkpt>
      <trkpt lat="46.440329" lon="8.092022">
      </trkpt>
      <trkpt lat="46.440329" lon="8.092087">
      </trkpt>
      <trkpt lat="46.440337" lon="8.092191">
      </trkpt>
      <trkpt lat="46.440328" lon="8.092256">
      </trkpt>
      <trkpt lat="46.440318" lon="8.092334">
      </trkpt>
      <trkpt lat="46.440308" lon="8.092607">
      </trkpt>
      <trkpt lat="46.440262" lon="8.092737">
      </trkpt>
      <trkpt lat="46.440244" lon="8.092828">
      </trkpt>
      <trkpt lat="46.440188" lon="8.093009">
      </trkpt>
      <trkpt lat="46.440188" lon="8.093179">
      </trkpt>
      <trkpt lat="46.440169" lon="8.093256">
      </trkpt>
      <trkpt lat="46.440133" lon="8.093308">
      </trkpt>
      <trkpt lat="46.440105" lon="8.093386">
      </trkpt>
      <trkpt lat="46.440078" lon="8.093438">
      </trkpt>
      <trkpt lat="46.439996" lon="8.093593">
      </trkpt>
      <trkpt lat="46.439978" lon="8.093632">
      </trkpt>
      <trkpt lat="46.439986" lon="8.093723">
      </trkpt>
      <trkpt lat="46.439968" lon="8.093788">
      </trkpt>
      <trkpt lat="46.439922" lon="8.093982">
      </trkpt>
      <trkpt lat="46.439922" lon="8.094034">
      </trkpt>
      <trkpt lat="46.439903" lon="8.094086">
      </trkpt>
      <trkpt lat="46.439876" lon="8.094229">
      </trkpt>
      <trkpt lat="46.439875" lon="8.094307">
      </trkpt>
      <trkpt lat="46.439866" lon="8.094398">
      </trkpt>
      <trkpt lat="46.439856" lon="8.094502">
      </trkpt>
      <trkpt lat="46.439838" lon="8.09458">
      </trkpt>
      <trkpt lat="46.439828" lon="8.094632">
      </trkpt>
      <trkpt lat="46.439819" lon="8.094684">
      </trkpt>
      <trkpt lat="46.439801" lon="8.094709">
      </trkpt>
      <trkpt lat="46.439783" lon="8.094761">
      </trkpt>
      <trkpt lat="46.439791" lon="8.094839">
      </trkpt>
      <trkpt lat="46.43979" lon="8.094944">
      </trkpt>
      <trkpt lat="46.43979" lon="8.095035">
      </trkpt>
      <trkpt lat="46.439781" lon="8.095113">
      </trkpt>
      <trkpt lat="46.439762" lon="8.095151">
      </trkpt>
      <trkpt lat="46.439753" lon="8.095203">
      </trkpt>
      <trkpt lat="46.439753" lon="8.095268">
      </trkpt>
      <trkpt lat="46.439734" lon="8.09532">
      </trkpt>
      <trkpt lat="46.439689" lon="8.095424">
      </trkpt>
      <trkpt lat="46.439661" lon="8.095475">
      </trkpt>
      <trkpt lat="46.439634" lon="8.095501">
      </trkpt>
      <trkpt lat="46.439607" lon="8.095527">
      </trkpt>
      <trkpt lat="46.439598" lon="8.095566">
      </trkpt>
      <trkpt lat="46.439589" lon="8.095644">
      </trkpt>
      <trkpt lat="46.439552" lon="8.095682">
      </trkpt>
      <trkpt lat="46.439552" lon="8.095721">
      </trkpt>
      <trkpt lat="46.439569" lon="8.095839">
      </trkpt>
      <trkpt lat="46.439605" lon="8.095904">
      </trkpt>
      <trkpt lat="46.439614" lon="8.095943">
      </trkpt>
      <trkpt lat="46.439613" lon="8.095995">
      </trkpt>
      <trkpt lat="46.439631" lon="8.096035">
      </trkpt>
      <trkpt lat="46.439649" lon="8.096048">
      </trkpt>
      <trkpt lat="46.439676" lon="8.096139">
      </trkpt>
      <trkpt lat="46.439666" lon="8.096204">
      </trkpt>
      <trkpt lat="46.439648" lon="8.096269">
      </trkpt>
      <trkpt lat="46.43963" lon="8.096321">
      </trkpt>
      <trkpt lat="46.439638" lon="8.09636">
      </trkpt>
      <trkpt lat="46.439674" lon="8.096413">
      </trkpt>
      <trkpt lat="46.439674" lon="8.096465">
      </trkpt>
      <trkpt lat="46.439647" lon="8.096503">
      </trkpt>
      <trkpt lat="46.439619" lon="8.096568">
      </trkpt>
      <trkpt lat="46.439619" lon="8.096607">
      </trkpt>
      <trkpt lat="46.439664" lon="8.09666">
      </trkpt>
      <trkpt lat="46.439699" lon="8.096712">
      </trkpt>
      <trkpt lat="46.439699" lon="8.096712">
      </trkpt>
      <trkpt lat="46.439726" lon="8.096752">
      </trkpt>
      <trkpt lat="46.43978" lon="8.09683">
      </trkpt>
      <trkpt lat="46.43986" lon="8.096935">
      </trkpt>
      <trkpt lat="46.439932" lon="8.097001">
      </trkpt>
      <trkpt lat="46.439976" lon="8.097106">
      </trkpt>
      <trkpt lat="46.439993" lon="8.097184">
      </trkpt>
      <trkpt lat="46.440002" lon="8.097236">
      </trkpt>
      <trkpt lat="46.44002" lon="8.097289">
      </trkpt>
      <trkpt lat="46.440037" lon="8.097341">
      </trkpt>
      <trkpt lat="46.440073" lon="8.097393">
      </trkpt>
      <trkpt lat="46.4401" lon="8.097446">
      </trkpt>
      <trkpt lat="46.440117" lon="8.097511">
      </trkpt>
      <trkpt lat="46.440135" lon="8.097589">
      </trkpt>
      <trkpt lat="46.440153" lon="8.097642">
      </trkpt>
      <trkpt lat="46.440153" lon="8.097668">
      </trkpt>
      <trkpt lat="46.44017" lon="8.097694">
      </trkpt>
      <trkpt lat="46.44017" lon="8.097824">
      </trkpt>
      <trkpt lat="46.440178" lon="8.097941">
      </trkpt>
      <trkpt lat="46.440178" lon="8.09798">
      </trkpt>
      <trkpt lat="46.440186" lon="8.098071">
      </trkpt>
      <trkpt lat="46.440204" lon="8.098137">
      </trkpt>
      <trkpt lat="46.440212" lon="8.098215">
      </trkpt>
      <trkpt lat="46.44023" lon="8.098306">
      </trkpt>
      <trkpt lat="46.440256" lon="8.098385">
      </trkpt>
      <trkpt lat="46.440282" lon="8.098541">
      </trkpt>
      <trkpt lat="46.440309" lon="8.098606">
      </trkpt>
      <trkpt lat="46.440309" lon="8.098684">
      </trkpt>
      <trkpt lat="46.440317" lon="8.09875">
      </trkpt>
      <trkpt lat="46.440335" lon="8.098789">
      </trkpt>
      <trkpt lat="46.440326" lon="8.098815">
      </trkpt>
      <trkpt lat="46.440334" lon="8.098919">
      </trkpt>
      <trkpt lat="46.440325" lon="8.09901">
      </trkpt>
      <trkpt lat="46.440315" lon="8.099062">
      </trkpt>
      <trkpt lat="46.440342" lon="8.099166">
      </trkpt>
      <trkpt lat="46.44035" lon="8.099271">
      </trkpt>
      <trkpt lat="46.44035" lon="8.099323">
      </trkpt>
      <trkpt lat="46.440368" lon="8.099375">
      </trkpt>
      <trkpt lat="46.440385" lon="8.099453">
      </trkpt>
      <trkpt lat="46.440412" lon="8.099479">
      </trkpt>
      <trkpt lat="46.44043" lon="8.099532">
      </trkpt>
      <trkpt lat="46.440448" lon="8.099545">
      </trkpt>
      <trkpt lat="46.440474" lon="8.099558">
      </trkpt>
      <trkpt lat="46.440501" lon="8.099572">
      </trkpt>
      <trkpt lat="46.440537" lon="8.099585">
      </trkpt>
      <trkpt lat="46.440582" lon="8.099612">
      </trkpt>
      <trkpt lat="46.440618" lon="8.099638">
      </trkpt>
      <trkpt lat="46.440636" lon="8.09969">
      </trkpt>
      <trkpt lat="46.440644" lon="8.09973">
      </trkpt>
      <trkpt lat="46.440671" lon="8.099769">
      </trkpt>
      <trkpt lat="46.440698" lon="8.099795">
      </trkpt>
      <trkpt lat="46.440725" lon="8.099809">
      </trkpt>
      <trkpt lat="46.440752" lon="8.099848">
      </trkpt>
      <trkpt lat="46.440769" lon="8.099965">
      </trkpt>
      <trkpt lat="46.440769" lon="8.100017">
      </trkpt>
      <trkpt lat="46.440759" lon="8.100056">
      </trkpt>
      <trkpt lat="46.440741" lon="8.100095">
      </trkpt>
      <trkpt lat="46.440741" lon="8.100121">
      </trkpt>
      <trkpt lat="46.440741" lon="8.100173">
      </trkpt>
      <trkpt lat="46.44075" lon="8.100199">
      </trkpt>
      <trkpt lat="46.440749" lon="8.100251">
      </trkpt>
      <trkpt lat="46.44074" lon="8.100316">
      </trkpt>
      <trkpt lat="46.440749" lon="8.100368">
      </trkpt>
      <trkpt lat="46.440775" lon="8.100486">
      </trkpt>
      <trkpt lat="46.440792" lon="8.100603">
      </trkpt>
      <trkpt lat="46.440792" lon="8.100655">
      </trkpt>
      <trkpt lat="46.440792" lon="8.100681">
      </trkpt>
      <trkpt lat="46.440809" lon="8.100747">
      </trkpt>
      <trkpt lat="46.440836" lon="8.100825">
      </trkpt>
      <trkpt lat="46.440836" lon="8.100825">
      </trkpt>
      <trkpt lat="46.440836" lon="8.100864">
      </trkpt>
      <trkpt lat="46.440835" lon="8.100903">
      </trkpt>
      <trkpt lat="46.440826" lon="8.100929">
      </trkpt>
      <trkpt lat="46.440817" lon="8.100968">
      </trkpt>
      <trkpt lat="46.440817" lon="8.100968">
      </trkpt>
      <trkpt lat="46.440835" lon="8.100981">
      </trkpt>
      <trkpt lat="46.440844" lon="8.10102">
      </trkpt>
      <trkpt lat="46.440843" lon="8.101059">
      </trkpt>
      <trkpt lat="46.440834" lon="8.101085">
      </trkpt>
      <trkpt lat="46.440816" lon="8.101124">
      </trkpt>
      <trkpt lat="46.440744" lon="8.101214">
      </trkpt>
      <trkpt lat="46.440707" lon="8.101266">
      </trkpt>
      <trkpt lat="46.440662" lon="8.101317">
      </trkpt>
      <trkpt lat="46.440635" lon="8.101369">
      </trkpt>
      <trkpt lat="46.440617" lon="8.101408">
      </trkpt>
      <trkpt lat="46.440598" lon="8.101447">
      </trkpt>
      <trkpt lat="46.440589" lon="8.101499">
      </trkpt>
      <trkpt lat="46.44058" lon="8.101538">
      </trkpt>
      <trkpt lat="46.440589" lon="8.10159">
      </trkpt>
      <trkpt lat="46.440589" lon="8.10159">
      </trkpt>
      <trkpt lat="46.440606" lon="8.101629">
      </trkpt>
      <trkpt lat="46.440642" lon="8.101681">
      </trkpt>
      <trkpt lat="46.440713" lon="8.101786">
      </trkpt>
      <trkpt lat="46.440713" lon="8.101786">
      </trkpt>
      <trkpt lat="46.44074" lon="8.101813">
      </trkpt>
      <trkpt lat="46.440785" lon="8.101865">
      </trkpt>
      <trkpt lat="46.44082" lon="8.101944">
      </trkpt>
      <trkpt lat="46.440847" lon="8.102009">
      </trkpt>
      <trkpt lat="46.440873" lon="8.102114">
      </trkpt>
      <trkpt lat="46.440882" lon="8.102153">
      </trkpt>
      <trkpt lat="46.4409" lon="8.102192">
      </trkpt>
    </trkseg>
  </trk>
</gpx>