<?xml version="1.0" encoding="UTF-8"?>
<gpx xmlns="http://www.topografix.com/GPX/1/1" xmlns:xsi="http://www.w3.org/2001/XMLSchema-instance" xsi:schemaLocation="http://www.topografix.com/GPX/1/1 http://www.topografix.com/GPX/1/1/gpx.xsd" version="1.1" creator="Bergbot — https://github.com/suchipizza/BergBot">
  <metadata>
    <name>Sentier du Creux du Van (Noiraigue - Noiraigue)</name>
  </metadata>
  <trk>
    <name>Sentier du Creux du Van (Noiraigue - Noiraigue)</name>
    <trkseg>
      <trkpt lat="46.955065" lon="6.722462">
      </trkpt>
      <trkpt lat="46.955038" lon="6.722528">
      </trkpt>
      <trkpt lat="46.955039" lon="6.722567">
      </trkpt>
      <trkpt lat="46.955032" lon="6.722935">
      </trkpt>
      <trkpt lat="46.955" lon="6.723671">
      </trkpt>
      <trkpt lat="46.955" lon="6.723671">
      </trkpt>
      <trkpt lat="46.954985" lon="6.724145">
      </trkpt>
      <trkpt lat="46.954971" lon="6.72471">
      </trkpt>
      <trkpt lat="46.954971" lon="6.72471">
      </trkpt>
      <trkpt lat="46.954899" lon="6.724697">
      </trkpt>
      <trkpt lat="46.954332" lon="6.724639">
      </trkpt>
      <trkpt lat="46.954332" lon="6.724639">
      </trkpt>
      <trkpt lat="46.954125" lon="6.724603">
      </trkpt>
      <trkpt lat="46.954125" lon="6.724603">
      </trkpt>
      <trkpt lat="46.954071" lon="6.724603">
      </trkpt>
      <trkpt lat="46.954026" lon="6.724591">
      </trkpt>
      <trkpt lat="46.953981" lon="6.724565">
      </trkpt>
      <trkpt lat="46.95389" lon="6.724488">
      </trkpt>
      <trkpt lat="46.953782" lon="6.724384">
      </trkpt>
      <trkpt lat="46.953745" lon="6.724332">
      </trkpt>
      <trkpt lat="46.953691" lon="6.724306">
      </trkpt>
      <trkpt lat="46.953691" lon="6.724306">
      </trkpt>
      <trkpt lat="46.953655" lon="6.724267">
      </trkpt>
      <trkpt lat="46.953619" lon="6.724255">
      </trkpt>
      <trkpt lat="46.953583" lon="6.724255">
      </trkpt>
      <trkpt lat="46.953547" lon="6.724256">
      </trkpt>
      <trkpt lat="46.953529" lon="6.724282">
      </trkpt>
      <trkpt lat="46.953502" lon="6.724309">
      </trkpt>
      <trkpt lat="46.953405" lon="6.724586">
      </trkpt>
      <trkpt lat="46.953095" lon="6.725418">
      </trkpt>
      <trkpt lat="46.95306" lon="6.725484">
      </trkpt>
      <trkpt lat="46.953015" lon="6.72555">
      </trkpt>
      <trkpt lat="46.952962" lon="6.725617">
      </trkpt>
      <trkpt lat="46.952926" lon="6.72567">
      </trkpt>
      <trkpt lat="46.952819" lon="6.72575">
      </trkpt>
      <trkpt lat="46.952702" lon="6.72583">
      </trkpt>
      <trkpt lat="46.952541" lon="6.725937">
      </trkpt>
      <trkpt lat="46.952541" lon="6.725937">
      </trkpt>
      <trkpt lat="46.952254" lon="6.726125">
      </trkpt>
      <trkpt lat="46.952254" lon="6.726125">
      </trkpt>
      <trkpt lat="46.9522" lon="6.726165">
      </trkpt>
      <trkpt lat="46.9522" lon="6.726165">
      </trkpt>
      <trkpt lat="46.952165" lon="6.726192">
      </trkpt>
      <trkpt lat="46.952102" lon="6.726245">
      </trkpt>
      <trkpt lat="46.952057" lon="6.726299">
      </trkpt>
      <trkpt lat="46.952057" lon="6.726299">
      </trkpt>
      <trkpt lat="46.951995" lon="6.726378">
      </trkpt>
      <trkpt lat="46.951933" lon="6.726484">
      </trkpt>
      <trkpt lat="46.951888" lon="6.726564">
      </trkpt>
      <trkpt lat="46.951808" lon="6.726749">
      </trkpt>
      <trkpt lat="46.951667" lon="6.727105">
      </trkpt>
      <trkpt lat="46.951516" lon="6.727449">
      </trkpt>
      <trkpt lat="46.951454" lon="6.727607">
      </trkpt>
      <trkpt lat="46.951418" lon="6.72766">
      </trkpt>
      <trkpt lat="46.951382" lon="6.7277">
      </trkpt>
      <trkpt lat="46.951338" lon="6.72774">
      </trkpt>
      <trkpt lat="46.951284" lon="6.727767">
      </trkpt>
      <trkpt lat="46.951221" lon="6.727794">
      </trkpt>
      <trkpt lat="46.951113" lon="6.727822">
      </trkpt>
      <trkpt lat="46.951051" lon="6.727849">
      </trkpt>
      <trkpt lat="46.951006" lon="6.727876">
      </trkpt>
      <trkpt lat="46.95097" lon="6.727903">
      </trkpt>
      <trkpt lat="46.950952" lon="6.727942">
      </trkpt>
      <trkpt lat="46.950943" lon="6.727982">
      </trkpt>
      <trkpt lat="46.950943" lon="6.727982">
      </trkpt>
      <trkpt lat="46.950944" lon="6.728034">
      </trkpt>
      <trkpt lat="46.950944" lon="6.728087">
      </trkpt>
      <trkpt lat="46.950972" lon="6.728231">
      </trkpt>
      <trkpt lat="46.951298" lon="6.730039">
      </trkpt>
      <trkpt lat="46.951308" lon="6.730131">
      </trkpt>
      <trkpt lat="46.951362" lon="6.730288">
      </trkpt>
      <trkpt lat="46.951362" lon="6.730288">
      </trkpt>
      <trkpt lat="46.951336" lon="6.73042">
      </trkpt>
      <trkpt lat="46.951319" lon="6.730486">
      </trkpt>
      <trkpt lat="46.951301" lon="6.730526">
      </trkpt>
      <trkpt lat="46.951265" lon="6.730552">
      </trkpt>
      <trkpt lat="46.951238" lon="6.730566">
      </trkpt>
      <trkpt lat="46.951238" lon="6.730566">
      </trkpt>
      <trkpt lat="46.951221" lon="6.730632">
      </trkpt>
      <trkpt lat="46.951221" lon="6.730697">
      </trkpt>
      <trkpt lat="46.951221" lon="6.730724">
      </trkpt>
      <trkpt lat="46.951222" lon="6.730776">
      </trkpt>
      <trkpt lat="46.951204" lon="6.730816">
      </trkpt>
      <trkpt lat="46.951195" lon="6.730855">
      </trkpt>
      <trkpt lat="46.951195" lon="6.730908">
      </trkpt>
      <trkpt lat="46.951178" lon="6.730948">
      </trkpt>
      <trkpt lat="46.951169" lon="6.731026">
      </trkpt>
      <trkpt lat="46.951161" lon="6.731092">
      </trkpt>
      <trkpt lat="46.951161" lon="6.731145">
      </trkpt>
      <trkpt lat="46.951135" lon="6.731263">
      </trkpt>
      <trkpt lat="46.951126" lon="6.731342">
      </trkpt>
      <trkpt lat="46.951126" lon="6.731395">
      </trkpt>
      <trkpt lat="46.951127" lon="6.731474">
      </trkpt>
      <trkpt lat="46.951118" lon="6.731526">
      </trkpt>
      <trkpt lat="46.951109" lon="6.731553">
      </trkpt>
      <trkpt lat="46.951092" lon="6.731605">
      </trkpt>
      <trkpt lat="46.951083" lon="6.731658">
      </trkpt>
      <trkpt lat="46.951083" lon="6.731711">
      </trkpt>
      <trkpt lat="46.951075" lon="6.731737">
      </trkpt>
      <trkpt lat="46.951057" lon="6.73175">
      </trkpt>
      <trkpt lat="46.95103" lon="6.731738">
      </trkpt>
      <trkpt lat="46.951012" lon="6.731725">
      </trkpt>
      <trkpt lat="46.951003" lon="6.731725">
      </trkpt>
      <trkpt lat="46.950994" lon="6.731751">
      </trkpt>
      <trkpt lat="46.950994" lon="6.731817">
      </trkpt>
      <trkpt lat="46.950985" lon="6.731843">
      </trkpt>
      <trkpt lat="46.950976" lon="6.731857">
      </trkpt>
      <trkpt lat="46.950886" lon="6.731858">
      </trkpt>
      <trkpt lat="46.950886" lon="6.731858">
      </trkpt>
      <trkpt lat="46.950841" lon="6.731845">
      </trkpt>
      <trkpt lat="46.950796" lon="6.731846">
      </trkpt>
      <trkpt lat="46.950725" lon="6.731873">
      </trkpt>
      <trkpt lat="46.950635" lon="6.731848">
      </trkpt>
      <trkpt lat="46.950508" lon="6.731797">
      </trkpt>
      <trkpt lat="46.950247" lon="6.731735">
      </trkpt>
      <trkpt lat="46.950139" lon="6.731697">
      </trkpt>
      <trkpt lat="46.950103" lon="6.731671">
      </trkpt>
      <trkpt lat="46.950057" lon="6.731632">
      </trkpt>
      <trkpt lat="46.950012" lon="6.73158">
      </trkpt>
      <trkpt lat="46.949976" lon="6.731541">
      </trkpt>
      <trkpt lat="46.94994" lon="6.731529">
      </trkpt>
      <trkpt lat="46.949904" lon="6.731477">
      </trkpt>
      <trkpt lat="46.949876" lon="6.731438">
      </trkpt>
      <trkpt lat="46.94984" lon="6.731359">
      </trkpt>
      <trkpt lat="46.949803" lon="6.731281">
      </trkpt>
      <trkpt lat="46.949767" lon="6.731229">
      </trkpt>
      <trkpt lat="46.949758" lon="6.731203">
      </trkpt>
      <trkpt lat="46.949731" lon="6.731151">
      </trkpt>
      <trkpt lat="46.949694" lon="6.731085">
      </trkpt>
      <trkpt lat="46.949612" lon="6.730942">
      </trkpt>
      <trkpt lat="46.949567" lon="6.73089">
      </trkpt>
      <trkpt lat="46.949513" lon="6.730825">
      </trkpt>
      <trkpt lat="46.949513" lon="6.730825">
      </trkpt>
      <trkpt lat="46.949359" lon="6.730617">
      </trkpt>
      <trkpt lat="46.94916" lon="6.730436">
      </trkpt>
      <trkpt lat="46.94906" lon="6.730345">
      </trkpt>
      <trkpt lat="46.948969" lon="6.730149">
      </trkpt>
      <trkpt lat="46.948933" lon="6.73011">
      </trkpt>
      <trkpt lat="46.948933" lon="6.73011">
      </trkpt>
      <trkpt lat="46.948887" lon="6.730084">
      </trkpt>
      <trkpt lat="46.948824" lon="6.730033">
      </trkpt>
      <trkpt lat="46.948752" lon="6.729981">
      </trkpt>
      <trkpt lat="46.94868" lon="6.729969">
      </trkpt>
      <trkpt lat="46.948635" lon="6.729996">
      </trkpt>
      <trkpt lat="46.948582" lon="6.730115">
      </trkpt>
      <trkpt lat="46.94851" lon="6.730208">
      </trkpt>
      <trkpt lat="46.948385" lon="6.730354">
      </trkpt>
      <trkpt lat="46.948234" lon="6.730527">
      </trkpt>
      <trkpt lat="46.9481" lon="6.730686">
      </trkpt>
      <trkpt lat="46.947921" lon="6.730833">
      </trkpt>
      <trkpt lat="46.947741" lon="6.730953">
      </trkpt>
      <trkpt lat="46.947643" lon="6.731007">
      </trkpt>
      <trkpt lat="46.947481" lon="6.731088">
      </trkpt>
      <trkpt lat="46.94741" lon="6.731129">
      </trkpt>
      <trkpt lat="46.947284" lon="6.731183">
      </trkpt>
      <trkpt lat="46.947186" lon="6.731263">
      </trkpt>
      <trkpt lat="46.947024" lon="6.731383">
      </trkpt>
      <trkpt lat="46.946828" lon="6.731543">
      </trkpt>
      <trkpt lat="46.946666" lon="6.731638">
      </trkpt>
      <trkpt lat="46.946532" lon="6.731718">
      </trkpt>
      <trkpt lat="46.946532" lon="6.731718">
      </trkpt>
      <trkpt lat="46.94646" lon="6.731745">
      </trkpt>
      <trkpt lat="46.946388" lon="6.731812">
      </trkpt>
      <trkpt lat="46.946326" lon="6.731865">
      </trkpt>
      <trkpt lat="46.946227" lon="6.73188">
      </trkpt>
      <trkpt lat="46.946119" lon="6.731894">
      </trkpt>
      <trkpt lat="46.946002" lon="6.731935">
      </trkpt>
      <trkpt lat="46.945913" lon="6.731963">
      </trkpt>
      <trkpt lat="46.945769" lon="6.731991">
      </trkpt>
      <trkpt lat="46.945625" lon="6.732032">
      </trkpt>
      <trkpt lat="46.945625" lon="6.732032">
      </trkpt>
      <trkpt lat="46.945624" lon="6.731914">
      </trkpt>
      <trkpt lat="46.945615" lon="6.731822">
      </trkpt>
      <trkpt lat="46.945587" lon="6.731652">
      </trkpt>
      <trkpt lat="46.945577" lon="6.731599">
      </trkpt>
      <trkpt lat="46.945577" lon="6.731455">
      </trkpt>
      <trkpt lat="46.945593" lon="6.731205">
      </trkpt>
      <trkpt lat="46.945609" lon="6.730955">
      </trkpt>
      <trkpt lat="46.945635" lon="6.730692">
      </trkpt>
      <trkpt lat="46.945661" lon="6.730495">
      </trkpt>
      <trkpt lat="46.945669" lon="6.730416">
      </trkpt>
      <trkpt lat="46.945687" lon="6.730337">
      </trkpt>
      <trkpt lat="46.945792" lon="6.729876">
      </trkpt>
      <trkpt lat="46.945818" lon="6.72977">
      </trkpt>
      <trkpt lat="46.945835" lon="6.729639">
      </trkpt>
      <trkpt lat="46.945853" lon="6.729534">
      </trkpt>
      <trkpt lat="46.945861" lon="6.729415">
      </trkpt>
      <trkpt lat="46.945869" lon="6.72931">
      </trkpt>
      <trkpt lat="46.945868" lon="6.729179">
      </trkpt>
      <trkpt lat="46.945868" lon="6.729139">
      </trkpt>
      <trkpt lat="46.945859" lon="6.7291">
      </trkpt>
      <trkpt lat="46.945859" lon="6.7291">
      </trkpt>
      <trkpt lat="46.945822" lon="6.729008">
      </trkpt>
      <trkpt lat="46.945795" lon="6.728917">
      </trkpt>
      <trkpt lat="46.945776" lon="6.728838">
      </trkpt>
      <trkpt lat="46.945758" lon="6.728747">
      </trkpt>
      <trkpt lat="46.945748" lon="6.728655">
      </trkpt>
      <trkpt lat="46.945738" lon="6.72855">
      </trkpt>
      <trkpt lat="46.945729" lon="6.728445">
      </trkpt>
      <trkpt lat="46.945644" lon="6.727789">
      </trkpt>
      <trkpt lat="46.945597" lon="6.727567">
      </trkpt>
      <trkpt lat="46.945579" lon="6.727462">
      </trkpt>
      <trkpt lat="46.945551" lon="6.72737">
      </trkpt>
      <trkpt lat="46.945515" lon="6.727252">
      </trkpt>
      <trkpt lat="46.945505" lon="6.727213">
      </trkpt>
      <trkpt lat="46.945496" lon="6.727161">
      </trkpt>
      <trkpt lat="46.945496" lon="6.727108">
      </trkpt>
      <trkpt lat="46.945504" lon="6.727056">
      </trkpt>
      <trkpt lat="46.945539" lon="6.726832">
      </trkpt>
      <trkpt lat="46.945556" lon="6.726713">
      </trkpt>
      <trkpt lat="46.945565" lon="6.726634">
      </trkpt>
      <trkpt lat="46.945573" lon="6.726542">
      </trkpt>
      <trkpt lat="46.945591" lon="6.726463">
      </trkpt>
      <trkpt lat="46.945617" lon="6.726345">
      </trkpt>
      <trkpt lat="46.945661" lon="6.726239">
      </trkpt>
      <trkpt lat="46.945714" lon="6.726015">
      </trkpt>
      <trkpt lat="46.94574" lon="6.725896">
      </trkpt>
      <trkpt lat="46.945801" lon="6.725646">
      </trkpt>
      <trkpt lat="46.945854" lon="6.725462">
      </trkpt>
      <trkpt lat="46.945942" lon="6.725158">
      </trkpt>
      <trkpt lat="46.946022" lon="6.724934">
      </trkpt>
      <trkpt lat="46.946075" lon="6.724815">
      </trkpt>
      <trkpt lat="46.946137" lon="6.724643">
      </trkpt>
      <trkpt lat="46.946216" lon="6.724406">
      </trkpt>
      <trkpt lat="46.94626" lon="6.724248">
      </trkpt>
      <trkpt lat="46.946304" lon="6.724103">
      </trkpt>
      <trkpt lat="46.946322" lon="6.723984">
      </trkpt>
      <trkpt lat="46.946339" lon="6.723813">
      </trkpt>
      <trkpt lat="46.946355" lon="6.723576">
      </trkpt>
      <trkpt lat="46.946345" lon="6.723314">
      </trkpt>
      <trkpt lat="46.946344" lon="6.723274">
      </trkpt>
      <trkpt lat="46.946335" lon="6.72317">
      </trkpt>
      <trkpt lat="46.946325" lon="6.723091">
      </trkpt>
      <trkpt lat="46.946307" lon="6.722999">
      </trkpt>
      <trkpt lat="46.946288" lon="6.722894">
      </trkpt>
      <trkpt lat="46.946269" lon="6.722816">
      </trkpt>
      <trkpt lat="46.946196" lon="6.722607">
      </trkpt>
      <trkpt lat="46.94616" lon="6.722515">
      </trkpt>
      <trkpt lat="46.946123" lon="6.722437">
      </trkpt>
      <trkpt lat="46.946087" lon="6.722345">
      </trkpt>
      <trkpt lat="46.94605" lon="6.722254">
      </trkpt>
      <trkpt lat="46.94594" lon="6.721966">
      </trkpt>
      <trkpt lat="46.945913" lon="6.721888">
      </trkpt>
      <trkpt lat="46.945885" lon="6.721809">
      </trkpt>
      <trkpt lat="46.945849" lon="6.721705">
      </trkpt>
      <trkpt lat="46.945812" lon="6.721613">
      </trkpt>
      <trkpt lat="46.945785" lon="6.721561">
      </trkpt>
      <trkpt lat="46.945767" lon="6.721509">
      </trkpt>
      <trkpt lat="46.945685" lon="6.721352">
      </trkpt>
      <trkpt lat="46.945648" lon="6.7213">
      </trkpt>
      <trkpt lat="46.945612" lon="6.721222">
      </trkpt>
      <trkpt lat="46.945584" lon="6.721144">
      </trkpt>
      <trkpt lat="46.945566" lon="6.721078">
      </trkpt>
      <trkpt lat="46.945538" lon="6.720987">
      </trkpt>
      <trkpt lat="46.945483" lon="6.720751">
      </trkpt>
      <trkpt lat="46.945455" lon="6.720633">
      </trkpt>
      <trkpt lat="46.945437" lon="6.720528">
      </trkpt>
      <trkpt lat="46.945408" lon="6.720318">
      </trkpt>
      <trkpt lat="46.94539" lon="6.720214">
      </trkpt>
      <trkpt lat="46.945389" lon="6.720095">
      </trkpt>
      <trkpt lat="46.945379" lon="6.720004">
      </trkpt>
      <trkpt lat="46.945387" lon="6.719885">
      </trkpt>
      <trkpt lat="46.945387" lon="6.719754">
      </trkpt>
      <trkpt lat="46.945395" lon="6.719649">
      </trkpt>
      <trkpt lat="46.945403" lon="6.719517">
      </trkpt>
      <trkpt lat="46.94542" lon="6.719386">
      </trkpt>
      <trkpt lat="46.945429" lon="6.71928">
      </trkpt>
      <trkpt lat="46.945446" lon="6.719175">
      </trkpt>
      <trkpt lat="46.945463" lon="6.71907">
      </trkpt>
      <trkpt lat="46.945472" lon="6.718951">
      </trkpt>
      <trkpt lat="46.945489" lon="6.718846">
      </trkpt>
      <trkpt lat="46.945506" lon="6.71878">
      </trkpt>
      <trkpt lat="46.945524" lon="6.718727">
      </trkpt>
      <trkpt lat="46.945551" lon="6.718661">
      </trkpt>
      <trkpt lat="46.945595" lon="6.718582">
      </trkpt>
      <trkpt lat="46.945631" lon="6.718542">
      </trkpt>
      <trkpt lat="46.945693" lon="6.718476">
      </trkpt>
      <trkpt lat="46.945756" lon="6.718396">
      </trkpt>
      <trkpt lat="46.945801" lon="6.718343">
      </trkpt>
      <trkpt lat="46.945827" lon="6.71829">
      </trkpt>
      <trkpt lat="46.945854" lon="6.718224">
      </trkpt>
      <trkpt lat="46.94588" lon="6.718145">
      </trkpt>
      <trkpt lat="46.945898" lon="6.718066">
      </trkpt>
      <trkpt lat="46.945915" lon="6.717974">
      </trkpt>
      <trkpt lat="46.945924" lon="6.717881">
      </trkpt>
      <trkpt lat="46.945923" lon="6.71779">
      </trkpt>
      <trkpt lat="46.945914" lon="6.717711">
      </trkpt>
      <trkpt lat="46.945904" lon="6.717632">
      </trkpt>
      <trkpt lat="46.945867" lon="6.717501">
      </trkpt>
      <trkpt lat="46.945867" lon="6.717501">
      </trkpt>
      <trkpt lat="46.945849" lon="6.717462">
      </trkpt>
      <trkpt lat="46.945767" lon="6.717332">
      </trkpt>
      <trkpt lat="46.945731" lon="6.717254">
      </trkpt>
      <trkpt lat="46.945694" lon="6.717201">
      </trkpt>
      <trkpt lat="46.945694" lon="6.717201">
      </trkpt>
      <trkpt lat="46.945641" lon="6.717228">
      </trkpt>
      <trkpt lat="46.945596" lon="6.717242">
      </trkpt>
      <trkpt lat="46.94556" lon="6.717256">
      </trkpt>
      <trkpt lat="46.945533" lon="6.717256">
      </trkpt>
      <trkpt lat="46.945497" lon="6.717244">
      </trkpt>
      <trkpt lat="46.945461" lon="6.717231">
      </trkpt>
      <trkpt lat="46.945335" lon="6.717206">
      </trkpt>
      <trkpt lat="46.945317" lon="6.717193">
      </trkpt>
      <trkpt lat="46.94528" lon="6.717128">
      </trkpt>
      <trkpt lat="46.945262" lon="6.717115">
      </trkpt>
      <trkpt lat="46.945208" lon="6.717116">
      </trkpt>
      <trkpt lat="46.945136" lon="6.71713">
      </trkpt>
      <trkpt lat="46.945109" lon="6.717117">
      </trkpt>
      <trkpt lat="46.945055" lon="6.717052">
      </trkpt>
      <trkpt lat="46.944982" lon="6.716975">
      </trkpt>
      <trkpt lat="46.944955" lon="6.716936">
      </trkpt>
      <trkpt lat="46.944919" lon="6.716884">
      </trkpt>
      <trkpt lat="46.944864" lon="6.716779">
      </trkpt>
      <trkpt lat="46.944819" lon="6.716727">
      </trkpt>
      <trkpt lat="46.944746" lon="6.716649">
      </trkpt>
      <trkpt lat="46.944593" lon="6.716494">
      </trkpt>
      <trkpt lat="46.944502" lon="6.716416">
      </trkpt>
      <trkpt lat="46.944357" lon="6.716261">
      </trkpt>
      <trkpt lat="46.944257" lon="6.716144">
      </trkpt>
      <trkpt lat="46.944194" lon="6.716053">
      </trkpt>
      <trkpt lat="46.944175" lon="6.715961">
      </trkpt>
      <trkpt lat="46.944121" lon="6.71583">
      </trkpt>
      <trkpt lat="46.94403" lon="6.7157">
      </trkpt>
      <trkpt lat="46.943975" lon="6.715622">
      </trkpt>
      <trkpt lat="46.94393" lon="6.71557">
      </trkpt>
      <trkpt lat="46.943921" lon="6.71557">
      </trkpt>
      <trkpt lat="46.943921" lon="6.715597">
      </trkpt>
      <trkpt lat="46.943949" lon="6.715688">
      </trkpt>
      <trkpt lat="46.943958" lon="6.715714">
      </trkpt>
      <trkpt lat="46.943976" lon="6.71574">
      </trkpt>
      <trkpt lat="46.943976" lon="6.715793">
      </trkpt>
      <trkpt lat="46.943995" lon="6.715858">
      </trkpt>
      <trkpt lat="46.943995" lon="6.715898">
      </trkpt>
      <trkpt lat="46.944004" lon="6.715937">
      </trkpt>
      <trkpt lat="46.944005" lon="6.716042">
      </trkpt>
      <trkpt lat="46.944034" lon="6.716318">
      </trkpt>
      <trkpt lat="46.944043" lon="6.716383">
      </trkpt>
      <trkpt lat="46.944071" lon="6.716488">
      </trkpt>
      <trkpt lat="46.944108" lon="6.71675">
      </trkpt>
      <trkpt lat="46.944109" lon="6.716868">
      </trkpt>
      <trkpt lat="46.944109" lon="6.716908">
      </trkpt>
      <trkpt lat="46.944102" lon="6.717105">
      </trkpt>
      <trkpt lat="46.944102" lon="6.717157">
      </trkpt>
      <trkpt lat="46.94412" lon="6.717236">
      </trkpt>
      <trkpt lat="46.944112" lon="6.717354">
      </trkpt>
      <trkpt lat="46.944113" lon="6.717459">
      </trkpt>
      <trkpt lat="46.944104" lon="6.717538">
      </trkpt>
      <trkpt lat="46.944096" lon="6.717656">
      </trkpt>
      <trkpt lat="46.944079" lon="6.717749">
      </trkpt>
      <trkpt lat="46.944061" lon="6.717854">
      </trkpt>
      <trkpt lat="46.944026" lon="6.717973">
      </trkpt>
      <trkpt lat="46.944008" lon="6.718012">
      </trkpt>
      <trkpt lat="46.944027" lon="6.718183">
      </trkpt>
      <trkpt lat="46.943984" lon="6.718394">
      </trkpt>
      <trkpt lat="46.943975" lon="6.718472">
      </trkpt>
      <trkpt lat="46.943958" lon="6.718604">
      </trkpt>
      <trkpt lat="46.943933" lon="6.718867">
      </trkpt>
      <trkpt lat="46.943915" lon="6.718972">
      </trkpt>
      <trkpt lat="46.943907" lon="6.719038">
      </trkpt>
      <trkpt lat="46.943871" lon="6.719104">
      </trkpt>
      <trkpt lat="46.943836" lon="6.719197">
      </trkpt>
      <trkpt lat="46.943765" lon="6.719342">
      </trkpt>
      <trkpt lat="46.943756" lon="6.71929">
      </trkpt>
      <trkpt lat="46.943755" lon="6.719224">
      </trkpt>
      <trkpt lat="46.943755" lon="6.719158">
      </trkpt>
      <trkpt lat="46.943763" lon="6.719053">
      </trkpt>
      <trkpt lat="46.943754" lon="6.718975">
      </trkpt>
      <trkpt lat="46.943716" lon="6.718791">
      </trkpt>
      <trkpt lat="46.943689" lon="6.7187">
      </trkpt>
      <trkpt lat="46.943661" lon="6.718582">
      </trkpt>
      <trkpt lat="46.943634" lon="6.71853">
      </trkpt>
      <trkpt lat="46.943633" lon="6.718451">
      </trkpt>
      <trkpt lat="46.943642" lon="6.718372">
      </trkpt>
      <trkpt lat="46.943614" lon="6.718293">
      </trkpt>
      <trkpt lat="46.94355" lon="6.718084">
      </trkpt>
      <trkpt lat="46.943513" lon="6.717953">
      </trkpt>
      <trkpt lat="46.943458" lon="6.717783">
      </trkpt>
      <trkpt lat="46.943431" lon="6.717679">
      </trkpt>
      <trkpt lat="46.943339" lon="6.717456">
      </trkpt>
      <trkpt lat="46.943248" lon="6.717261">
      </trkpt>
      <trkpt lat="46.943212" lon="6.717195">
      </trkpt>
      <trkpt lat="46.943175" lon="6.717091">
      </trkpt>
      <trkpt lat="46.943084" lon="6.716961">
      </trkpt>
      <trkpt lat="46.943048" lon="6.716935">
      </trkpt>
      <trkpt lat="46.943012" lon="6.716883">
      </trkpt>
      <trkpt lat="46.942984" lon="6.716831">
      </trkpt>
      <trkpt lat="46.942975" lon="6.716792">
      </trkpt>
      <trkpt lat="46.942948" lon="6.716752">
      </trkpt>
      <trkpt lat="46.94293" lon="6.716726">
      </trkpt>
      <trkpt lat="46.942884" lon="6.716675">
      </trkpt>
      <trkpt lat="46.942875" lon="6.716648">
      </trkpt>
      <trkpt lat="46.942848" lon="6.716622">
      </trkpt>
      <trkpt lat="46.942839" lon="6.716623">
      </trkpt>
      <trkpt lat="46.94283" lon="6.716649">
      </trkpt>
      <trkpt lat="46.942831" lon="6.716688">
      </trkpt>
      <trkpt lat="46.942831" lon="6.716741">
      </trkpt>
      <trkpt lat="46.942849" lon="6.716806">
      </trkpt>
      <trkpt lat="46.942859" lon="6.716872">
      </trkpt>
      <trkpt lat="46.942868" lon="6.716911">
      </trkpt>
      <trkpt lat="46.942868" lon="6.716964">
      </trkpt>
      <trkpt lat="46.942887" lon="6.717029">
      </trkpt>
      <trkpt lat="46.942905" lon="6.717134">
      </trkpt>
      <trkpt lat="46.942933" lon="6.717291">
      </trkpt>
      <trkpt lat="46.942952" lon="6.717409">
      </trkpt>
      <trkpt lat="46.942953" lon="6.717488">
      </trkpt>
      <trkpt lat="46.942944" lon="6.717541">
      </trkpt>
      <trkpt lat="46.942944" lon="6.717593">
      </trkpt>
      <trkpt lat="46.942963" lon="6.717645">
      </trkpt>
      <trkpt lat="46.942972" lon="6.717685">
      </trkpt>
      <trkpt lat="46.942972" lon="6.71775">
      </trkpt>
      <trkpt lat="46.942955" lon="6.71779">
      </trkpt>
      <trkpt lat="46.942946" lon="6.71783">
      </trkpt>
      <trkpt lat="46.942973" lon="6.717895">
      </trkpt>
      <trkpt lat="46.942956" lon="6.717987">
      </trkpt>
      <trkpt lat="46.942965" lon="6.718066">
      </trkpt>
      <trkpt lat="46.942957" lon="6.718145">
      </trkpt>
      <trkpt lat="46.942922" lon="6.718342">
      </trkpt>
      <trkpt lat="46.942913" lon="6.718395">
      </trkpt>
      <trkpt lat="46.942896" lon="6.718461">
      </trkpt>
      <trkpt lat="46.942869" lon="6.718553">
      </trkpt>
      <trkpt lat="46.942843" lon="6.718685">
      </trkpt>
      <trkpt lat="46.942817" lon="6.718738">
      </trkpt>
      <trkpt lat="46.942755" lon="6.718935">
      </trkpt>
      <trkpt lat="46.942702" lon="6.719054">
      </trkpt>
      <trkpt lat="46.942692" lon="6.718884">
      </trkpt>
      <trkpt lat="46.942682" lon="6.718792">
      </trkpt>
      <trkpt lat="46.94269" lon="6.718647">
      </trkpt>
      <trkpt lat="46.942689" lon="6.718516">
      </trkpt>
      <trkpt lat="46.942697" lon="6.718385">
      </trkpt>
      <trkpt lat="46.942706" lon="6.718319">
      </trkpt>
      <trkpt lat="46.942706" lon="6.718279">
      </trkpt>
      <trkpt lat="46.942642" lon="6.718175">
      </trkpt>
      <trkpt lat="46.942597" lon="6.718084">
      </trkpt>
      <trkpt lat="46.942596" lon="6.718031">
      </trkpt>
      <trkpt lat="46.94256" lon="6.717953">
      </trkpt>
      <trkpt lat="46.942541" lon="6.717901">
      </trkpt>
      <trkpt lat="46.942523" lon="6.717861">
      </trkpt>
      <trkpt lat="46.942487" lon="6.71777">
      </trkpt>
      <trkpt lat="46.942459" lon="6.717718">
      </trkpt>
      <trkpt lat="46.942423" lon="6.717679">
      </trkpt>
      <trkpt lat="46.942377" lon="6.717561">
      </trkpt>
      <trkpt lat="46.942341" lon="6.717483">
      </trkpt>
      <trkpt lat="46.942305" lon="6.717444">
      </trkpt>
      <trkpt lat="46.942223" lon="6.717366">
      </trkpt>
      <trkpt lat="46.942169" lon="6.717328">
      </trkpt>
      <trkpt lat="46.942133" lon="6.717289">
      </trkpt>
      <trkpt lat="46.942097" lon="6.717263">
      </trkpt>
      <trkpt lat="46.942115" lon="6.717342">
      </trkpt>
      <trkpt lat="46.942179" lon="6.717525">
      </trkpt>
      <trkpt lat="46.942198" lon="6.71759">
      </trkpt>
      <trkpt lat="46.942216" lon="6.717708">
      </trkpt>
      <trkpt lat="46.942226" lon="6.717826">
      </trkpt>
      <trkpt lat="46.942236" lon="6.717957">
      </trkpt>
      <trkpt lat="46.942237" lon="6.718207">
      </trkpt>
      <trkpt lat="46.94222" lon="6.718312">
      </trkpt>
      <trkpt lat="46.942194" lon="6.718404">
      </trkpt>
      <trkpt lat="46.942158" lon="6.71851">
      </trkpt>
      <trkpt lat="46.942105" lon="6.718642">
      </trkpt>
      <trkpt lat="46.942096" lon="6.718576">
      </trkpt>
      <trkpt lat="46.942104" lon="6.718484">
      </trkpt>
      <trkpt lat="46.942113" lon="6.718392">
      </trkpt>
      <trkpt lat="46.942103" lon="6.718301">
      </trkpt>
      <trkpt lat="46.942094" lon="6.718222">
      </trkpt>
      <trkpt lat="46.942048" lon="6.718078">
      </trkpt>
      <trkpt lat="46.941975" lon="6.717908">
      </trkpt>
      <trkpt lat="46.94193" lon="6.717869">
      </trkpt>
      <trkpt lat="46.941875" lon="6.717805">
      </trkpt>
      <trkpt lat="46.941812" lon="6.717753">
      </trkpt>
      <trkpt lat="46.94173" lon="6.717688">
      </trkpt>
      <trkpt lat="46.941694" lon="6.717676">
      </trkpt>
      <trkpt lat="46.941786" lon="6.717911">
      </trkpt>
      <trkpt lat="46.941859" lon="6.718081">
      </trkpt>
      <trkpt lat="46.941859" lon="6.718146">
      </trkpt>
      <trkpt lat="46.941842" lon="6.718265">
      </trkpt>
      <trkpt lat="46.941833" lon="6.71833">
      </trkpt>
      <trkpt lat="46.941816" lon="6.718383">
      </trkpt>
      <trkpt lat="46.941771" lon="6.718476">
      </trkpt>
      <trkpt lat="46.941718" lon="6.718595">
      </trkpt>
      <trkpt lat="46.941692" lon="6.718687">
      </trkpt>
      <trkpt lat="46.941674" lon="6.718766">
      </trkpt>
      <trkpt lat="46.941639" lon="6.718885">
      </trkpt>
      <trkpt lat="46.941621" lon="6.718872">
      </trkpt>
      <trkpt lat="46.941621" lon="6.718806">
      </trkpt>
      <trkpt lat="46.94162" lon="6.71874">
      </trkpt>
      <trkpt lat="46.94162" lon="6.718688">
      </trkpt>
      <trkpt lat="46.941601" lon="6.718583">
      </trkpt>
      <trkpt lat="46.941601" lon="6.718478">
      </trkpt>
      <trkpt lat="46.941591" lon="6.718373">
      </trkpt>
      <trkpt lat="46.941581" lon="6.718294">
      </trkpt>
      <trkpt lat="46.941554" lon="6.718255">
      </trkpt>
      <trkpt lat="46.941527" lon="6.718216">
      </trkpt>
      <trkpt lat="46.941482" lon="6.718191">
      </trkpt>
      <trkpt lat="46.941427" lon="6.718139">
      </trkpt>
      <trkpt lat="46.9414" lon="6.718087">
      </trkpt>
      <trkpt lat="46.941382" lon="6.718087">
      </trkpt>
      <trkpt lat="46.941373" lon="6.7181">
      </trkpt>
      <trkpt lat="46.941401" lon="6.718244">
      </trkpt>
      <trkpt lat="46.94142" lon="6.71831">
      </trkpt>
      <trkpt lat="46.941438" lon="6.718375">
      </trkpt>
      <trkpt lat="46.941403" lon="6.718533">
      </trkpt>
      <trkpt lat="46.941403" lon="6.718612">
      </trkpt>
      <trkpt lat="46.941386" lon="6.718704">
      </trkpt>
      <trkpt lat="46.94136" lon="6.718783">
      </trkpt>
      <trkpt lat="46.941306" lon="6.718902">
      </trkpt>
      <trkpt lat="46.941306" lon="6.71881">
      </trkpt>
      <trkpt lat="46.941296" lon="6.718692">
      </trkpt>
      <trkpt lat="46.941278" lon="6.71864">
      </trkpt>
      <trkpt lat="46.941259" lon="6.718575">
      </trkpt>
      <trkpt lat="46.941205" lon="6.718457">
      </trkpt>
      <trkpt lat="46.941177" lon="6.718431">
      </trkpt>
      <trkpt lat="46.941114" lon="6.718419">
      </trkpt>
      <trkpt lat="46.941051" lon="6.718354">
      </trkpt>
      <trkpt lat="46.941024" lon="6.718381">
      </trkpt>
      <trkpt lat="46.941043" lon="6.718472">
      </trkpt>
      <trkpt lat="46.94107" lon="6.718577">
      </trkpt>
      <trkpt lat="46.94108" lon="6.718643">
      </trkpt>
      <trkpt lat="46.94108" lon="6.718721">
      </trkpt>
      <trkpt lat="46.941081" lon="6.7188">
      </trkpt>
      <trkpt lat="46.941046" lon="6.71905">
      </trkpt>
      <trkpt lat="46.941056" lon="6.719155">
      </trkpt>
      <trkpt lat="46.941057" lon="6.719326">
      </trkpt>
      <trkpt lat="46.941039" lon="6.719326">
      </trkpt>
      <trkpt lat="46.941021" lon="6.719274">
      </trkpt>
      <trkpt lat="46.941002" lon="6.719222">
      </trkpt>
      <trkpt lat="46.940975" lon="6.719156">
      </trkpt>
      <trkpt lat="46.940911" lon="6.719026">
      </trkpt>
      <trkpt lat="46.940884" lon="6.718961">
      </trkpt>
      <trkpt lat="46.940857" lon="6.718908">
      </trkpt>
      <trkpt lat="46.94082" lon="6.718856">
      </trkpt>
      <trkpt lat="46.940784" lon="6.718817">
      </trkpt>
      <trkpt lat="46.940721" lon="6.718779">
      </trkpt>
      <trkpt lat="46.940721" lon="6.718831">
      </trkpt>
      <trkpt lat="46.940758" lon="6.718988">
      </trkpt>
      <trkpt lat="46.940758" lon="6.719028">
      </trkpt>
      <trkpt lat="46.940759" lon="6.71908">
      </trkpt>
      <trkpt lat="46.940732" lon="6.719173">
      </trkpt>
      <trkpt lat="46.940724" lon="6.719238">
      </trkpt>
      <trkpt lat="46.940724" lon="6.719304">
      </trkpt>
      <trkpt lat="46.940715" lon="6.719344">
      </trkpt>
      <trkpt lat="46.940707" lon="6.719409">
      </trkpt>
      <trkpt lat="46.940698" lon="6.719462">
      </trkpt>
      <trkpt lat="46.940698" lon="6.719502">
      </trkpt>
      <trkpt lat="46.94069" lon="6.719554">
      </trkpt>
      <trkpt lat="46.940672" lon="6.719594">
      </trkpt>
      <trkpt lat="46.940654" lon="6.719581">
      </trkpt>
      <trkpt lat="46.940608" lon="6.719476">
      </trkpt>
      <trkpt lat="46.940554" lon="6.719385">
      </trkpt>
      <trkpt lat="46.940517" lon="6.71932">
      </trkpt>
      <trkpt lat="46.940463" lon="6.719281">
      </trkpt>
      <trkpt lat="46.940436" lon="6.719255">
      </trkpt>
      <trkpt lat="46.940409" lon="6.719243">
      </trkpt>
      <trkpt lat="46.94031" lon="6.719218">
      </trkpt>
      <trkpt lat="46.940283" lon="6.719179">
      </trkpt>
      <trkpt lat="46.940255" lon="6.719113">
      </trkpt>
      <trkpt lat="46.940219" lon="6.719048">
      </trkpt>
      <trkpt lat="46.940192" lon="6.719009">
      </trkpt>
      <trkpt lat="46.940155" lon="6.718957">
      </trkpt>
      <trkpt lat="46.94011" lon="6.718892">
      </trkpt>
      <trkpt lat="46.940037" lon="6.718801">
      </trkpt>
      <trkpt lat="46.939983" lon="6.718762">
      </trkpt>
      <trkpt lat="46.939884" lon="6.718685">
      </trkpt>
      <trkpt lat="46.939829" lon="6.71862">
      </trkpt>
      <trkpt lat="46.939568" lon="6.718571">
      </trkpt>
      <trkpt lat="46.939496" lon="6.718546">
      </trkpt>
      <trkpt lat="46.939406" lon="6.718494">
      </trkpt>
      <trkpt lat="46.939279" lon="6.718417">
      </trkpt>
      <trkpt lat="46.939234" lon="6.718379">
      </trkpt>
      <trkpt lat="46.939126" lon="6.718314">
      </trkpt>
      <trkpt lat="46.939063" lon="6.718289">
      </trkpt>
      <trkpt lat="46.939017" lon="6.718263">
      </trkpt>
      <trkpt lat="46.938945" lon="6.718251">
      </trkpt>
      <trkpt lat="46.938945" lon="6.718251">
      </trkpt>
      <trkpt lat="46.93891" lon="6.718317">
      </trkpt>
      <trkpt lat="46.938883" lon="6.718409">
      </trkpt>
      <trkpt lat="46.938848" lon="6.718515">
      </trkpt>
      <trkpt lat="46.938821" lon="6.718568">
      </trkpt>
      <trkpt lat="46.938777" lon="6.718634">
      </trkpt>
      <trkpt lat="46.938741" lon="6.718674">
      </trkpt>
      <trkpt lat="46.938625" lon="6.718754">
      </trkpt>
      <trkpt lat="46.938589" lon="6.718768">
      </trkpt>
      <trkpt lat="46.938535" lon="6.718795">
      </trkpt>
      <trkpt lat="46.938463" lon="6.718849">
      </trkpt>
      <trkpt lat="46.938248" lon="6.718983">
      </trkpt>
      <trkpt lat="46.938159" lon="6.71905">
      </trkpt>
      <trkpt lat="46.938123" lon="6.719076">
      </trkpt>
      <trkpt lat="46.938078" lon="6.719103">
      </trkpt>
      <trkpt lat="46.938015" lon="6.719078">
      </trkpt>
      <trkpt lat="46.937943" lon="6.719066">
      </trkpt>
      <trkpt lat="46.937871" lon="6.719053">
      </trkpt>
      <trkpt lat="46.937772" lon="6.719068">
      </trkpt>
      <trkpt lat="46.937691" lon="6.719108">
      </trkpt>
      <trkpt lat="46.937656" lon="6.719135">
      </trkpt>
      <trkpt lat="46.937566" lon="6.719215">
      </trkpt>
      <trkpt lat="46.937495" lon="6.719282">
      </trkpt>
      <trkpt lat="46.937414" lon="6.719362">
      </trkpt>
      <trkpt lat="46.937316" lon="6.719429">
      </trkpt>
      <trkpt lat="46.93728" lon="6.719469">
      </trkpt>
      <trkpt lat="46.937181" lon="6.719549">
      </trkpt>
      <trkpt lat="46.937137" lon="6.719589">
      </trkpt>
      <trkpt lat="46.937119" lon="6.719615">
      </trkpt>
      <trkpt lat="46.937074" lon="6.719629">
      </trkpt>
      <trkpt lat="46.93702" lon="6.719669">
      </trkpt>
      <trkpt lat="46.936967" lon="6.719709">
      </trkpt>
      <trkpt lat="46.936922" lon="6.719749">
      </trkpt>
      <trkpt lat="46.936895" lon="6.719802">
      </trkpt>
      <trkpt lat="46.936869" lon="6.719855">
      </trkpt>
      <trkpt lat="46.936833" lon="6.719974">
      </trkpt>
      <trkpt lat="46.936833" lon="6.719974">
      </trkpt>
      <trkpt lat="46.936789" lon="6.720079">
      </trkpt>
      <trkpt lat="46.936763" lon="6.720211">
      </trkpt>
      <trkpt lat="46.936675" lon="6.720475">
      </trkpt>
      <trkpt lat="46.936585" lon="6.720529">
      </trkpt>
      <trkpt lat="46.936531" lon="6.720556">
      </trkpt>
      <trkpt lat="46.936432" lon="6.720609">
      </trkpt>
      <trkpt lat="46.936406" lon="6.720623">
      </trkpt>
      <trkpt lat="46.936352" lon="6.720624">
      </trkpt>
      <trkpt lat="46.936217" lon="6.720678">
      </trkpt>
      <trkpt lat="46.936145" lon="6.720718">
      </trkpt>
      <trkpt lat="46.936145" lon="6.720718">
      </trkpt>
      <trkpt lat="46.936019" lon="6.720733">
      </trkpt>
      <trkpt lat="46.935831" lon="6.720749">
      </trkpt>
      <trkpt lat="46.935678" lon="6.720751">
      </trkpt>
      <trkpt lat="46.935561" lon="6.720726">
      </trkpt>
      <trkpt lat="46.93548" lon="6.720701">
      </trkpt>
      <trkpt lat="46.935416" lon="6.720675">
      </trkpt>
      <trkpt lat="46.935262" lon="6.720481">
      </trkpt>
      <trkpt lat="46.93519" lon="6.720416">
      </trkpt>
      <trkpt lat="46.935054" lon="6.720339">
      </trkpt>
      <trkpt lat="46.934991" lon="6.72034">
      </trkpt>
      <trkpt lat="46.934946" lon="6.720314">
      </trkpt>
      <trkpt lat="46.934865" lon="6.720263">
      </trkpt>
      <trkpt lat="46.93482" lon="6.720237">
      </trkpt>
      <trkpt lat="46.934775" lon="6.720238">
      </trkpt>
      <trkpt lat="46.934667" lon="6.7202">
      </trkpt>
      <trkpt lat="46.934667" lon="6.7202">
      </trkpt>
      <trkpt lat="46.93464" lon="6.720187">
      </trkpt>
      <trkpt lat="46.934532" lon="6.720149">
      </trkpt>
      <trkpt lat="46.934477" lon="6.720136">
      </trkpt>
      <trkpt lat="46.934423" lon="6.720124">
      </trkpt>
      <trkpt lat="46.93436" lon="6.720099">
      </trkpt>
      <trkpt lat="46.934333" lon="6.720099">
      </trkpt>
      <trkpt lat="46.93427" lon="6.720074">
      </trkpt>
      <trkpt lat="46.934225" lon="6.720074">
      </trkpt>
      <trkpt lat="46.934153" lon="6.720088">
      </trkpt>
      <trkpt lat="46.934081" lon="6.720089">
      </trkpt>
      <trkpt lat="46.934054" lon="6.720063">
      </trkpt>
      <trkpt lat="46.934018" lon="6.720038">
      </trkpt>
      <trkpt lat="46.933982" lon="6.720038">
      </trkpt>
      <trkpt lat="46.933955" lon="6.720038">
      </trkpt>
      <trkpt lat="46.933928" lon="6.720013">
      </trkpt>
      <trkpt lat="46.933874" lon="6.72">
      </trkpt>
      <trkpt lat="46.933775" lon="6.720015">
      </trkpt>
      <trkpt lat="46.933748" lon="6.720041">
      </trkpt>
      <trkpt lat="46.933704" lon="6.720094">
      </trkpt>
      <trkpt lat="46.933641" lon="6.720121">
      </trkpt>
      <trkpt lat="46.933551" lon="6.720136">
      </trkpt>
      <trkpt lat="46.93338" lon="6.720191">
      </trkpt>
      <trkpt lat="46.933228" lon="6.720271">
      </trkpt>
      <trkpt lat="46.933147" lon="6.720312">
      </trkpt>
      <trkpt lat="46.933111" lon="6.720352">
      </trkpt>
      <trkpt lat="46.933049" lon="6.720379">
      </trkpt>
      <trkpt lat="46.932932" lon="6.720446">
      </trkpt>
      <trkpt lat="46.932852" lon="6.7205">
      </trkpt>
      <trkpt lat="46.932825" lon="6.720526">
      </trkpt>
      <trkpt lat="46.93278" lon="6.720553">
      </trkpt>
      <trkpt lat="46.932583" lon="6.72074">
      </trkpt>
      <trkpt lat="46.93244" lon="6.72082">
      </trkpt>
      <trkpt lat="46.932359" lon="6.720887">
      </trkpt>
      <trkpt lat="46.932243" lon="6.720981">
      </trkpt>
      <trkpt lat="46.932144" lon="6.721074">
      </trkpt>
      <trkpt lat="46.932037" lon="6.721193">
      </trkpt>
      <trkpt lat="46.931948" lon="6.721287">
      </trkpt>
      <trkpt lat="46.93185" lon="6.721419">
      </trkpt>
      <trkpt lat="46.931734" lon="6.721605">
      </trkpt>
      <trkpt lat="46.931627" lon="6.721777">
      </trkpt>
      <trkpt lat="46.931512" lon="6.722015">
      </trkpt>
      <trkpt lat="46.931432" lon="6.722173">
      </trkpt>
      <trkpt lat="46.931396" lon="6.722279">
      </trkpt>
      <trkpt lat="46.931396" lon="6.722279">
      </trkpt>
      <trkpt lat="46.931299" lon="6.72253">
      </trkpt>
      <trkpt lat="46.931193" lon="6.722781">
      </trkpt>
      <trkpt lat="46.931113" lon="6.722979">
      </trkpt>
      <trkpt lat="46.931061" lon="6.723229">
      </trkpt>
      <trkpt lat="46.931035" lon="6.723479">
      </trkpt>
      <trkpt lat="46.931027" lon="6.723597">
      </trkpt>
      <trkpt lat="46.931027" lon="6.723689">
      </trkpt>
      <trkpt lat="46.93101" lon="6.723781">
      </trkpt>
      <trkpt lat="46.931001" lon="6.723834">
      </trkpt>
      <trkpt lat="46.930949" lon="6.72411">
      </trkpt>
      <trkpt lat="46.930932" lon="6.724242">
      </trkpt>
      <trkpt lat="46.930906" lon="6.72436">
      </trkpt>
      <trkpt lat="46.930897" lon="6.724426">
      </trkpt>
      <trkpt lat="46.930889" lon="6.724518">
      </trkpt>
      <trkpt lat="46.930871" lon="6.724597">
      </trkpt>
      <trkpt lat="46.930836" lon="6.724742">
      </trkpt>
      <trkpt lat="46.930836" lon="6.724742">
      </trkpt>
      <trkpt lat="46.93081" lon="6.724847">
      </trkpt>
      <trkpt lat="46.930801" lon="6.724926">
      </trkpt>
      <trkpt lat="46.930758" lon="6.725124">
      </trkpt>
      <trkpt lat="46.930731" lon="6.72519">
      </trkpt>
      <trkpt lat="46.930722" lon="6.725242">
      </trkpt>
      <trkpt lat="46.930714" lon="6.725282">
      </trkpt>
      <trkpt lat="46.930688" lon="6.725466">
      </trkpt>
      <trkpt lat="46.930688" lon="6.725492">
      </trkpt>
      <trkpt lat="46.930679" lon="6.725571">
      </trkpt>
      <trkpt lat="46.930662" lon="6.725677">
      </trkpt>
      <trkpt lat="46.930645" lon="6.725782">
      </trkpt>
      <trkpt lat="46.930645" lon="6.725821">
      </trkpt>
      <trkpt lat="46.930645" lon="6.725861">
      </trkpt>
      <trkpt lat="46.930654" lon="6.7259">
      </trkpt>
      <trkpt lat="46.930646" lon="6.725953">
      </trkpt>
      <trkpt lat="46.930655" lon="6.725992">
      </trkpt>
      <trkpt lat="46.930655" lon="6.726044">
      </trkpt>
      <trkpt lat="46.930665" lon="6.726097">
      </trkpt>
      <trkpt lat="46.930674" lon="6.726136">
      </trkpt>
      <trkpt lat="46.930692" lon="6.726215">
      </trkpt>
      <trkpt lat="46.930711" lon="6.726293">
      </trkpt>
      <trkpt lat="46.930747" lon="6.726385">
      </trkpt>
      <trkpt lat="46.930775" lon="6.72645">
      </trkpt>
      <trkpt lat="46.930829" lon="6.726541">
      </trkpt>
      <trkpt lat="46.930957" lon="6.726802">
      </trkpt>
      <trkpt lat="46.931111" lon="6.727063">
      </trkpt>
      <trkpt lat="46.931212" lon="6.72735">
      </trkpt>
      <trkpt lat="46.931249" lon="6.727494">
      </trkpt>
      <trkpt lat="46.931286" lon="6.727586">
      </trkpt>
      <trkpt lat="46.931322" lon="6.727703">
      </trkpt>
      <trkpt lat="46.93135" lon="6.727782">
      </trkpt>
      <trkpt lat="46.931368" lon="6.727847">
      </trkpt>
      <trkpt lat="46.931387" lon="6.727926">
      </trkpt>
      <trkpt lat="46.931478" lon="6.728174">
      </trkpt>
      <trkpt lat="46.931533" lon="6.72837">
      </trkpt>
      <trkpt lat="46.931552" lon="6.728436">
      </trkpt>
      <trkpt lat="46.931552" lon="6.728501">
      </trkpt>
      <trkpt lat="46.931562" lon="6.728606">
      </trkpt>
      <trkpt lat="46.931562" lon="6.728672">
      </trkpt>
      <trkpt lat="46.931546" lon="6.728908">
      </trkpt>
      <trkpt lat="46.931591" lon="6.728908">
      </trkpt>
      <trkpt lat="46.931582" lon="6.728987">
      </trkpt>
      <trkpt lat="46.931582" lon="6.728987">
      </trkpt>
      <trkpt lat="46.931582" lon="6.729013">
      </trkpt>
      <trkpt lat="46.931565" lon="6.729131">
      </trkpt>
      <trkpt lat="46.931574" lon="6.729158">
      </trkpt>
      <trkpt lat="46.931575" lon="6.729197">
      </trkpt>
      <trkpt lat="46.931575" lon="6.729302">
      </trkpt>
      <trkpt lat="46.931576" lon="6.729407">
      </trkpt>
      <trkpt lat="46.931576" lon="6.72946">
      </trkpt>
      <trkpt lat="46.931585" lon="6.729512">
      </trkpt>
      <trkpt lat="46.931595" lon="6.729551">
      </trkpt>
      <trkpt lat="46.931586" lon="6.72963">
      </trkpt>
      <trkpt lat="46.931586" lon="6.72967">
      </trkpt>
      <trkpt lat="46.931596" lon="6.729709">
      </trkpt>
      <trkpt lat="46.931632" lon="6.729774">
      </trkpt>
      <trkpt lat="46.931696" lon="6.729865">
      </trkpt>
      <trkpt lat="46.931777" lon="6.729969">
      </trkpt>
      <trkpt lat="46.931777" lon="6.729969">
      </trkpt>
      <trkpt lat="46.931832" lon="6.730034">
      </trkpt>
      <trkpt lat="46.931904" lon="6.730151">
      </trkpt>
      <trkpt lat="46.931959" lon="6.730256">
      </trkpt>
      <trkpt lat="46.931987" lon="6.7304">
      </trkpt>
      <trkpt lat="46.932015" lon="6.730531">
      </trkpt>
      <trkpt lat="46.93207" lon="6.730793">
      </trkpt>
      <trkpt lat="46.932144" lon="6.731172">
      </trkpt>
      <trkpt lat="46.932144" lon="6.731172">
      </trkpt>
      <trkpt lat="46.932172" lon="6.731264">
      </trkpt>
      <trkpt lat="46.932191" lon="6.731342">
      </trkpt>
      <trkpt lat="46.932254" lon="6.731473">
      </trkpt>
      <trkpt lat="46.932309" lon="6.731525">
      </trkpt>
      <trkpt lat="46.93239" lon="6.731589">
      </trkpt>
      <trkpt lat="46.932417" lon="6.731602">
      </trkpt>
      <trkpt lat="46.932426" lon="6.731602">
      </trkpt>
      <trkpt lat="46.932471" lon="6.731615">
      </trkpt>
      <trkpt lat="46.93248" lon="6.731614">
      </trkpt>
      <trkpt lat="46.932489" lon="6.731641">
      </trkpt>
      <trkpt lat="46.932525" lon="6.73168">
      </trkpt>
      <trkpt lat="46.932571" lon="6.731771">
      </trkpt>
      <trkpt lat="46.932617" lon="6.731875">
      </trkpt>
      <trkpt lat="46.932726" lon="6.732136">
      </trkpt>
      <trkpt lat="46.932754" lon="6.732202">
      </trkpt>
      <trkpt lat="46.932772" lon="6.732241">
      </trkpt>
      <trkpt lat="46.932844" lon="6.732319">
      </trkpt>
      <trkpt lat="46.932862" lon="6.732358">
      </trkpt>
      <trkpt lat="46.932881" lon="6.732397">
      </trkpt>
      <trkpt lat="46.932909" lon="6.732541">
      </trkpt>
      <trkpt lat="46.932954" lon="6.732646">
      </trkpt>
      <trkpt lat="46.932991" lon="6.732724">
      </trkpt>
      <trkpt lat="46.933027" lon="6.732802">
      </trkpt>
      <trkpt lat="46.933046" lon="6.732881">
      </trkpt>
      <trkpt lat="46.933046" lon="6.732881">
      </trkpt>
      <trkpt lat="46.933038" lon="6.733065">
      </trkpt>
      <trkpt lat="46.933048" lon="6.733222">
      </trkpt>
      <trkpt lat="46.933066" lon="6.733327">
      </trkpt>
      <trkpt lat="46.93314" lon="6.733562">
      </trkpt>
      <trkpt lat="46.933177" lon="6.733693">
      </trkpt>
      <trkpt lat="46.933186" lon="6.733746">
      </trkpt>
      <trkpt lat="46.933222" lon="6.733785">
      </trkpt>
      <trkpt lat="46.933277" lon="6.733863">
      </trkpt>
      <trkpt lat="46.933403" lon="6.734005">
      </trkpt>
      <trkpt lat="46.933458" lon="6.734084">
      </trkpt>
      <trkpt lat="46.933512" lon="6.734175">
      </trkpt>
      <trkpt lat="46.93354" lon="6.734227">
      </trkpt>
      <trkpt lat="46.933585" lon="6.734279">
      </trkpt>
      <trkpt lat="46.933603" lon="6.734318">
      </trkpt>
      <trkpt lat="46.933676" lon="6.734448">
      </trkpt>
      <trkpt lat="46.933749" lon="6.734631">
      </trkpt>
      <trkpt lat="46.933831" lon="6.734853">
      </trkpt>
      <trkpt lat="46.933886" lon="6.734971">
      </trkpt>
      <trkpt lat="46.933895" lon="6.734997">
      </trkpt>
      <trkpt lat="46.933904" lon="6.735036">
      </trkpt>
      <trkpt lat="46.933905" lon="6.735076">
      </trkpt>
      <trkpt lat="46.933905" lon="6.735102">
      </trkpt>
      <trkpt lat="46.933896" lon="6.735142">
      </trkpt>
      <trkpt lat="46.933878" lon="6.735168">
      </trkpt>
      <trkpt lat="46.93386" lon="6.735195">
      </trkpt>
      <trkpt lat="46.93387" lon="6.735221">
      </trkpt>
      <trkpt lat="46.933879" lon="6.73526">
      </trkpt>
      <trkpt lat="46.933888" lon="6.735326">
      </trkpt>
      <trkpt lat="46.933907" lon="6.735417">
      </trkpt>
      <trkpt lat="46.933935" lon="6.735601">
      </trkpt>
      <trkpt lat="46.933945" lon="6.735771">
      </trkpt>
      <trkpt lat="46.933928" lon="6.735903">
      </trkpt>
      <trkpt lat="46.933947" lon="6.7361">
      </trkpt>
      <trkpt lat="46.933956" lon="6.736152">
      </trkpt>
      <trkpt lat="46.933966" lon="6.736217">
      </trkpt>
      <trkpt lat="46.933977" lon="6.736533">
      </trkpt>
      <trkpt lat="46.933986" lon="6.736611">
      </trkpt>
      <trkpt lat="46.934005" lon="6.736703">
      </trkpt>
      <trkpt lat="46.934014" lon="6.736782">
      </trkpt>
      <trkpt lat="46.934006" lon="6.736847">
      </trkpt>
      <trkpt lat="46.933988" lon="6.736913">
      </trkpt>
      <trkpt lat="46.93397" lon="6.736979">
      </trkpt>
      <trkpt lat="46.93398" lon="6.737032">
      </trkpt>
      <trkpt lat="46.934007" lon="6.73711">
      </trkpt>
      <trkpt lat="46.934025" lon="6.737149">
      </trkpt>
      <trkpt lat="46.934071" lon="6.737254">
      </trkpt>
      <trkpt lat="46.934071" lon="6.737293">
      </trkpt>
      <trkpt lat="46.93408" lon="6.737332">
      </trkpt>
      <trkpt lat="46.934081" lon="6.737372">
      </trkpt>
      <trkpt lat="46.934072" lon="6.737437">
      </trkpt>
      <trkpt lat="46.934073" lon="6.737542">
      </trkpt>
      <trkpt lat="46.934091" lon="6.737634">
      </trkpt>
      <trkpt lat="46.934092" lon="6.737674">
      </trkpt>
      <trkpt lat="46.934083" lon="6.737805">
      </trkpt>
      <trkpt lat="46.934084" lon="6.737858">
      </trkpt>
      <trkpt lat="46.934084" lon="6.737897">
      </trkpt>
      <trkpt lat="46.934093" lon="6.737976">
      </trkpt>
      <trkpt lat="46.934094" lon="6.738041">
      </trkpt>
      <trkpt lat="46.934085" lon="6.738094">
      </trkpt>
      <trkpt lat="46.934076" lon="6.738147">
      </trkpt>
      <trkpt lat="46.934059" lon="6.738226">
      </trkpt>
      <trkpt lat="46.93405" lon="6.738291">
      </trkpt>
      <trkpt lat="46.934033" lon="6.738344">
      </trkpt>
      <trkpt lat="46.934015" lon="6.738423">
      </trkpt>
      <trkpt lat="46.933998" lon="6.738476">
      </trkpt>
      <trkpt lat="46.933998" lon="6.738528">
      </trkpt>
      <trkpt lat="46.934008" lon="6.738633">
      </trkpt>
      <trkpt lat="46.934035" lon="6.738764">
      </trkpt>
      <trkpt lat="46.934045" lon="6.738856">
      </trkpt>
      <trkpt lat="46.934073" lon="6.739053">
      </trkpt>
      <trkpt lat="46.934101" lon="6.739262">
      </trkpt>
      <trkpt lat="46.93412" lon="6.739367">
      </trkpt>
      <trkpt lat="46.934129" lon="6.739433">
      </trkpt>
      <trkpt lat="46.93413" lon="6.739498">
      </trkpt>
      <trkpt lat="46.934121" lon="6.739591">
      </trkpt>
      <trkpt lat="46.934113" lon="6.739696">
      </trkpt>
      <trkpt lat="46.934114" lon="6.739801">
      </trkpt>
      <trkpt lat="46.934114" lon="6.739866">
      </trkpt>
      <trkpt lat="46.934123" lon="6.739919">
      </trkpt>
      <trkpt lat="46.934115" lon="6.739971">
      </trkpt>
      <trkpt lat="46.934098" lon="6.740116">
      </trkpt>
      <trkpt lat="46.934089" lon="6.740169">
      </trkpt>
      <trkpt lat="46.934089" lon="6.740182">
      </trkpt>
      <trkpt lat="46.93408" lon="6.740208">
      </trkpt>
      <trkpt lat="46.934081" lon="6.740274">
      </trkpt>
      <trkpt lat="46.934081" lon="6.740287">
      </trkpt>
      <trkpt lat="46.934072" lon="6.740313">
      </trkpt>
      <trkpt lat="46.934072" lon="6.740353">
      </trkpt>
      <trkpt lat="46.934081" lon="6.740379">
      </trkpt>
      <trkpt lat="46.934081" lon="6.740432">
      </trkpt>
      <trkpt lat="46.934082" lon="6.740471">
      </trkpt>
      <trkpt lat="46.934073" lon="6.740524">
      </trkpt>
      <trkpt lat="46.934055" lon="6.74055">
      </trkpt>
      <trkpt lat="46.934029" lon="6.740616">
      </trkpt>
      <trkpt lat="46.934029" lon="6.740642">
      </trkpt>
      <trkpt lat="46.934029" lon="6.740682">
      </trkpt>
      <trkpt lat="46.934029" lon="6.740708">
      </trkpt>
      <trkpt lat="46.93402" lon="6.740747">
      </trkpt>
      <trkpt lat="46.934012" lon="6.740853">
      </trkpt>
      <trkpt lat="46.934021" lon="6.740892">
      </trkpt>
      <trkpt lat="46.93403" lon="6.740918">
      </trkpt>
      <trkpt lat="46.934022" lon="6.740971">
      </trkpt>
      <trkpt lat="46.934013" lon="6.741023">
      </trkpt>
      <trkpt lat="46.934004" lon="6.74105">
      </trkpt>
      <trkpt lat="46.933996" lon="6.741102">
      </trkpt>
      <trkpt lat="46.933987" lon="6.741155">
      </trkpt>
      <trkpt lat="46.933987" lon="6.741221">
      </trkpt>
      <trkpt lat="46.933988" lon="6.741286">
      </trkpt>
      <trkpt lat="46.933988" lon="6.741286">
      </trkpt>
      <trkpt lat="46.933988" lon="6.741313">
      </trkpt>
      <trkpt lat="46.933979" lon="6.741339">
      </trkpt>
      <trkpt lat="46.93398" lon="6.741483">
      </trkpt>
      <trkpt lat="46.934007" lon="6.741522">
      </trkpt>
      <trkpt lat="46.934025" lon="6.741575">
      </trkpt>
      <trkpt lat="46.934035" lon="6.74164">
      </trkpt>
      <trkpt lat="46.934071" lon="6.741719">
      </trkpt>
      <trkpt lat="46.934117" lon="6.741836">
      </trkpt>
      <trkpt lat="46.934144" lon="6.741902">
      </trkpt>
      <trkpt lat="46.934172" lon="6.741954">
      </trkpt>
      <trkpt lat="46.934217" lon="6.742019">
      </trkpt>
      <trkpt lat="46.93428" lon="6.742084">
      </trkpt>
      <trkpt lat="46.93428" lon="6.742084">
      </trkpt>
      <trkpt lat="46.934516" lon="6.742317">
      </trkpt>
      <trkpt lat="46.934588" lon="6.742395">
      </trkpt>
      <trkpt lat="46.934643" lon="6.74246">
      </trkpt>
      <trkpt lat="46.934751" lon="6.74259">
      </trkpt>
      <trkpt lat="46.934942" lon="6.742876">
      </trkpt>
      <trkpt lat="46.935005" lon="6.742967">
      </trkpt>
      <trkpt lat="46.935042" lon="6.743019">
      </trkpt>
      <trkpt lat="46.935078" lon="6.743071">
      </trkpt>
      <trkpt lat="46.935078" lon="6.743071">
      </trkpt>
      <trkpt lat="46.935114" lon="6.743137">
      </trkpt>
      <trkpt lat="46.935178" lon="6.743267">
      </trkpt>
      <trkpt lat="46.935178" lon="6.743267">
      </trkpt>
      <trkpt lat="46.935233" lon="6.743385">
      </trkpt>
      <trkpt lat="46.93537" lon="6.743777">
      </trkpt>
      <trkpt lat="46.935416" lon="6.743868">
      </trkpt>
      <trkpt lat="46.93547" lon="6.743986">
      </trkpt>
      <trkpt lat="46.935507" lon="6.74409">
      </trkpt>
      <trkpt lat="46.935599" lon="6.744365">
      </trkpt>
      <trkpt lat="46.935626" lon="6.744456">
      </trkpt>
      <trkpt lat="46.935672" lon="6.744561">
      </trkpt>
      <trkpt lat="46.935718" lon="6.744678">
      </trkpt>
      <trkpt lat="46.935754" lon="6.744783">
      </trkpt>
      <trkpt lat="46.935809" lon="6.744914">
      </trkpt>
      <trkpt lat="46.935845" lon="6.745005">
      </trkpt>
      <trkpt lat="46.935891" lon="6.74511">
      </trkpt>
      <trkpt lat="46.935928" lon="6.745201">
      </trkpt>
      <trkpt lat="46.935973" lon="6.745345">
      </trkpt>
      <trkpt lat="46.935973" lon="6.745345">
      </trkpt>
      <trkpt lat="46.936001" lon="6.74541">
      </trkpt>
      <trkpt lat="46.936037" lon="6.745475">
      </trkpt>
      <trkpt lat="46.936083" lon="6.745554">
      </trkpt>
      <trkpt lat="46.936119" lon="6.745632">
      </trkpt>
      <trkpt lat="46.936156" lon="6.74571">
      </trkpt>
      <trkpt lat="46.936183" lon="6.745776">
      </trkpt>
      <trkpt lat="46.936238" lon="6.745919">
      </trkpt>
      <trkpt lat="46.936284" lon="6.746076">
      </trkpt>
      <trkpt lat="46.936302" lon="6.746129">
      </trkpt>
      <trkpt lat="46.936312" lon="6.746207">
      </trkpt>
      <trkpt lat="46.93634" lon="6.746417">
      </trkpt>
      <trkpt lat="46.936341" lon="6.746535">
      </trkpt>
      <trkpt lat="46.93635" lon="6.746653">
      </trkpt>
      <trkpt lat="46.936369" lon="6.746784">
      </trkpt>
      <trkpt lat="46.936397" lon="6.746981">
      </trkpt>
      <trkpt lat="46.936407" lon="6.747073">
      </trkpt>
      <trkpt lat="46.936417" lon="6.747296">
      </trkpt>
      <trkpt lat="46.936427" lon="6.747375">
      </trkpt>
      <trkpt lat="46.936427" lon="6.747427">
      </trkpt>
      <trkpt lat="46.936445" lon="6.747493">
      </trkpt>
      <trkpt lat="46.936463" lon="6.747532">
      </trkpt>
      <trkpt lat="46.936482" lon="6.747571">
      </trkpt>
      <trkpt lat="46.936509" lon="6.74761">
      </trkpt>
      <trkpt lat="46.936545" lon="6.747649">
      </trkpt>
      <trkpt lat="46.936599" lon="6.747688">
      </trkpt>
      <trkpt lat="46.936663" lon="6.747726">
      </trkpt>
      <trkpt lat="46.936717" lon="6.747778">
      </trkpt>
      <trkpt lat="46.936771" lon="6.747843">
      </trkpt>
      <trkpt lat="46.936889" lon="6.747986">
      </trkpt>
      <trkpt lat="46.936952" lon="6.748064">
      </trkpt>
      <trkpt lat="46.937025" lon="6.748142">
      </trkpt>
      <trkpt lat="46.937079" lon="6.74822">
      </trkpt>
      <trkpt lat="46.937125" lon="6.748285">
      </trkpt>
      <trkpt lat="46.937161" lon="6.74835">
      </trkpt>
      <trkpt lat="46.937198" lon="6.748428">
      </trkpt>
      <trkpt lat="46.937216" lon="6.748481">
      </trkpt>
      <trkpt lat="46.937225" lon="6.748546">
      </trkpt>
      <trkpt lat="46.937235" lon="6.748612">
      </trkpt>
      <trkpt lat="46.937235" lon="6.748717">
      </trkpt>
      <trkpt lat="46.937227" lon="6.748809">
      </trkpt>
      <trkpt lat="46.937237" lon="6.748927">
      </trkpt>
      <trkpt lat="46.937237" lon="6.748993">
      </trkpt>
      <trkpt lat="46.937255" lon="6.749084">
      </trkpt>
      <trkpt lat="46.937283" lon="6.749189">
      </trkpt>
      <trkpt lat="46.937302" lon="6.749268">
      </trkpt>
      <trkpt lat="46.937311" lon="6.749333">
      </trkpt>
      <trkpt lat="46.937312" lon="6.749478">
      </trkpt>
      <trkpt lat="46.937322" lon="6.749661">
      </trkpt>
      <trkpt lat="46.937322" lon="6.749727">
      </trkpt>
      <trkpt lat="46.937332" lon="6.749806">
      </trkpt>
      <trkpt lat="46.937387" lon="6.750068">
      </trkpt>
      <trkpt lat="46.937397" lon="6.75012">
      </trkpt>
      <trkpt lat="46.937397" lon="6.750186">
      </trkpt>
      <trkpt lat="46.937398" lon="6.75033">
      </trkpt>
      <trkpt lat="46.937391" lon="6.750632">
      </trkpt>
      <trkpt lat="46.937382" lon="6.750724">
      </trkpt>
      <trkpt lat="46.937383" lon="6.750777">
      </trkpt>
      <trkpt lat="46.937374" lon="6.750843">
      </trkpt>
      <trkpt lat="46.937348" lon="6.750935">
      </trkpt>
      <trkpt lat="46.937321" lon="6.751014">
      </trkpt>
      <trkpt lat="46.937286" lon="6.751107">
      </trkpt>
      <trkpt lat="46.937277" lon="6.751146">
      </trkpt>
      <trkpt lat="46.937268" lon="6.751212">
      </trkpt>
      <trkpt lat="46.93726" lon="6.751278">
      </trkpt>
      <trkpt lat="46.93727" lon="6.751422">
      </trkpt>
      <trkpt lat="46.937316" lon="6.751671">
      </trkpt>
      <trkpt lat="46.937316" lon="6.751723">
      </trkpt>
      <trkpt lat="46.937326" lon="6.751789">
      </trkpt>
      <trkpt lat="46.937328" lon="6.752235">
      </trkpt>
      <trkpt lat="46.937329" lon="6.752314">
      </trkpt>
      <trkpt lat="46.93732" lon="6.75238">
      </trkpt>
      <trkpt lat="46.937303" lon="6.752564">
      </trkpt>
      <trkpt lat="46.937286" lon="6.752709">
      </trkpt>
      <trkpt lat="46.937278" lon="6.752814">
      </trkpt>
      <trkpt lat="46.937278" lon="6.752906">
      </trkpt>
      <trkpt lat="46.937271" lon="6.753116">
      </trkpt>
      <trkpt lat="46.937281" lon="6.753352">
      </trkpt>
      <trkpt lat="46.937291" lon="6.75347">
      </trkpt>
      <trkpt lat="46.93732" lon="6.753798">
      </trkpt>
      <trkpt lat="46.93733" lon="6.753956">
      </trkpt>
      <trkpt lat="46.937331" lon="6.754127">
      </trkpt>
      <trkpt lat="46.937331" lon="6.754192">
      </trkpt>
      <trkpt lat="46.937341" lon="6.754258">
      </trkpt>
      <trkpt lat="46.937368" lon="6.754389">
      </trkpt>
      <trkpt lat="46.937368" lon="6.754389">
      </trkpt>
      <trkpt lat="46.937386" lon="6.754375">
      </trkpt>
      <trkpt lat="46.937395" lon="6.754349">
      </trkpt>
      <trkpt lat="46.937412" lon="6.754231">
      </trkpt>
      <trkpt lat="46.937412" lon="6.754231">
      </trkpt>
      <trkpt lat="46.937438" lon="6.75406">
      </trkpt>
      <trkpt lat="46.937472" lon="6.753744">
      </trkpt>
      <trkpt lat="46.93749" lon="6.753639">
      </trkpt>
      <trkpt lat="46.937498" lon="6.753547">
      </trkpt>
      <trkpt lat="46.937498" lon="6.753547">
      </trkpt>
      <trkpt lat="46.937542" lon="6.753415">
      </trkpt>
      <trkpt lat="46.937604" lon="6.753138">
      </trkpt>
      <trkpt lat="46.937639" lon="6.753046">
      </trkpt>
      <trkpt lat="46.937675" lon="6.75298">
      </trkpt>
      <trkpt lat="46.937746" lon="6.752874">
      </trkpt>
      <trkpt lat="46.93788" lon="6.752701">
      </trkpt>
      <trkpt lat="46.937924" lon="6.752622">
      </trkpt>
      <trkpt lat="46.937987" lon="6.752503">
      </trkpt>
      <trkpt lat="46.93804" lon="6.752436">
      </trkpt>
      <trkpt lat="46.938076" lon="6.75241">
      </trkpt>
      <trkpt lat="46.938139" lon="6.752356">
      </trkpt>
      <trkpt lat="46.93822" lon="6.752329">
      </trkpt>
      <trkpt lat="46.938255" lon="6.752329">
      </trkpt>
      <trkpt lat="46.938345" lon="6.752314">
      </trkpt>
      <trkpt lat="46.938444" lon="6.7523">
      </trkpt>
      <trkpt lat="46.938507" lon="6.752299">
      </trkpt>
      <trkpt lat="46.938642" lon="6.752311">
      </trkpt>
      <trkpt lat="46.938714" lon="6.75231">
      </trkpt>
      <trkpt lat="46.938759" lon="6.752309">
      </trkpt>
      <trkpt lat="46.938795" lon="6.752282">
      </trkpt>
      <trkpt lat="46.93884" lon="6.752255">
      </trkpt>
      <trkpt lat="46.938893" lon="6.752189">
      </trkpt>
      <trkpt lat="46.938982" lon="6.752017">
      </trkpt>
      <trkpt lat="46.939009" lon="6.751925">
      </trkpt>
      <trkpt lat="46.939044" lon="6.751819">
      </trkpt>
      <trkpt lat="46.939088" lon="6.751622">
      </trkpt>
      <trkpt lat="46.939114" lon="6.751451">
      </trkpt>
      <trkpt lat="46.939149" lon="6.751293">
      </trkpt>
      <trkpt lat="46.939175" lon="6.751161">
      </trkpt>
      <trkpt lat="46.939228" lon="6.751029">
      </trkpt>
      <trkpt lat="46.939344" lon="6.750791">
      </trkpt>
      <trkpt lat="46.939361" lon="6.750725">
      </trkpt>
      <trkpt lat="46.939379" lon="6.750633">
      </trkpt>
      <trkpt lat="46.939405" lon="6.750541">
      </trkpt>
      <trkpt lat="46.939502" lon="6.750224">
      </trkpt>
      <trkpt lat="46.939502" lon="6.750224">
      </trkpt>
      <trkpt lat="46.939609" lon="6.750092">
      </trkpt>
      <trkpt lat="46.939654" lon="6.750012">
      </trkpt>
      <trkpt lat="46.939689" lon="6.74992">
      </trkpt>
      <trkpt lat="46.939725" lon="6.749841">
      </trkpt>
      <trkpt lat="46.939751" lon="6.749748">
      </trkpt>
      <trkpt lat="46.939795" lon="6.749525">
      </trkpt>
      <trkpt lat="46.939813" lon="6.749472">
      </trkpt>
      <trkpt lat="46.939839" lon="6.749419">
      </trkpt>
      <trkpt lat="46.939875" lon="6.74934">
      </trkpt>
      <trkpt lat="46.94" lon="6.749207">
      </trkpt>
      <trkpt lat="46.940071" lon="6.749153">
      </trkpt>
      <trkpt lat="46.940215" lon="6.74902">
      </trkpt>
      <trkpt lat="46.940277" lon="6.748967">
      </trkpt>
      <trkpt lat="46.940331" lon="6.7489">
      </trkpt>
      <trkpt lat="46.940366" lon="6.748847">
      </trkpt>
      <trkpt lat="46.940393" lon="6.748795">
      </trkpt>
      <trkpt lat="46.940411" lon="6.748729">
      </trkpt>
      <trkpt lat="46.940437" lon="6.748623">
      </trkpt>
      <trkpt lat="46.940463" lon="6.748505">
      </trkpt>
      <trkpt lat="46.94048" lon="6.748347">
      </trkpt>
      <trkpt lat="46.940505" lon="6.748018">
      </trkpt>
      <trkpt lat="46.940531" lon="6.74786">
      </trkpt>
      <trkpt lat="46.94061" lon="6.747386">
      </trkpt>
      <trkpt lat="46.940627" lon="6.747268">
      </trkpt>
      <trkpt lat="46.940644" lon="6.747136">
      </trkpt>
      <trkpt lat="46.94067" lon="6.747018">
      </trkpt>
      <trkpt lat="46.940705" lon="6.746873">
      </trkpt>
      <trkpt lat="46.940758" lon="6.746728">
      </trkpt>
      <trkpt lat="46.940812" lon="6.746596">
      </trkpt>
      <trkpt lat="46.940874" lon="6.746464">
      </trkpt>
      <trkpt lat="46.940945" lon="6.746358">
      </trkpt>
      <trkpt lat="46.941016" lon="6.746212">
      </trkpt>
      <trkpt lat="46.941052" lon="6.746146">
      </trkpt>
      <trkpt lat="46.941078" lon="6.746067">
      </trkpt>
      <trkpt lat="46.941096" lon="6.745988">
      </trkpt>
      <trkpt lat="46.941104" lon="6.745896">
      </trkpt>
      <trkpt lat="46.941104" lon="6.745817">
      </trkpt>
      <trkpt lat="46.941103" lon="6.745725">
      </trkpt>
      <trkpt lat="46.941103" lon="6.745725">
      </trkpt>
      <trkpt lat="46.941075" lon="6.745489">
      </trkpt>
      <trkpt lat="46.941056" lon="6.745397">
      </trkpt>
      <trkpt lat="46.941047" lon="6.745345">
      </trkpt>
      <trkpt lat="46.941019" lon="6.745227">
      </trkpt>
      <trkpt lat="46.940992" lon="6.745122">
      </trkpt>
      <trkpt lat="46.940973" lon="6.745044">
      </trkpt>
      <trkpt lat="46.940964" lon="6.744965">
      </trkpt>
      <trkpt lat="46.940926" lon="6.744729">
      </trkpt>
      <trkpt lat="46.940908" lon="6.744624">
      </trkpt>
      <trkpt lat="46.940843" lon="6.744336">
      </trkpt>
      <trkpt lat="46.940815" lon="6.744218">
      </trkpt>
      <trkpt lat="46.940797" lon="6.744127">
      </trkpt>
      <trkpt lat="46.940769" lon="6.744022">
      </trkpt>
      <trkpt lat="46.940678" lon="6.743774">
      </trkpt>
      <trkpt lat="46.940623" lon="6.743669">
      </trkpt>
      <trkpt lat="46.940587" lon="6.743591">
      </trkpt>
      <trkpt lat="46.94055" lon="6.743486">
      </trkpt>
      <trkpt lat="46.940513" lon="6.743395">
      </trkpt>
      <trkpt lat="46.940468" lon="6.74329">
      </trkpt>
      <trkpt lat="46.940377" lon="6.743134">
      </trkpt>
      <trkpt lat="46.940359" lon="6.743082">
      </trkpt>
      <trkpt lat="46.940331" lon="6.743016">
      </trkpt>
      <trkpt lat="46.940313" lon="6.742938">
      </trkpt>
      <trkpt lat="46.940285" lon="6.742859">
      </trkpt>
      <trkpt lat="46.940249" lon="6.742768">
      </trkpt>
      <trkpt lat="46.940212" lon="6.742676">
      </trkpt>
      <trkpt lat="46.940185" lon="6.742637">
      </trkpt>
      <trkpt lat="46.940149" lon="6.742585">
      </trkpt>
      <trkpt lat="46.940112" lon="6.742533">
      </trkpt>
      <trkpt lat="46.940094" lon="6.742507">
      </trkpt>
      <trkpt lat="46.940049" lon="6.742429">
      </trkpt>
      <trkpt lat="46.939921" lon="6.742168">
      </trkpt>
      <trkpt lat="46.939875" lon="6.74205">
      </trkpt>
      <trkpt lat="46.939784" lon="6.741841">
      </trkpt>
      <trkpt lat="46.939739" lon="6.741737">
      </trkpt>
      <trkpt lat="46.939629" lon="6.74141">
      </trkpt>
      <trkpt lat="46.93961" lon="6.741318">
      </trkpt>
      <trkpt lat="46.939592" lon="6.741253">
      </trkpt>
      <trkpt lat="46.939573" lon="6.741187">
      </trkpt>
      <trkpt lat="46.939536" lon="6.740978">
      </trkpt>
      <trkpt lat="46.939509" lon="6.740886">
      </trkpt>
      <trkpt lat="46.939481" lon="6.740795">
      </trkpt>
      <trkpt lat="46.939353" lon="6.740455">
      </trkpt>
      <trkpt lat="46.939316" lon="6.74035">
      </trkpt>
      <trkpt lat="46.939243" lon="6.740115">
      </trkpt>
      <trkpt lat="46.939215" lon="6.739997">
      </trkpt>
      <trkpt lat="46.93916" lon="6.739748">
      </trkpt>
      <trkpt lat="46.939132" lon="6.739604">
      </trkpt>
      <trkpt lat="46.939104" lon="6.739473">
      </trkpt>
      <trkpt lat="46.939058" lon="6.739237">
      </trkpt>
      <trkpt lat="46.938992" lon="6.738857">
      </trkpt>
      <trkpt lat="46.938964" lon="6.738621">
      </trkpt>
      <trkpt lat="46.938954" lon="6.738529">
      </trkpt>
      <trkpt lat="46.938954" lon="6.738437">
      </trkpt>
      <trkpt lat="46.938962" lon="6.738359">
      </trkpt>
      <trkpt lat="46.938971" lon="6.73828">
      </trkpt>
      <trkpt lat="46.938988" lon="6.738187">
      </trkpt>
      <trkpt lat="46.939005" lon="6.738016">
      </trkpt>
      <trkpt lat="46.939014" lon="6.737964">
      </trkpt>
      <trkpt lat="46.939023" lon="6.737911">
      </trkpt>
      <trkpt lat="46.939013" lon="6.737859">
      </trkpt>
      <trkpt lat="46.939013" lon="6.737793">
      </trkpt>
      <trkpt lat="46.938994" lon="6.737728">
      </trkpt>
      <trkpt lat="46.938976" lon="6.737623">
      </trkpt>
      <trkpt lat="46.938948" lon="6.737518">
      </trkpt>
      <trkpt lat="46.93893" lon="6.737426">
      </trkpt>
      <trkpt lat="46.938911" lon="6.737322">
      </trkpt>
      <trkpt lat="46.938911" lon="6.737256">
      </trkpt>
      <trkpt lat="46.938892" lon="6.737191">
      </trkpt>
      <trkpt lat="46.938883" lon="6.737138">
      </trkpt>
      <trkpt lat="46.93881" lon="6.736968">
      </trkpt>
      <trkpt lat="46.938755" lon="6.736864">
      </trkpt>
      <trkpt lat="46.938719" lon="6.736773">
      </trkpt>
      <trkpt lat="46.938664" lon="6.736616">
      </trkpt>
      <trkpt lat="46.938636" lon="6.736524">
      </trkpt>
      <trkpt lat="46.938618" lon="6.736419">
      </trkpt>
      <trkpt lat="46.938599" lon="6.736314">
      </trkpt>
      <trkpt lat="46.938598" lon="6.736209">
      </trkpt>
      <trkpt lat="46.938598" lon="6.736117">
      </trkpt>
      <trkpt lat="46.938597" lon="6.736065">
      </trkpt>
      <trkpt lat="46.938624" lon="6.735973">
      </trkpt>
      <trkpt lat="46.938694" lon="6.735722">
      </trkpt>
      <trkpt lat="46.938721" lon="6.735617">
      </trkpt>
      <trkpt lat="46.938756" lon="6.735511">
      </trkpt>
      <trkpt lat="46.938773" lon="6.735419">
      </trkpt>
      <trkpt lat="46.9388" lon="6.7353">
      </trkpt>
      <trkpt lat="46.938817" lon="6.735169">
      </trkpt>
      <trkpt lat="46.938843" lon="6.735064">
      </trkpt>
      <trkpt lat="46.938869" lon="6.734945">
      </trkpt>
      <trkpt lat="46.93894" lon="6.734773">
      </trkpt>
      <trkpt lat="46.938967" lon="6.734707">
      </trkpt>
      <trkpt lat="46.938976" lon="6.734681">
      </trkpt>
      <trkpt lat="46.938985" lon="6.734641">
      </trkpt>
      <trkpt lat="46.938984" lon="6.734602">
      </trkpt>
      <trkpt lat="46.938975" lon="6.73455">
      </trkpt>
      <trkpt lat="46.938929" lon="6.734353">
      </trkpt>
      <trkpt lat="46.938901" lon="6.734235">
      </trkpt>
      <trkpt lat="46.938873" lon="6.734131">
      </trkpt>
      <trkpt lat="46.938846" lon="6.734026">
      </trkpt>
      <trkpt lat="46.938809" lon="6.733921">
      </trkpt>
      <trkpt lat="46.938782" lon="6.73383">
      </trkpt>
      <trkpt lat="46.938772" lon="6.733804">
      </trkpt>
      <trkpt lat="46.938772" lon="6.733751">
      </trkpt>
      <trkpt lat="46.938772" lon="6.733712">
      </trkpt>
      <trkpt lat="46.93879" lon="6.733659">
      </trkpt>
      <trkpt lat="46.938807" lon="6.733619">
      </trkpt>
      <trkpt lat="46.938834" lon="6.733593">
      </trkpt>
      <trkpt lat="46.938879" lon="6.733553">
      </trkpt>
      <trkpt lat="46.938879" lon="6.733553">
      </trkpt>
      <trkpt lat="46.938906" lon="6.733631">
      </trkpt>
      <trkpt lat="46.939043" lon="6.733905">
      </trkpt>
      <trkpt lat="46.939052" lon="6.733944">
      </trkpt>
      <trkpt lat="46.939061" lon="6.733971">
      </trkpt>
      <trkpt lat="46.939071" lon="6.734023">
      </trkpt>
      <trkpt lat="46.93909" lon="6.734193">
      </trkpt>
      <trkpt lat="46.939099" lon="6.734285">
      </trkpt>
      <trkpt lat="46.939118" lon="6.734338">
      </trkpt>
      <trkpt lat="46.939136" lon="6.734416">
      </trkpt>
      <trkpt lat="46.939182" lon="6.734534">
      </trkpt>
      <trkpt lat="46.939209" lon="6.734586">
      </trkpt>
      <trkpt lat="46.939218" lon="6.734638">
      </trkpt>
      <trkpt lat="46.939228" lon="6.734691">
      </trkpt>
      <trkpt lat="46.939228" lon="6.734756">
      </trkpt>
      <trkpt lat="46.939219" lon="6.734809">
      </trkpt>
      <trkpt lat="46.939211" lon="6.734862">
      </trkpt>
      <trkpt lat="46.939202" lon="6.734914">
      </trkpt>
      <trkpt lat="46.939203" lon="6.73498">
      </trkpt>
      <trkpt lat="46.939212" lon="6.735072">
      </trkpt>
      <trkpt lat="46.939231" lon="6.735295">
      </trkpt>
      <trkpt lat="46.93925" lon="6.735413">
      </trkpt>
      <trkpt lat="46.939278" lon="6.735544">
      </trkpt>
      <trkpt lat="46.939297" lon="6.735649">
      </trkpt>
      <trkpt lat="46.939306" lon="6.735727">
      </trkpt>
      <trkpt lat="46.939307" lon="6.735911">
      </trkpt>
      <trkpt lat="46.939317" lon="6.736016">
      </trkpt>
      <trkpt lat="46.939335" lon="6.736108">
      </trkpt>
      <trkpt lat="46.939354" lon="6.73616">
      </trkpt>
      <trkpt lat="46.939372" lon="6.736212">
      </trkpt>
      <trkpt lat="46.939399" lon="6.736251">
      </trkpt>
      <trkpt lat="46.939444" lon="6.736277">
      </trkpt>
      <trkpt lat="46.939517" lon="6.736329">
      </trkpt>
      <trkpt lat="46.939544" lon="6.736355">
      </trkpt>
      <trkpt lat="46.939571" lon="6.736407">
      </trkpt>
      <trkpt lat="46.939626" lon="6.736524">
      </trkpt>
      <trkpt lat="46.939735" lon="6.736772">
      </trkpt>
      <trkpt lat="46.939781" lon="6.736903">
      </trkpt>
      <trkpt lat="46.939845" lon="6.73702">
      </trkpt>
      <trkpt lat="46.939899" lon="6.737125">
      </trkpt>
      <trkpt lat="46.939954" lon="6.737203">
      </trkpt>
      <trkpt lat="46.940081" lon="6.737385">
      </trkpt>
      <trkpt lat="46.940135" lon="6.737476">
      </trkpt>
      <trkpt lat="46.94019" lon="6.737554">
      </trkpt>
      <trkpt lat="46.940253" lon="6.737659">
      </trkpt>
      <trkpt lat="46.940299" lon="6.737737">
      </trkpt>
      <trkpt lat="46.940335" lon="6.737828">
      </trkpt>
      <trkpt lat="46.940381" lon="6.737946">
      </trkpt>
      <trkpt lat="46.940427" lon="6.73805">
      </trkpt>
      <trkpt lat="46.940472" lon="6.738155">
      </trkpt>
      <trkpt lat="46.940581" lon="6.738311">
      </trkpt>
      <trkpt lat="46.940799" lon="6.738597">
      </trkpt>
      <trkpt lat="46.940853" lon="6.738675">
      </trkpt>
      <trkpt lat="46.940917" lon="6.738766">
      </trkpt>
      <trkpt lat="46.940953" lon="6.738832">
      </trkpt>
      <trkpt lat="46.940981" lon="6.738897">
      </trkpt>
      <trkpt lat="46.941036" lon="6.73908">
      </trkpt>
      <trkpt lat="46.941072" lon="6.739145">
      </trkpt>
      <trkpt lat="46.94119" lon="6.739314">
      </trkpt>
      <trkpt lat="46.941236" lon="6.739406">
      </trkpt>
      <trkpt lat="46.941281" lon="6.739497">
      </trkpt>
      <trkpt lat="46.941327" lon="6.739615">
      </trkpt>
      <trkpt lat="46.941373" lon="6.739732">
      </trkpt>
      <trkpt lat="46.941418" lon="6.73985">
      </trkpt>
      <trkpt lat="46.941446" lon="6.739968">
      </trkpt>
      <trkpt lat="46.941473" lon="6.740046">
      </trkpt>
      <trkpt lat="46.941492" lon="6.740138">
      </trkpt>
      <trkpt lat="46.941502" lon="6.740243">
      </trkpt>
      <trkpt lat="46.941493" lon="6.740335">
      </trkpt>
      <trkpt lat="46.941467" lon="6.740467">
      </trkpt>
      <trkpt lat="46.94145" lon="6.740546">
      </trkpt>
      <trkpt lat="46.941441" lon="6.740612">
      </trkpt>
      <trkpt lat="46.941441" lon="6.740612">
      </trkpt>
      <trkpt lat="46.941486" lon="6.740637">
      </trkpt>
      <trkpt lat="46.94154" lon="6.740676">
      </trkpt>
      <trkpt lat="46.941567" lon="6.740689">
      </trkpt>
      <trkpt lat="46.941594" lon="6.740675">
      </trkpt>
      <trkpt lat="46.941621" lon="6.740662">
      </trkpt>
      <trkpt lat="46.941648" lon="6.740648">
      </trkpt>
      <trkpt lat="46.941675" lon="6.740648">
      </trkpt>
      <trkpt lat="46.941684" lon="6.740661">
      </trkpt>
      <trkpt lat="46.941711" lon="6.740687">
      </trkpt>
      <trkpt lat="46.941711" lon="6.740687">
      </trkpt>
      <trkpt lat="46.941738" lon="6.740568">
      </trkpt>
      <trkpt lat="46.941746" lon="6.740516">
      </trkpt>
      <trkpt lat="46.941754" lon="6.740358">
      </trkpt>
      <trkpt lat="46.941754" lon="6.740253">
      </trkpt>
      <trkpt lat="46.941762" lon="6.740161">
      </trkpt>
      <trkpt lat="46.941752" lon="6.740069">
      </trkpt>
      <trkpt lat="46.941743" lon="6.739964">
      </trkpt>
      <trkpt lat="46.941742" lon="6.739833">
      </trkpt>
      <trkpt lat="46.941742" lon="6.739767">
      </trkpt>
      <trkpt lat="46.941741" lon="6.739701">
      </trkpt>
      <trkpt lat="46.941732" lon="6.73961">
      </trkpt>
      <trkpt lat="46.941722" lon="6.739557">
      </trkpt>
      <trkpt lat="46.941704" lon="6.739465">
      </trkpt>
      <trkpt lat="46.941703" lon="6.739387">
      </trkpt>
      <trkpt lat="46.941693" lon="6.73919">
      </trkpt>
      <trkpt lat="46.941684" lon="6.739137">
      </trkpt>
      <trkpt lat="46.941638" lon="6.738941">
      </trkpt>
      <trkpt lat="46.94161" lon="6.738823">
      </trkpt>
      <trkpt lat="46.941582" lon="6.738705">
      </trkpt>
      <trkpt lat="46.941573" lon="6.73864">
      </trkpt>
      <trkpt lat="46.941563" lon="6.738587">
      </trkpt>
      <trkpt lat="46.941563" lon="6.738535">
      </trkpt>
      <trkpt lat="46.941571" lon="6.738377">
      </trkpt>
      <trkpt lat="46.941571" lon="6.738311">
      </trkpt>
      <trkpt lat="46.941561" lon="6.738246">
      </trkpt>
      <trkpt lat="46.941543" lon="6.73818">
      </trkpt>
      <trkpt lat="46.941525" lon="6.738115">
      </trkpt>
      <trkpt lat="46.941506" lon="6.738049">
      </trkpt>
      <trkpt lat="46.94147" lon="6.737958">
      </trkpt>
      <trkpt lat="46.941351" lon="6.737723">
      </trkpt>
      <trkpt lat="46.941306" lon="6.737619">
      </trkpt>
      <trkpt lat="46.941269" lon="6.737514">
      </trkpt>
      <trkpt lat="46.941233" lon="6.737449">
      </trkpt>
      <trkpt lat="46.941187" lon="6.737344">
      </trkpt>
      <trkpt lat="46.941114" lon="6.737188">
      </trkpt>
      <trkpt lat="46.941096" lon="6.737135">
      </trkpt>
      <trkpt lat="46.941059" lon="6.737005">
      </trkpt>
      <trkpt lat="46.941022" lon="6.736913">
      </trkpt>
      <trkpt lat="46.940995" lon="6.736835">
      </trkpt>
      <trkpt lat="46.940968" lon="6.736756">
      </trkpt>
      <trkpt lat="46.940886" lon="6.736587">
      </trkpt>
      <trkpt lat="46.940849" lon="6.736508">
      </trkpt>
      <trkpt lat="46.940831" lon="6.73643">
      </trkpt>
      <trkpt lat="46.940803" lon="6.736338">
      </trkpt>
      <trkpt lat="46.940739" lon="6.736089">
      </trkpt>
      <trkpt lat="46.940702" lon="6.735985">
      </trkpt>
      <trkpt lat="46.940674" lon="6.735867">
      </trkpt>
      <trkpt lat="46.940665" lon="6.735815">
      </trkpt>
      <trkpt lat="46.940665" lon="6.735775">
      </trkpt>
      <trkpt lat="46.940673" lon="6.735736">
      </trkpt>
      <trkpt lat="46.940691" lon="6.73567">
      </trkpt>
      <trkpt lat="46.940718" lon="6.735604">
      </trkpt>
      <trkpt lat="46.940753" lon="6.735524">
      </trkpt>
      <trkpt lat="46.940789" lon="6.735471">
      </trkpt>
      <trkpt lat="46.94086" lon="6.735365">
      </trkpt>
      <trkpt lat="46.940878" lon="6.735339">
      </trkpt>
      <trkpt lat="46.940887" lon="6.735299">
      </trkpt>
      <trkpt lat="46.940895" lon="6.735247">
      </trkpt>
      <trkpt lat="46.940886" lon="6.735181">
      </trkpt>
      <trkpt lat="46.940877" lon="6.735116">
      </trkpt>
      <trkpt lat="46.940858" lon="6.73505">
      </trkpt>
      <trkpt lat="46.940803" lon="6.73492">
      </trkpt>
      <trkpt lat="46.940794" lon="6.734867">
      </trkpt>
      <trkpt lat="46.940785" lon="6.734828">
      </trkpt>
      <trkpt lat="46.940794" lon="6.734788">
      </trkpt>
      <trkpt lat="46.940802" lon="6.734762">
      </trkpt>
      <trkpt lat="46.940829" lon="6.734722">
      </trkpt>
      <trkpt lat="46.940829" lon="6.734722">
      </trkpt>
      <trkpt lat="46.940847" lon="6.734722">
      </trkpt>
      <trkpt lat="46.940865" lon="6.734722">
      </trkpt>
      <trkpt lat="46.940892" lon="6.734735">
      </trkpt>
      <trkpt lat="46.940937" lon="6.734773">
      </trkpt>
      <trkpt lat="46.940974" lon="6.734839">
      </trkpt>
      <trkpt lat="46.94101" lon="6.734904">
      </trkpt>
      <trkpt lat="46.941092" lon="6.73506">
      </trkpt>
      <trkpt lat="46.941138" lon="6.735165">
      </trkpt>
      <trkpt lat="46.941202" lon="6.735361">
      </trkpt>
      <trkpt lat="46.941229" lon="6.735466">
      </trkpt>
      <trkpt lat="46.941266" lon="6.73557">
      </trkpt>
      <trkpt lat="46.94133" lon="6.735793">
      </trkpt>
      <trkpt lat="46.941358" lon="6.735832">
      </trkpt>
      <trkpt lat="46.941385" lon="6.735844">
      </trkpt>
      <trkpt lat="46.941421" lon="6.735844">
      </trkpt>
      <trkpt lat="46.941448" lon="6.735817">
      </trkpt>
      <trkpt lat="46.941465" lon="6.735778">
      </trkpt>
      <trkpt lat="46.941474" lon="6.735738">
      </trkpt>
      <trkpt lat="46.941482" lon="6.735581">
      </trkpt>
      <trkpt lat="46.941499" lon="6.735488">
      </trkpt>
      <trkpt lat="46.941526" lon="6.735396">
      </trkpt>
      <trkpt lat="46.941553" lon="6.735343">
      </trkpt>
      <trkpt lat="46.941597" lon="6.73529">
      </trkpt>
      <trkpt lat="46.941651" lon="6.735237">
      </trkpt>
      <trkpt lat="46.941758" lon="6.73513">
      </trkpt>
      <trkpt lat="46.941794" lon="6.735104">
      </trkpt>
      <trkpt lat="46.94183" lon="6.735103">
      </trkpt>
      <trkpt lat="46.941875" lon="6.735103">
      </trkpt>
      <trkpt lat="46.941875" lon="6.735103">
      </trkpt>
      <trkpt lat="46.941893" lon="6.735102">
      </trkpt>
      <trkpt lat="46.941929" lon="6.735141">
      </trkpt>
      <trkpt lat="46.941956" lon="6.735167">
      </trkpt>
      <trkpt lat="46.942011" lon="6.735219">
      </trkpt>
      <trkpt lat="46.942056" lon="6.735284">
      </trkpt>
      <trkpt lat="46.942083" lon="6.735323">
      </trkpt>
      <trkpt lat="46.942083" lon="6.735323">
      </trkpt>
      <trkpt lat="46.942092" lon="6.735349">
      </trkpt>
      <trkpt lat="46.942174" lon="6.735506">
      </trkpt>
      <trkpt lat="46.942229" lon="6.73561">
      </trkpt>
      <trkpt lat="46.942265" lon="6.735675">
      </trkpt>
      <trkpt lat="46.942293" lon="6.735728">
      </trkpt>
      <trkpt lat="46.942383" lon="6.735845">
      </trkpt>
      <trkpt lat="46.942419" lon="6.735883">
      </trkpt>
      <trkpt lat="46.942447" lon="6.735909">
      </trkpt>
      <trkpt lat="46.942573" lon="6.735987">
      </trkpt>
      <trkpt lat="46.9426" lon="6.736012">
      </trkpt>
      <trkpt lat="46.942627" lon="6.736051">
      </trkpt>
      <trkpt lat="46.942655" lon="6.736104">
      </trkpt>
      <trkpt lat="46.942673" lon="6.73613">
      </trkpt>
      <trkpt lat="46.942673" lon="6.73613">
      </trkpt>
      <trkpt lat="46.942728" lon="6.736247">
      </trkpt>
      <trkpt lat="46.942818" lon="6.736404">
      </trkpt>
      <trkpt lat="46.942855" lon="6.736443">
      </trkpt>
      <trkpt lat="46.942972" lon="6.736572">
      </trkpt>
      <trkpt lat="46.943018" lon="6.736598">
      </trkpt>
      <trkpt lat="46.943081" lon="6.736637">
      </trkpt>
      <trkpt lat="46.943081" lon="6.736637">
      </trkpt>
      <trkpt lat="46.943162" lon="6.736662">
      </trkpt>
      <trkpt lat="46.943225" lon="6.736687">
      </trkpt>
      <trkpt lat="46.943297" lon="6.736726">
      </trkpt>
      <trkpt lat="46.943351" lon="6.736764">
      </trkpt>
      <trkpt lat="46.943397" lon="6.736803">
      </trkpt>
      <trkpt lat="46.943433" lon="6.736855">
      </trkpt>
      <trkpt lat="46.943433" lon="6.736855">
      </trkpt>
      <trkpt lat="46.943487" lon="6.736815">
      </trkpt>
      <trkpt lat="46.943522" lon="6.736775">
      </trkpt>
      <trkpt lat="46.94354" lon="6.736736">
      </trkpt>
      <trkpt lat="46.943549" lon="6.736696">
      </trkpt>
      <trkpt lat="46.943549" lon="6.736644">
      </trkpt>
      <trkpt lat="46.943539" lon="6.736539">
      </trkpt>
      <trkpt lat="46.94353" lon="6.736473">
      </trkpt>
      <trkpt lat="46.94353" lon="6.736473">
      </trkpt>
      <trkpt lat="46.943529" lon="6.736434">
      </trkpt>
      <trkpt lat="46.943501" lon="6.736145">
      </trkpt>
      <trkpt lat="46.943451" lon="6.735437">
      </trkpt>
      <trkpt lat="46.943451" lon="6.73541">
      </trkpt>
      <trkpt lat="46.94346" lon="6.735384">
      </trkpt>
      <trkpt lat="46.943496" lon="6.735344">
      </trkpt>
      <trkpt lat="46.943567" lon="6.735317">
      </trkpt>
      <trkpt lat="46.943612" lon="6.735316">
      </trkpt>
      <trkpt lat="46.943666" lon="6.735302">
      </trkpt>
      <trkpt lat="46.94372" lon="6.735275">
      </trkpt>
      <trkpt lat="46.943846" lon="6.735195">
      </trkpt>
      <trkpt lat="46.943908" lon="6.735155">
      </trkpt>
      <trkpt lat="46.943944" lon="6.735128">
      </trkpt>
      <trkpt lat="46.943989" lon="6.735114">
      </trkpt>
      <trkpt lat="46.944025" lon="6.735114">
      </trkpt>
      <trkpt lat="46.944061" lon="6.735126">
      </trkpt>
      <trkpt lat="46.944106" lon="6.735152">
      </trkpt>
      <trkpt lat="46.944142" lon="6.735191">
      </trkpt>
      <trkpt lat="46.94417" lon="6.73523">
      </trkpt>
      <trkpt lat="46.944242" lon="6.735295">
      </trkpt>
      <trkpt lat="46.944278" lon="6.735307">
      </trkpt>
      <trkpt lat="46.944314" lon="6.735307">
      </trkpt>
      <trkpt lat="46.94435" lon="6.73528">
      </trkpt>
      <trkpt lat="46.944394" lon="6.735227">
      </trkpt>
      <trkpt lat="46.944475" lon="6.735082">
      </trkpt>
      <trkpt lat="46.944537" lon="6.734976">
      </trkpt>
      <trkpt lat="46.944653" lon="6.734803">
      </trkpt>
      <trkpt lat="46.944822" lon="6.734552">
      </trkpt>
      <trkpt lat="46.944938" lon="6.734379">
      </trkpt>
      <trkpt lat="46.945009" lon="6.734273">
      </trkpt>
      <trkpt lat="46.94508" lon="6.734141">
      </trkpt>
      <trkpt lat="46.945125" lon="6.734048">
      </trkpt>
      <trkpt lat="46.945196" lon="6.733903">
      </trkpt>
      <trkpt lat="46.945249" lon="6.733797">
      </trkpt>
      <trkpt lat="46.945285" lon="6.733705">
      </trkpt>
      <trkpt lat="46.945302" lon="6.733626">
      </trkpt>
      <trkpt lat="46.945302" lon="6.733573">
      </trkpt>
      <trkpt lat="46.945302" lon="6.733573">
      </trkpt>
      <trkpt lat="46.945292" lon="6.733508">
      </trkpt>
      <trkpt lat="46.945292" lon="6.733508">
      </trkpt>
      <trkpt lat="46.945274" lon="6.733482">
      </trkpt>
      <trkpt lat="46.945256" lon="6.733469">
      </trkpt>
      <trkpt lat="46.945238" lon="6.733456">
      </trkpt>
      <trkpt lat="46.945238" lon="6.733456">
      </trkpt>
      <trkpt lat="46.945238" lon="6.733364">
      </trkpt>
      <trkpt lat="46.945228" lon="6.733312">
      </trkpt>
      <trkpt lat="46.94521" lon="6.733259">
      </trkpt>
      <trkpt lat="46.94521" lon="6.733233">
      </trkpt>
      <trkpt lat="46.945218" lon="6.733128">
      </trkpt>
      <trkpt lat="46.945236" lon="6.733036">
      </trkpt>
      <trkpt lat="46.945262" lon="6.732943">
      </trkpt>
      <trkpt lat="46.945298" lon="6.732877">
      </trkpt>
      <trkpt lat="46.945297" lon="6.732798">
      </trkpt>
      <trkpt lat="46.945297" lon="6.732798">
      </trkpt>
      <trkpt lat="46.945296" lon="6.732706">
      </trkpt>
      <trkpt lat="46.945314" lon="6.732627">
      </trkpt>
      <trkpt lat="46.94534" lon="6.732522">
      </trkpt>
      <trkpt lat="46.945403" lon="6.732416">
      </trkpt>
      <trkpt lat="46.945474" lon="6.732323">
      </trkpt>
      <trkpt lat="46.945536" lon="6.732244">
      </trkpt>
      <trkpt lat="46.94559" lon="6.732138">
      </trkpt>
      <trkpt lat="46.945607" lon="6.732085">
      </trkpt>
      <trkpt lat="46.945625" lon="6.732032">
      </trkpt>
      <trkpt lat="46.945625" lon="6.732032">
      </trkpt>
      <trkpt lat="46.945769" lon="6.731991">
      </trkpt>
      <trkpt lat="46.945913" lon="6.731963">
      </trkpt>
      <trkpt lat="46.946002" lon="6.731935">
      </trkpt>
      <trkpt lat="46.946119" lon="6.731894">
      </trkpt>
      <trkpt lat="46.946227" lon="6.73188">
      </trkpt>
      <trkpt lat="46.946326" lon="6.731865">
      </trkpt>
      <trkpt lat="46.946388" lon="6.731812">
      </trkpt>
      <trkpt lat="46.94646" lon="6.731745">
      </trkpt>
      <trkpt lat="46.946532" lon="6.731718">
      </trkpt>
      <trkpt lat="46.946532" lon="6.731718">
      </trkpt>
      <trkpt lat="46.946666" lon="6.731638">
      </trkpt>
      <trkpt lat="46.946828" lon="6.731543">
      </trkpt>
      <trkpt lat="46.947024" lon="6.731383">
      </trkpt>
      <trkpt lat="46.947186" lon="6.731263">
      </trkpt>
      <trkpt lat="46.947284" lon="6.731183">
      </trkpt>
      <trkpt lat="46.94741" lon="6.731129">
      </trkpt>
      <trkpt lat="46.947481" lon="6.731088">
      </trkpt>
      <trkpt lat="46.947643" lon="6.731007">
      </trkpt>
      <trkpt lat="46.947741" lon="6.730953">
      </trkpt>
      <trkpt lat="46.947921" lon="6.730833">
      </trkpt>
      <trkpt lat="46.9481" lon="6.730686">
      </trkpt>
      <trkpt lat="46.948234" lon="6.730527">
      </trkpt>
      <trkpt lat="46.948385" lon="6.730354">
      </trkpt>
      <trkpt lat="46.94851" lon="6.730208">
      </trkpt>
      <trkpt lat="46.948582" lon="6.730115">
      </trkpt>
      <trkpt lat="46.948635" lon="6.729996">
      </trkpt>
      <trkpt lat="46.94868" lon="6.729969">
      </trkpt>
      <trkpt lat="46.948752" lon="6.729981">
      </trkpt>
      <trkpt lat="46.948824" lon="6.730033">
      </trkpt>
      <trkpt lat="46.948887" lon="6.730084">
      </trkpt>
      <trkpt lat="46.948933" lon="6.73011">
      </trkpt>
      <trkpt lat="46.948933" lon="6.73011">
      </trkpt>
      <trkpt lat="46.948969" lon="6.730149">
      </trkpt>
      <trkpt lat="46.94906" lon="6.730345">
      </trkpt>
      <trkpt lat="46.94916" lon="6.730436">
      </trkpt>
      <trkpt lat="46.949359" lon="6.730617">
      </trkpt>
      <trkpt lat="46.949513" lon="6.730825">
      </trkpt>
      <trkpt lat="46.949513" lon="6.730825">
      </trkpt>
      <trkpt lat="46.949567" lon="6.73089">
      </trkpt>
      <trkpt lat="46.949612" lon="6.730942">
      </trkpt>
      <trkpt lat="46.949694" lon="6.731085">
      </trkpt>
      <trkpt lat="46.949731" lon="6.731151">
      </trkpt>
      <trkpt lat="46.949758" lon="6.731203">
      </trkpt>
      <trkpt lat="46.949767" lon="6.731229">
      </trkpt>
      <trkpt lat="46.949803" lon="6.731281">
      </trkpt>
      <trkpt lat="46.94984" lon="6.731359">
      </trkpt>
      <trkpt lat="46.949876" lon="6.731438">
      </trkpt>
      <trkpt lat="46.949904" lon="6.731477">
      </trkpt>
      <trkpt lat="46.94994" lon="6.731529">
      </trkpt>
      <trkpt lat="46.949976" lon="6.731541">
      </trkpt>
      <trkpt lat="46.950012" lon="6.73158">
      </trkpt>
      <trkpt lat="46.950057" lon="6.731632">
      </trkpt>
      <trkpt lat="46.950103" lon="6.731671">
      </trkpt>
      <trkpt lat="46.950139" lon="6.731697">
      </trkpt>
      <trkpt lat="46.950247" lon="6.731735">
      </trkpt>
      <trkpt lat="46.950508" lon="6.731797">
      </trkpt>
      <trkpt lat="46.950635" lon="6.731848">
      </trkpt>
      <trkpt lat="46.950725" lon="6.731873">
      </trkpt>
      <trkpt lat="46.950796" lon="6.731846">
      </trkpt>
      <trkpt lat="46.950841" lon="6.731845">
      </trkpt>
      <trkpt lat="46.950886" lon="6.731858">
      </trkpt>
      <trkpt lat="46.950886" lon="6.731858">
      </trkpt>
      <trkpt lat="46.950976" lon="6.731857">
      </trkpt>
      <trkpt lat="46.950985" lon="6.731843">
      </trkpt>
      <trkpt lat="46.950994" lon="6.731817">
      </trkpt>
      <trkpt lat="46.950994" lon="6.731751">
      </trkpt>
      <trkpt lat="46.951003" lon="6.731725">
      </trkpt>
      <trkpt lat="46.951012" lon="6.731725">
      </trkpt>
      <trkpt lat="46.95103" lon="6.731738">
      </trkpt>
      <trkpt lat="46.951057" lon="6.73175">
      </trkpt>
      <trkpt lat="46.951075" lon="6.731737">
      </trkpt>
      <trkpt lat="46.951083" lon="6.731711">
      </trkpt>
      <trkpt lat="46.951083" lon="6.731658">
      </trkpt>
      <trkpt lat="46.951092" lon="6.731605">
      </trkpt>
      <trkpt lat="46.951109" lon="6.731553">
      </trkpt>
      <trkpt lat="46.951118" lon="6.731526">
      </trkpt>
      <trkpt lat="46.951127" lon="6.731474">
      </trkpt>
      <trkpt lat="46.951126" lon="6.731395">
      </trkpt>
      <trkpt lat="46.951126" lon="6.731342">
      </trkpt>
      <trkpt lat="46.951135" lon="6.731263">
      </trkpt>
      <trkpt lat="46.951161" lon="6.731145">
      </trkpt>
      <trkpt lat="46.951161" lon="6.731092">
      </trkpt>
      <trkpt lat="46.951169" lon="6.731026">
      </trkpt>
      <trkpt lat="46.951178" lon="6.730948">
      </trkpt>
      <trkpt lat="46.951195" lon="6.730908">
      </trkpt>
      <trkpt lat="46.951195" lon="6.730855">
      </trkpt>
      <trkpt lat="46.951204" lon="6.730816">
      </trkpt>
      <trkpt lat="46.951222" lon="6.730776">
      </trkpt>
      <trkpt lat="46.951221" lon="6.730724">
      </trkpt>
      <trkpt lat="46.951221" lon="6.730697">
      </trkpt>
      <trkpt lat="46.951221" lon="6.730632">
      </trkpt>
      <trkpt lat="46.951238" lon="6.730566">
      </trkpt>
      <trkpt lat="46.951238" lon="6.730566">
      </trkpt>
      <trkpt lat="46.951265" lon="6.730552">
      </trkpt>
      <trkpt lat="46.951301" lon="6.730526">
      </trkpt>
      <trkpt lat="46.951319" lon="6.730486">
      </trkpt>
      <trkpt lat="46.951336" lon="6.73042">
      </trkpt>
      <trkpt lat="46.951362" lon="6.730288">
      </trkpt>
      <trkpt lat="46.951362" lon="6.730288">
      </trkpt>
      <trkpt lat="46.951308" lon="6.730131">
      </trkpt>
      <trkpt lat="46.951298" lon="6.730039">
      </trkpt>
      <trkpt lat="46.950972" lon="6.728231">
      </trkpt>
      <trkpt lat="46.950944" lon="6.728087">
      </trkpt>
      <trkpt lat="46.950944" lon="6.728034">
      </trkpt>
      <trkpt lat="46.950943" lon="6.727982">
      </trkpt>
      <trkpt lat="46.950943" lon="6.727982">
      </trkpt>
      <trkpt lat="46.950952" lon="6.727942">
      </trkpt>
      <trkpt lat="46.95097" lon="6.727903">
      </trkpt>
      <trkpt lat="46.951006" lon="6.727876">
      </trkpt>
      <trkpt lat="46.951051" lon="6.727849">
      </trkpt>
      <trkpt lat="46.951113" lon="6.727822">
      </trkpt>
      <trkpt lat="46.951221" lon="6.727794">
      </trkpt>
      <trkpt lat="46.951284" lon="6.727767">
      </trkpt>
      <trkpt lat="46.951338" lon="6.72774">
      </trkpt>
      <trkpt lat="46.951382" lon="6.7277">
      </trkpt>
      <trkpt lat="46.951418" lon="6.72766">
      </trkpt>
      <trkpt lat="46.951454" lon="6.727607">
      </trkpt>
      <trkpt lat="46.951516" lon="6.727449">
      </trkpt>
      <trkpt lat="46.951667" lon="6.727105">
      </trkpt>
      <trkpt lat="46.951808" lon="6.726749">
      </trkpt>
      <trkpt lat="46.951888" lon="6.726564">
      </trkpt>
      <trkpt lat="46.951933" lon="6.726484">
      </trkpt>
      <trkpt lat="46.951995" lon="6.726378">
      </trkpt>
      <trkpt lat="46.952057" lon="6.726299">
      </trkpt>
      <trkpt lat="46.952057" lon="6.726299">
      </trkpt>
      <trkpt lat="46.952102" lon="6.726245">
      </trkpt>
      <trkpt lat="46.952165" lon="6.726192">
      </trkpt>
      <trkpt lat="46.9522" lon="6.726165">
      </trkpt>
      <trkpt lat="46.9522" lon="6.726165">
      </trkpt>
      <trkpt lat="46.952254" lon="6.726125">
      </trkpt>
      <trkpt lat="46.952254" lon="6.726125">
      </trkpt>
      <trkpt lat="46.952541" lon="6.725937">
      </trkpt>
      <trkpt lat="46.952541" lon="6.725937">
      </trkpt>
      <trkpt lat="46.952702" lon="6.72583">
      </trkpt>
      <trkpt lat="46.952819" lon="6.72575">
      </trkpt>
      <trkpt lat="46.952926" lon="6.72567">
      </trkpt>
      <trkpt lat="46.952962" lon="6.725617">
      </trkpt>
      <trkpt lat="46.953015" lon="6.72555">
      </trkpt>
      <trkpt lat="46.95306" lon="6.725484">
      </trkpt>
      <trkpt lat="46.953095" lon="6.725418">
      </trkpt>
      <trkpt lat="46.953405" lon="6.724586">
      </trkpt>
      <trkpt lat="46.953502" lon="6.724309">
      </trkpt>
      <trkpt lat="46.953529" lon="6.724282">
      </trkpt>
      <trkpt lat="46.953547" lon="6.724256">
      </trkpt>
      <trkpt lat="46.953583" lon="6.724255">
      </trkpt>
      <trkpt lat="46.953619" lon="6.724255">
      </trkpt>
      <trkpt lat="46.953655" lon="6.724267">
      </trkpt>
      <trkpt lat="46.953691" lon="6.724306">
      </trkpt>
      <trkpt lat="46.953691" lon="6.724306">
      </trkpt>
      <trkpt lat="46.953745" lon="6.724332">
      </trkpt>
      <trkpt lat="46.953782" lon="6.724384">
      </trkpt>
      <trkpt lat="46.95389" lon="6.724488">
      </trkpt>
      <trkpt lat="46.953981" lon="6.724565">
      </trkpt>
      <trkpt lat="46.954026" lon="6.724591">
      </trkpt>
      <trkpt lat="46.954071" lon="6.724603">
      </trkpt>
      <trkpt lat="46.954125" lon="6.724603">
      </trkpt>
      <trkpt lat="46.954125" lon="6.724603">
      </trkpt>
      <trkpt lat="46.954332" lon="6.724639">
      </trkpt>
      <trkpt lat="46.954332" lon="6.724639">
      </trkpt>
      <trkpt lat="46.954899" lon="6.724697">
      </trkpt>
      <trkpt lat="46.954971" lon="6.72471">
      </trkpt>
      <trkpt lat="46.954971" lon="6.72471">
      </trkpt>
      <trkpt lat="46.954985" lon="6.724145">
      </trkpt>
      <trkpt lat="46.955" lon="6.723671">
      </trkpt>
      <trkpt lat="46.955" lon="6.723671">
      </trkpt>
      <trkpt lat="46.955032" lon="6.722935">
      </trkpt>
      <trkpt lat="46.955039" lon="6.722567">
      </trkpt>
      <trkpt lat="46.955038" lon="6.722528">
      </trkpt>
      <trkpt lat="46.955065" lon="6.722462">
      </trkpt>
    </trkseg>
  </trk>
</gpx>