<?xml version="1.0" encoding="UTF-8"?>
<gpx xmlns="http://www.topografix.com/GPX/1/1" xmlns:xsi="http://www.w3.org/2001/XMLSchema-instance" xsi:schemaLocation="http://www.topografix.com/GPX/1/1 http://www.topografix.com/GPX/1/1/gpx.xsd" version="1.1" creator="Bergbot — https://github.com/suchipizza/BergBot">
  <metadata>
    <name>5-Seen-Wanderung Pizol (Wangs-Pizol (Pizolhütte) - Wangs-Pizol (Gaffia))</name>
  </metadata>
  <trk>
    <name>5-Seen-Wanderung Pizol (Wangs-Pizol (Pizolhütte) - Wangs-Pizol (Gaffia))</name>
    <trkseg>
      <trkpt lat="46.979131" lon="9.417198">
      </trkpt>
      <trkpt lat="46.979113" lon="9.417184">
      </trkpt>
      <trkpt lat="46.979114" lon="9.417145">
      </trkpt>
      <trkpt lat="46.979098" lon="9.417013">
      </trkpt>
      <trkpt lat="46.9791" lon="9.416947">
      </trkpt>
      <trkpt lat="46.979091" lon="9.416894">
      </trkpt>
      <trkpt lat="46.979083" lon="9.416854">
      </trkpt>
      <trkpt lat="46.979049" lon="9.416761">
      </trkpt>
      <trkpt lat="46.979023" lon="9.416694">
      </trkpt>
      <trkpt lat="46.979005" lon="9.416667">
      </trkpt>
      <trkpt lat="46.978979" lon="9.416653">
      </trkpt>
      <trkpt lat="46.978952" lon="9.416652">
      </trkpt>
      <trkpt lat="46.978952" lon="9.416652">
      </trkpt>
      <trkpt lat="46.978915" lon="9.416664">
      </trkpt>
      <trkpt lat="46.978815" lon="9.416739">
      </trkpt>
      <trkpt lat="46.978779" lon="9.416764">
      </trkpt>
      <trkpt lat="46.97876" lon="9.41679">
      </trkpt>
      <trkpt lat="46.978732" lon="9.416841">
      </trkpt>
      <trkpt lat="46.978705" lon="9.416893">
      </trkpt>
      <trkpt lat="46.978705" lon="9.416893">
      </trkpt>
      <trkpt lat="46.97867" lon="9.416813">
      </trkpt>
      <trkpt lat="46.978618" lon="9.416693">
      </trkpt>
      <trkpt lat="46.978619" lon="9.416614">
      </trkpt>
      <trkpt lat="46.978621" lon="9.416509">
      </trkpt>
      <trkpt lat="46.978631" lon="9.416443">
      </trkpt>
      <trkpt lat="46.978642" lon="9.416365">
      </trkpt>
      <trkpt lat="46.978652" lon="9.416286">
      </trkpt>
      <trkpt lat="46.978644" lon="9.41622">
      </trkpt>
      <trkpt lat="46.978627" lon="9.416154">
      </trkpt>
      <trkpt lat="46.978601" lon="9.416087">
      </trkpt>
      <trkpt lat="46.978585" lon="9.416008">
      </trkpt>
      <trkpt lat="46.978568" lon="9.415968">
      </trkpt>
      <trkpt lat="46.978542" lon="9.415875">
      </trkpt>
      <trkpt lat="46.978517" lon="9.415795">
      </trkpt>
      <trkpt lat="46.9785" lon="9.415715">
      </trkpt>
      <trkpt lat="46.978483" lon="9.415662">
      </trkpt>
      <trkpt lat="46.978431" lon="9.415516">
      </trkpt>
      <trkpt lat="46.978405" lon="9.415475">
      </trkpt>
      <trkpt lat="46.978335" lon="9.415341">
      </trkpt>
      <trkpt lat="46.97831" lon="9.415261">
      </trkpt>
      <trkpt lat="46.97831" lon="9.415261">
      </trkpt>
      <trkpt lat="46.978293" lon="9.415221">
      </trkpt>
      <trkpt lat="46.978258" lon="9.415141">
      </trkpt>
      <trkpt lat="46.978241" lon="9.415075">
      </trkpt>
      <trkpt lat="46.978242" lon="9.414996">
      </trkpt>
      <trkpt lat="46.978262" lon="9.414931">
      </trkpt>
      <trkpt lat="46.978309" lon="9.414801">
      </trkpt>
      <trkpt lat="46.978328" lon="9.414723">
      </trkpt>
      <trkpt lat="46.978338" lon="9.414658">
      </trkpt>
      <trkpt lat="46.97834" lon="9.414553">
      </trkpt>
      <trkpt lat="46.978351" lon="9.414448">
      </trkpt>
      <trkpt lat="46.97837" lon="9.414356">
      </trkpt>
      <trkpt lat="46.97837" lon="9.414356">
      </trkpt>
      <trkpt lat="46.978397" lon="9.414357">
      </trkpt>
      <trkpt lat="46.978416" lon="9.414345">
      </trkpt>
      <trkpt lat="46.978452" lon="9.41432">
      </trkpt>
      <trkpt lat="46.978479" lon="9.414295">
      </trkpt>
      <trkpt lat="46.978534" lon="9.414257">
      </trkpt>
      <trkpt lat="46.978607" lon="9.414207">
      </trkpt>
      <trkpt lat="46.978662" lon="9.41417">
      </trkpt>
      <trkpt lat="46.978716" lon="9.414146">
      </trkpt>
      <trkpt lat="46.978716" lon="9.414146">
      </trkpt>
      <trkpt lat="46.978734" lon="9.414133">
      </trkpt>
      <trkpt lat="46.978762" lon="9.414095">
      </trkpt>
      <trkpt lat="46.978789" lon="9.414083">
      </trkpt>
      <trkpt lat="46.978808" lon="9.414031">
      </trkpt>
      <trkpt lat="46.978845" lon="9.413966">
      </trkpt>
      <trkpt lat="46.978863" lon="9.413954">
      </trkpt>
      <trkpt lat="46.978882" lon="9.413915">
      </trkpt>
      <trkpt lat="46.978891" lon="9.413889">
      </trkpt>
      <trkpt lat="46.97891" lon="9.413864">
      </trkpt>
      <trkpt lat="46.978919" lon="9.413851">
      </trkpt>
      <trkpt lat="46.978973" lon="9.413826">
      </trkpt>
      <trkpt lat="46.979028" lon="9.413776">
      </trkpt>
      <trkpt lat="46.979055" lon="9.413764">
      </trkpt>
      <trkpt lat="46.979074" lon="9.413738">
      </trkpt>
      <trkpt lat="46.979092" lon="9.413726">
      </trkpt>
      <trkpt lat="46.979111" lon="9.4137">
      </trkpt>
      <trkpt lat="46.97912" lon="9.413674">
      </trkpt>
      <trkpt lat="46.979139" lon="9.413635">
      </trkpt>
      <trkpt lat="46.979185" lon="9.413584">
      </trkpt>
      <trkpt lat="46.979231" lon="9.413507">
      </trkpt>
      <trkpt lat="46.979241" lon="9.413455">
      </trkpt>
      <trkpt lat="46.979259" lon="9.413429">
      </trkpt>
      <trkpt lat="46.979269" lon="9.41339">
      </trkpt>
      <trkpt lat="46.979279" lon="9.413338">
      </trkpt>
      <trkpt lat="46.979271" lon="9.413285">
      </trkpt>
      <trkpt lat="46.979272" lon="9.41322">
      </trkpt>
      <trkpt lat="46.979246" lon="9.413127">
      </trkpt>
      <trkpt lat="46.979247" lon="9.413087">
      </trkpt>
      <trkpt lat="46.97924" lon="9.412982">
      </trkpt>
      <trkpt lat="46.979233" lon="9.412889">
      </trkpt>
      <trkpt lat="46.979224" lon="9.412837">
      </trkpt>
      <trkpt lat="46.979207" lon="9.412783">
      </trkpt>
      <trkpt lat="46.979192" lon="9.412638">
      </trkpt>
      <trkpt lat="46.979158" lon="9.412532">
      </trkpt>
      <trkpt lat="46.979132" lon="9.412478">
      </trkpt>
      <trkpt lat="46.979124" lon="9.412425">
      </trkpt>
      <trkpt lat="46.979124" lon="9.412373">
      </trkpt>
      <trkpt lat="46.979125" lon="9.412333">
      </trkpt>
      <trkpt lat="46.979126" lon="9.412294">
      </trkpt>
      <trkpt lat="46.979099" lon="9.412267">
      </trkpt>
      <trkpt lat="46.979048" lon="9.412133">
      </trkpt>
      <trkpt lat="46.979004" lon="9.412066">
      </trkpt>
      <trkpt lat="46.978959" lon="9.412038">
      </trkpt>
      <trkpt lat="46.978959" lon="9.412038">
      </trkpt>
      <trkpt lat="46.978924" lon="9.411971">
      </trkpt>
      <trkpt lat="46.978907" lon="9.411931">
      </trkpt>
      <trkpt lat="46.978881" lon="9.411864">
      </trkpt>
      <trkpt lat="46.978855" lon="9.411824">
      </trkpt>
      <trkpt lat="46.978828" lon="9.411797">
      </trkpt>
      <trkpt lat="46.97882" lon="9.411757">
      </trkpt>
      <trkpt lat="46.978812" lon="9.411717">
      </trkpt>
      <trkpt lat="46.978821" lon="9.411678">
      </trkpt>
      <trkpt lat="46.978822" lon="9.411652">
      </trkpt>
      <trkpt lat="46.978814" lon="9.411612">
      </trkpt>
      <trkpt lat="46.97878" lon="9.411479">
      </trkpt>
      <trkpt lat="46.978781" lon="9.41144">
      </trkpt>
      <trkpt lat="46.978747" lon="9.41132">
      </trkpt>
      <trkpt lat="46.978721" lon="9.411227">
      </trkpt>
      <trkpt lat="46.978695" lon="9.411161">
      </trkpt>
      <trkpt lat="46.978669" lon="9.411133">
      </trkpt>
      <trkpt lat="46.97858" lon="9.411077">
      </trkpt>
      <trkpt lat="46.978536" lon="9.411023">
      </trkpt>
      <trkpt lat="46.97851" lon="9.41097">
      </trkpt>
      <trkpt lat="46.978474" lon="9.410929">
      </trkpt>
      <trkpt lat="46.978413" lon="9.410848">
      </trkpt>
      <trkpt lat="46.978378" lon="9.410807">
      </trkpt>
      <trkpt lat="46.978342" lon="9.410753">
      </trkpt>
      <trkpt lat="46.978299" lon="9.410686">
      </trkpt>
      <trkpt lat="46.978212" lon="9.410485">
      </trkpt>
      <trkpt lat="46.978186" lon="9.410419">
      </trkpt>
      <trkpt lat="46.978152" lon="9.410339">
      </trkpt>
      <trkpt lat="46.978107" lon="9.410298">
      </trkpt>
      <trkpt lat="46.978038" lon="9.410164">
      </trkpt>
      <trkpt lat="46.977994" lon="9.410083">
      </trkpt>
      <trkpt lat="46.977959" lon="9.410016">
      </trkpt>
      <trkpt lat="46.977933" lon="9.409949">
      </trkpt>
      <trkpt lat="46.977908" lon="9.409883">
      </trkpt>
      <trkpt lat="46.977873" lon="9.409829">
      </trkpt>
      <trkpt lat="46.977846" lon="9.409775">
      </trkpt>
      <trkpt lat="46.97782" lon="9.409735">
      </trkpt>
      <trkpt lat="46.977785" lon="9.409681">
      </trkpt>
      <trkpt lat="46.977751" lon="9.409588">
      </trkpt>
      <trkpt lat="46.977724" lon="9.409547">
      </trkpt>
      <trkpt lat="46.977699" lon="9.409454">
      </trkpt>
      <trkpt lat="46.977665" lon="9.409322">
      </trkpt>
      <trkpt lat="46.977639" lon="9.409255">
      </trkpt>
      <trkpt lat="46.977631" lon="9.409202">
      </trkpt>
      <trkpt lat="46.977614" lon="9.409162">
      </trkpt>
      <trkpt lat="46.977624" lon="9.40911">
      </trkpt>
      <trkpt lat="46.977643" lon="9.409071">
      </trkpt>
      <trkpt lat="46.977643" lon="9.409018">
      </trkpt>
      <trkpt lat="46.977635" lon="9.408979">
      </trkpt>
      <trkpt lat="46.977609" lon="9.408912">
      </trkpt>
      <trkpt lat="46.977583" lon="9.408872">
      </trkpt>
      <trkpt lat="46.977548" lon="9.408818">
      </trkpt>
      <trkpt lat="46.977522" lon="9.408764">
      </trkpt>
      <trkpt lat="46.977469" lon="9.40871">
      </trkpt>
      <trkpt lat="46.977433" lon="9.408695">
      </trkpt>
      <trkpt lat="46.977389" lon="9.408654">
      </trkpt>
      <trkpt lat="46.977354" lon="9.4086">
      </trkpt>
      <trkpt lat="46.977318" lon="9.40856">
      </trkpt>
      <trkpt lat="46.977275" lon="9.408492">
      </trkpt>
      <trkpt lat="46.977249" lon="9.408412">
      </trkpt>
      <trkpt lat="46.977205" lon="9.408358">
      </trkpt>
      <trkpt lat="46.977161" lon="9.408291">
      </trkpt>
      <trkpt lat="46.977101" lon="9.408118">
      </trkpt>
      <trkpt lat="46.977075" lon="9.408051">
      </trkpt>
      <trkpt lat="46.977032" lon="9.407931">
      </trkpt>
      <trkpt lat="46.977015" lon="9.407865">
      </trkpt>
      <trkpt lat="46.976999" lon="9.407798">
      </trkpt>
      <trkpt lat="46.976991" lon="9.407746">
      </trkpt>
      <trkpt lat="46.976973" lon="9.407692">
      </trkpt>
      <trkpt lat="46.976938" lon="9.407678">
      </trkpt>
      <trkpt lat="46.976921" lon="9.407625">
      </trkpt>
      <trkpt lat="46.976913" lon="9.407559">
      </trkpt>
      <trkpt lat="46.976896" lon="9.407492">
      </trkpt>
      <trkpt lat="46.97687" lon="9.407426">
      </trkpt>
      <trkpt lat="46.976844" lon="9.407385">
      </trkpt>
      <trkpt lat="46.976781" lon="9.407357">
      </trkpt>
      <trkpt lat="46.976737" lon="9.407329">
      </trkpt>
      <trkpt lat="46.976701" lon="9.407301">
      </trkpt>
      <trkpt lat="46.976684" lon="9.407235">
      </trkpt>
      <trkpt lat="46.976658" lon="9.407221">
      </trkpt>
      <trkpt lat="46.976632" lon="9.407154">
      </trkpt>
      <trkpt lat="46.976597" lon="9.407061">
      </trkpt>
      <trkpt lat="46.976545" lon="9.40694">
      </trkpt>
      <trkpt lat="46.976529" lon="9.406848">
      </trkpt>
      <trkpt lat="46.976469" lon="9.406688">
      </trkpt>
      <trkpt lat="46.976479" lon="9.406622">
      </trkpt>
      <trkpt lat="46.976444" lon="9.406555">
      </trkpt>
      <trkpt lat="46.976418" lon="9.406528">
      </trkpt>
      <trkpt lat="46.976382" lon="9.406527">
      </trkpt>
      <trkpt lat="46.976364" lon="9.406513">
      </trkpt>
      <trkpt lat="46.976328" lon="9.406499">
      </trkpt>
      <trkpt lat="46.976302" lon="9.406471">
      </trkpt>
      <trkpt lat="46.976284" lon="9.406458">
      </trkpt>
      <trkpt lat="46.976221" lon="9.406429">
      </trkpt>
      <trkpt lat="46.976195" lon="9.406389">
      </trkpt>
      <trkpt lat="46.976187" lon="9.406349">
      </trkpt>
      <trkpt lat="46.976106" lon="9.406333">
      </trkpt>
      <trkpt lat="46.976061" lon="9.406318">
      </trkpt>
      <trkpt lat="46.976017" lon="9.406277">
      </trkpt>
      <trkpt lat="46.975963" lon="9.406249">
      </trkpt>
      <trkpt lat="46.975865" lon="9.406192">
      </trkpt>
      <trkpt lat="46.975821" lon="9.406178">
      </trkpt>
      <trkpt lat="46.975697" lon="9.406068">
      </trkpt>
      <trkpt lat="46.975617" lon="9.406012">
      </trkpt>
      <trkpt lat="46.975493" lon="9.405903">
      </trkpt>
      <trkpt lat="46.975457" lon="9.405888">
      </trkpt>
      <trkpt lat="46.97543" lon="9.405874">
      </trkpt>
      <trkpt lat="46.975377" lon="9.405846">
      </trkpt>
      <trkpt lat="46.975332" lon="9.405805">
      </trkpt>
      <trkpt lat="46.975288" lon="9.40579">
      </trkpt>
      <trkpt lat="46.975216" lon="9.405787">
      </trkpt>
      <trkpt lat="46.975171" lon="9.405759">
      </trkpt>
      <trkpt lat="46.975118" lon="9.405718">
      </trkpt>
      <trkpt lat="46.975047" lon="9.40565">
      </trkpt>
      <trkpt lat="46.975047" lon="9.40565">
      </trkpt>
      <trkpt lat="46.974941" lon="9.405541">
      </trkpt>
      <trkpt lat="46.974869" lon="9.405538">
      </trkpt>
      <trkpt lat="46.974815" lon="9.405549">
      </trkpt>
      <trkpt lat="46.974779" lon="9.405548">
      </trkpt>
      <trkpt lat="46.974752" lon="9.405547">
      </trkpt>
      <trkpt lat="46.974734" lon="9.405546">
      </trkpt>
      <trkpt lat="46.974725" lon="9.405546">
      </trkpt>
      <trkpt lat="46.974716" lon="9.405559">
      </trkpt>
      <trkpt lat="46.974697" lon="9.405571">
      </trkpt>
      <trkpt lat="46.974689" lon="9.405558">
      </trkpt>
      <trkpt lat="46.97468" lon="9.405531">
      </trkpt>
      <trkpt lat="46.974662" lon="9.40553">
      </trkpt>
      <trkpt lat="46.974644" lon="9.405543">
      </trkpt>
      <trkpt lat="46.974616" lon="9.405581">
      </trkpt>
      <trkpt lat="46.97457" lon="9.405672">
      </trkpt>
      <trkpt lat="46.974542" lon="9.405736">
      </trkpt>
      <trkpt lat="46.974459" lon="9.405839">
      </trkpt>
      <trkpt lat="46.974432" lon="9.405851">
      </trkpt>
      <trkpt lat="46.974423" lon="9.405811">
      </trkpt>
      <trkpt lat="46.974415" lon="9.405745">
      </trkpt>
      <trkpt lat="46.974416" lon="9.405692">
      </trkpt>
      <trkpt lat="46.9744" lon="9.4056">
      </trkpt>
      <trkpt lat="46.974392" lon="9.40556">
      </trkpt>
      <trkpt lat="46.974375" lon="9.405507">
      </trkpt>
      <trkpt lat="46.974357" lon="9.40548">
      </trkpt>
      <trkpt lat="46.974349" lon="9.405453">
      </trkpt>
      <trkpt lat="46.974322" lon="9.405439">
      </trkpt>
      <trkpt lat="46.974313" lon="9.405426">
      </trkpt>
      <trkpt lat="46.974296" lon="9.405372">
      </trkpt>
      <trkpt lat="46.974244" lon="9.405239">
      </trkpt>
      <trkpt lat="46.974254" lon="9.405187">
      </trkpt>
      <trkpt lat="46.974255" lon="9.405134">
      </trkpt>
      <trkpt lat="46.974255" lon="9.405108">
      </trkpt>
      <trkpt lat="46.974247" lon="9.405068">
      </trkpt>
      <trkpt lat="46.97423" lon="9.405015">
      </trkpt>
      <trkpt lat="46.974212" lon="9.405014">
      </trkpt>
      <trkpt lat="46.974194" lon="9.405014">
      </trkpt>
      <trkpt lat="46.974168" lon="9.404987">
      </trkpt>
      <trkpt lat="46.974159" lon="9.40496">
      </trkpt>
      <trkpt lat="46.974115" lon="9.404879">
      </trkpt>
      <trkpt lat="46.974089" lon="9.404852">
      </trkpt>
      <trkpt lat="46.974036" lon="9.404798">
      </trkpt>
      <trkpt lat="46.974019" lon="9.404744">
      </trkpt>
      <trkpt lat="46.974002" lon="9.404652">
      </trkpt>
      <trkpt lat="46.974021" lon="9.404626">
      </trkpt>
      <trkpt lat="46.974005" lon="9.404507">
      </trkpt>
      <trkpt lat="46.973997" lon="9.404454">
      </trkpt>
      <trkpt lat="46.973971" lon="9.404401">
      </trkpt>
      <trkpt lat="46.973945" lon="9.404321">
      </trkpt>
      <trkpt lat="46.973928" lon="9.404242">
      </trkpt>
      <trkpt lat="46.973929" lon="9.404202">
      </trkpt>
      <trkpt lat="46.97393" lon="9.404163">
      </trkpt>
      <trkpt lat="46.973913" lon="9.404096">
      </trkpt>
      <trkpt lat="46.973905" lon="9.404044">
      </trkpt>
      <trkpt lat="46.973897" lon="9.403978">
      </trkpt>
      <trkpt lat="46.973889" lon="9.403898">
      </trkpt>
      <trkpt lat="46.973863" lon="9.403832">
      </trkpt>
      <trkpt lat="46.973846" lon="9.403792">
      </trkpt>
      <trkpt lat="46.973813" lon="9.403606">
      </trkpt>
      <trkpt lat="46.973796" lon="9.40354">
      </trkpt>
      <trkpt lat="46.97377" lon="9.4035">
      </trkpt>
      <trkpt lat="46.973762" lon="9.403434">
      </trkpt>
      <trkpt lat="46.973755" lon="9.403341">
      </trkpt>
      <trkpt lat="46.973764" lon="9.403329">
      </trkpt>
      <trkpt lat="46.973791" lon="9.403356">
      </trkpt>
      <trkpt lat="46.973817" lon="9.403383">
      </trkpt>
      <trkpt lat="46.973844" lon="9.403384">
      </trkpt>
      <trkpt lat="46.973818" lon="9.40333">
      </trkpt>
      <trkpt lat="46.973783" lon="9.403277">
      </trkpt>
      <trkpt lat="46.973775" lon="9.403211">
      </trkpt>
      <trkpt lat="46.973749" lon="9.403131">
      </trkpt>
      <trkpt lat="46.973724" lon="9.403064">
      </trkpt>
      <trkpt lat="46.973689" lon="9.402997">
      </trkpt>
      <trkpt lat="46.973663" lon="9.40293">
      </trkpt>
      <trkpt lat="46.973619" lon="9.402863">
      </trkpt>
      <trkpt lat="46.973575" lon="9.402809">
      </trkpt>
      <trkpt lat="46.973531" lon="9.402768">
      </trkpt>
      <trkpt lat="46.973459" lon="9.402739">
      </trkpt>
      <trkpt lat="46.973432" lon="9.402738">
      </trkpt>
      <trkpt lat="46.973405" lon="9.402737">
      </trkpt>
      <trkpt lat="46.973388" lon="9.40271">
      </trkpt>
      <trkpt lat="46.973361" lon="9.402696">
      </trkpt>
      <trkpt lat="46.973361" lon="9.402683">
      </trkpt>
      <trkpt lat="46.97337" lon="9.40267">
      </trkpt>
      <trkpt lat="46.973389" lon="9.402657">
      </trkpt>
      <trkpt lat="46.973407" lon="9.402645">
      </trkpt>
      <trkpt lat="46.973407" lon="9.402632">
      </trkpt>
      <trkpt lat="46.973336" lon="9.402603">
      </trkpt>
      <trkpt lat="46.973327" lon="9.402603">
      </trkpt>
      <trkpt lat="46.9733" lon="9.402589">
      </trkpt>
      <trkpt lat="46.973273" lon="9.402574">
      </trkpt>
      <trkpt lat="46.973247" lon="9.402547">
      </trkpt>
      <trkpt lat="46.973229" lon="9.402546">
      </trkpt>
      <trkpt lat="46.973193" lon="9.402519">
      </trkpt>
      <trkpt lat="46.973148" lon="9.402504">
      </trkpt>
      <trkpt lat="46.973104" lon="9.402463">
      </trkpt>
      <trkpt lat="46.973077" lon="9.402462">
      </trkpt>
      <trkpt lat="46.973069" lon="9.402435">
      </trkpt>
      <trkpt lat="46.973087" lon="9.40241">
      </trkpt>
      <trkpt lat="46.973142" lon="9.402372">
      </trkpt>
      <trkpt lat="46.973232" lon="9.402336">
      </trkpt>
      <trkpt lat="46.973278" lon="9.402298">
      </trkpt>
      <trkpt lat="46.973278" lon="9.402272">
      </trkpt>
      <trkpt lat="46.973225" lon="9.402257">
      </trkpt>
      <trkpt lat="46.973198" lon="9.40223">
      </trkpt>
      <trkpt lat="46.973234" lon="9.402205">
      </trkpt>
      <trkpt lat="46.973298" lon="9.402194">
      </trkpt>
      <trkpt lat="46.97338" lon="9.402131">
      </trkpt>
      <trkpt lat="46.973425" lon="9.402094">
      </trkpt>
      <trkpt lat="46.97339" lon="9.402079">
      </trkpt>
      <trkpt lat="46.973363" lon="9.402078">
      </trkpt>
      <trkpt lat="46.973327" lon="9.402051">
      </trkpt>
      <trkpt lat="46.973265" lon="9.402022">
      </trkpt>
      <trkpt lat="46.97322" lon="9.401994">
      </trkpt>
      <trkpt lat="46.973185" lon="9.401966">
      </trkpt>
      <trkpt lat="46.973086" lon="9.401923">
      </trkpt>
      <trkpt lat="46.973042" lon="9.401909">
      </trkpt>
      <trkpt lat="46.973015" lon="9.401868">
      </trkpt>
      <trkpt lat="46.97298" lon="9.401841">
      </trkpt>
      <trkpt lat="46.972944" lon="9.401826">
      </trkpt>
      <trkpt lat="46.972917" lon="9.401812">
      </trkpt>
      <trkpt lat="46.972908" lon="9.401812">
      </trkpt>
      <trkpt lat="46.972918" lon="9.401799">
      </trkpt>
      <trkpt lat="46.972927" lon="9.401786">
      </trkpt>
      <trkpt lat="46.972954" lon="9.401774">
      </trkpt>
      <trkpt lat="46.973026" lon="9.40179">
      </trkpt>
      <trkpt lat="46.973053" lon="9.401778">
      </trkpt>
      <trkpt lat="46.97308" lon="9.401752">
      </trkpt>
      <trkpt lat="46.973198" lon="9.401717">
      </trkpt>
      <trkpt lat="46.973297" lon="9.401694">
      </trkpt>
      <trkpt lat="46.973333" lon="9.401683">
      </trkpt>
      <trkpt lat="46.973379" lon="9.401671">
      </trkpt>
      <trkpt lat="46.973379" lon="9.401658">
      </trkpt>
      <trkpt lat="46.97337" lon="9.401645">
      </trkpt>
      <trkpt lat="46.973299" lon="9.401616">
      </trkpt>
      <trkpt lat="46.973263" lon="9.401601">
      </trkpt>
      <trkpt lat="46.973174" lon="9.401559">
      </trkpt>
      <trkpt lat="46.97312" lon="9.40153">
      </trkpt>
      <trkpt lat="46.973067" lon="9.401502">
      </trkpt>
      <trkpt lat="46.973004" lon="9.401473">
      </trkpt>
      <trkpt lat="46.972978" lon="9.401446">
      </trkpt>
      <trkpt lat="46.972951" lon="9.401406">
      </trkpt>
      <trkpt lat="46.972924" lon="9.401392">
      </trkpt>
      <trkpt lat="46.972862" lon="9.401337">
      </trkpt>
      <trkpt lat="46.972827" lon="9.401322">
      </trkpt>
      <trkpt lat="46.972764" lon="9.401294">
      </trkpt>
      <trkpt lat="46.97272" lon="9.401266">
      </trkpt>
      <trkpt lat="46.972675" lon="9.401225">
      </trkpt>
      <trkpt lat="46.972614" lon="9.401157">
      </trkpt>
      <trkpt lat="46.972569" lon="9.401129">
      </trkpt>
      <trkpt lat="46.97256" lon="9.401115">
      </trkpt>
      <trkpt lat="46.97257" lon="9.401103">
      </trkpt>
      <trkpt lat="46.972588" lon="9.40109">
      </trkpt>
      <trkpt lat="46.972651" lon="9.401079">
      </trkpt>
      <trkpt lat="46.972678" lon="9.40108">
      </trkpt>
      <trkpt lat="46.972723" lon="9.401082">
      </trkpt>
      <trkpt lat="46.972741" lon="9.401083">
      </trkpt>
      <trkpt lat="46.972768" lon="9.40107">
      </trkpt>
      <trkpt lat="46.972786" lon="9.401071">
      </trkpt>
      <trkpt lat="46.972813" lon="9.401072">
      </trkpt>
      <trkpt lat="46.972849" lon="9.401073">
      </trkpt>
      <trkpt lat="46.972876" lon="9.401074">
      </trkpt>
      <trkpt lat="46.97293" lon="9.401076">
      </trkpt>
      <trkpt lat="46.972966" lon="9.401065">
      </trkpt>
      <trkpt lat="46.973002" lon="9.401066">
      </trkpt>
      <trkpt lat="46.97311" lon="9.40107">
      </trkpt>
      <trkpt lat="46.973173" lon="9.401072">
      </trkpt>
      <trkpt lat="46.973227" lon="9.401061">
      </trkpt>
      <trkpt lat="46.973281" lon="9.40105">
      </trkpt>
      <trkpt lat="46.973327" lon="9.401025">
      </trkpt>
      <trkpt lat="46.973345" lon="9.401013">
      </trkpt>
      <trkpt lat="46.973354" lon="9.401">
      </trkpt>
      <trkpt lat="46.973336" lon="9.400999">
      </trkpt>
      <trkpt lat="46.973318" lon="9.400985">
      </trkpt>
      <trkpt lat="46.973292" lon="9.400971">
      </trkpt>
      <trkpt lat="46.973256" lon="9.400957">
      </trkpt>
      <trkpt lat="46.973229" lon="9.40093">
      </trkpt>
      <trkpt lat="46.973168" lon="9.400862">
      </trkpt>
      <trkpt lat="46.973115" lon="9.400781">
      </trkpt>
      <trkpt lat="46.973071" lon="9.400713">
      </trkpt>
      <trkpt lat="46.973071" lon="9.4007">
      </trkpt>
      <trkpt lat="46.97308" lon="9.400701">
      </trkpt>
      <trkpt lat="46.973098" lon="9.400701">
      </trkpt>
      <trkpt lat="46.973107" lon="9.400715">
      </trkpt>
      <trkpt lat="46.973206" lon="9.400745">
      </trkpt>
      <trkpt lat="46.97325" lon="9.400759">
      </trkpt>
      <trkpt lat="46.973295" lon="9.400787">
      </trkpt>
      <trkpt lat="46.973304" lon="9.400775">
      </trkpt>
      <trkpt lat="46.973304" lon="9.400761">
      </trkpt>
      <trkpt lat="46.973286" lon="9.400748">
      </trkpt>
      <trkpt lat="46.973269" lon="9.400734">
      </trkpt>
      <trkpt lat="46.973242" lon="9.400707">
      </trkpt>
      <trkpt lat="46.973216" lon="9.400679">
      </trkpt>
      <trkpt lat="46.973162" lon="9.400638">
      </trkpt>
      <trkpt lat="46.973154" lon="9.400611">
      </trkpt>
      <trkpt lat="46.973136" lon="9.400584">
      </trkpt>
      <trkpt lat="46.973093" lon="9.400504">
      </trkpt>
      <trkpt lat="46.973075" lon="9.400477">
      </trkpt>
      <trkpt lat="46.973004" lon="9.400409">
      </trkpt>
      <trkpt lat="46.972978" lon="9.400395">
      </trkpt>
      <trkpt lat="46.97296" lon="9.400368">
      </trkpt>
      <trkpt lat="46.972942" lon="9.400354">
      </trkpt>
      <trkpt lat="46.972907" lon="9.400326">
      </trkpt>
      <trkpt lat="46.97288" lon="9.400312">
      </trkpt>
      <trkpt lat="46.972853" lon="9.400298">
      </trkpt>
      <trkpt lat="46.972845" lon="9.400271">
      </trkpt>
      <trkpt lat="46.972836" lon="9.400245">
      </trkpt>
      <trkpt lat="46.972809" lon="9.400231">
      </trkpt>
      <trkpt lat="46.972791" lon="9.40023">
      </trkpt>
      <trkpt lat="46.972783" lon="9.400217">
      </trkpt>
      <trkpt lat="46.972703" lon="9.400161">
      </trkpt>
      <trkpt lat="46.972676" lon="9.40016">
      </trkpt>
      <trkpt lat="46.972649" lon="9.400133">
      </trkpt>
      <trkpt lat="46.972605" lon="9.400092">
      </trkpt>
      <trkpt lat="46.972543" lon="9.400011">
      </trkpt>
      <trkpt lat="46.97249" lon="9.399956">
      </trkpt>
      <trkpt lat="46.972411" lon="9.399874">
      </trkpt>
      <trkpt lat="46.97234" lon="9.39978">
      </trkpt>
      <trkpt lat="46.972305" lon="9.399739">
      </trkpt>
      <trkpt lat="46.972253" lon="9.399593">
      </trkpt>
      <trkpt lat="46.972228" lon="9.399526">
      </trkpt>
      <trkpt lat="46.972202" lon="9.399472">
      </trkpt>
      <trkpt lat="46.972184" lon="9.399432">
      </trkpt>
      <trkpt lat="46.972167" lon="9.399392">
      </trkpt>
      <trkpt lat="46.972158" lon="9.399366">
      </trkpt>
      <trkpt lat="46.972132" lon="9.399338">
      </trkpt>
      <trkpt lat="46.972123" lon="9.399312">
      </trkpt>
      <trkpt lat="46.972097" lon="9.399271">
      </trkpt>
      <trkpt lat="46.97208" lon="9.399231">
      </trkpt>
      <trkpt lat="46.972071" lon="9.399191">
      </trkpt>
      <trkpt lat="46.972054" lon="9.399151">
      </trkpt>
      <trkpt lat="46.972046" lon="9.399125">
      </trkpt>
      <trkpt lat="46.972037" lon="9.399098">
      </trkpt>
      <trkpt lat="46.972019" lon="9.399071">
      </trkpt>
      <trkpt lat="46.971994" lon="9.399005">
      </trkpt>
      <trkpt lat="46.971968" lon="9.398925">
      </trkpt>
      <trkpt lat="46.971942" lon="9.398884">
      </trkpt>
      <trkpt lat="46.971934" lon="9.398832">
      </trkpt>
      <trkpt lat="46.971898" lon="9.398778">
      </trkpt>
      <trkpt lat="46.971899" lon="9.398738">
      </trkpt>
      <trkpt lat="46.971891" lon="9.398699">
      </trkpt>
      <trkpt lat="46.971882" lon="9.398672">
      </trkpt>
      <trkpt lat="46.971874" lon="9.398658">
      </trkpt>
      <trkpt lat="46.971847" lon="9.398644">
      </trkpt>
      <trkpt lat="46.97182" lon="9.398617">
      </trkpt>
      <trkpt lat="46.971803" lon="9.398564">
      </trkpt>
      <trkpt lat="46.971794" lon="9.39855">
      </trkpt>
      <trkpt lat="46.971768" lon="9.398536">
      </trkpt>
      <trkpt lat="46.97175" lon="9.398509">
      </trkpt>
      <trkpt lat="46.971742" lon="9.398456">
      </trkpt>
      <trkpt lat="46.971752" lon="9.398391">
      </trkpt>
      <trkpt lat="46.971744" lon="9.398351">
      </trkpt>
      <trkpt lat="46.971735" lon="9.398312">
      </trkpt>
      <trkpt lat="46.971718" lon="9.398298">
      </trkpt>
      <trkpt lat="46.971709" lon="9.398271">
      </trkpt>
      <trkpt lat="46.971702" lon="9.398192">
      </trkpt>
      <trkpt lat="46.971702" lon="9.39814">
      </trkpt>
      <trkpt lat="46.971703" lon="9.3981">
      </trkpt>
      <trkpt lat="46.971686" lon="9.39806">
      </trkpt>
      <trkpt lat="46.971686" lon="9.398034">
      </trkpt>
      <trkpt lat="46.97166" lon="9.397993">
      </trkpt>
      <trkpt lat="46.971651" lon="9.397967">
      </trkpt>
      <trkpt lat="46.971634" lon="9.39794">
      </trkpt>
      <trkpt lat="46.971607" lon="9.397926">
      </trkpt>
      <trkpt lat="46.971572" lon="9.397898">
      </trkpt>
      <trkpt lat="46.971545" lon="9.397858">
      </trkpt>
      <trkpt lat="46.971537" lon="9.397831">
      </trkpt>
      <trkpt lat="46.971519" lon="9.397817">
      </trkpt>
      <trkpt lat="46.971492" lon="9.397803">
      </trkpt>
      <trkpt lat="46.971492" lon="9.397803">
      </trkpt>
      <trkpt lat="46.971511" lon="9.397751">
      </trkpt>
      <trkpt lat="46.97153" lon="9.397699">
      </trkpt>
      <trkpt lat="46.971532" lon="9.397607">
      </trkpt>
      <trkpt lat="46.971551" lon="9.397503">
      </trkpt>
      <trkpt lat="46.971561" lon="9.397451">
      </trkpt>
      <trkpt lat="46.97158" lon="9.397425">
      </trkpt>
      <trkpt lat="46.971589" lon="9.397386">
      </trkpt>
      <trkpt lat="46.9716" lon="9.397308">
      </trkpt>
      <trkpt lat="46.971637" lon="9.397256">
      </trkpt>
      <trkpt lat="46.971646" lon="9.397204">
      </trkpt>
      <trkpt lat="46.971665" lon="9.397165">
      </trkpt>
      <trkpt lat="46.971693" lon="9.39714">
      </trkpt>
      <trkpt lat="46.97172" lon="9.397102">
      </trkpt>
      <trkpt lat="46.971739" lon="9.39705">
      </trkpt>
      <trkpt lat="46.971758" lon="9.397011">
      </trkpt>
      <trkpt lat="46.971795" lon="9.396934">
      </trkpt>
      <trkpt lat="46.971851" lon="9.396817">
      </trkpt>
      <trkpt lat="46.971869" lon="9.396792">
      </trkpt>
      <trkpt lat="46.971888" lon="9.396779">
      </trkpt>
      <trkpt lat="46.971906" lon="9.39674">
      </trkpt>
      <trkpt lat="46.971934" lon="9.396702">
      </trkpt>
      <trkpt lat="46.971935" lon="9.396663">
      </trkpt>
      <trkpt lat="46.971944" lon="9.396624">
      </trkpt>
      <trkpt lat="46.971963" lon="9.396585">
      </trkpt>
      <trkpt lat="46.971981" lon="9.396559">
      </trkpt>
      <trkpt lat="46.972009" lon="9.396494">
      </trkpt>
      <trkpt lat="46.972028" lon="9.396456">
      </trkpt>
      <trkpt lat="46.972038" lon="9.39639">
      </trkpt>
      <trkpt lat="46.972057" lon="9.396352">
      </trkpt>
      <trkpt lat="46.972067" lon="9.396299">
      </trkpt>
      <trkpt lat="46.972095" lon="9.396235">
      </trkpt>
      <trkpt lat="46.972096" lon="9.396195">
      </trkpt>
      <trkpt lat="46.972096" lon="9.396143">
      </trkpt>
      <trkpt lat="46.972106" lon="9.39609">
      </trkpt>
      <trkpt lat="46.972125" lon="9.396065">
      </trkpt>
      <trkpt lat="46.972152" lon="9.39604">
      </trkpt>
      <trkpt lat="46.97218" lon="9.395975">
      </trkpt>
      <trkpt lat="46.97219" lon="9.395923">
      </trkpt>
      <trkpt lat="46.9722" lon="9.395857">
      </trkpt>
      <trkpt lat="46.972219" lon="9.395832">
      </trkpt>
      <trkpt lat="46.972219" lon="9.395805">
      </trkpt>
      <trkpt lat="46.972265" lon="9.395741">
      </trkpt>
      <trkpt lat="46.972284" lon="9.395703">
      </trkpt>
      <trkpt lat="46.972348" lon="9.395626">
      </trkpt>
      <trkpt lat="46.972395" lon="9.395549">
      </trkpt>
      <trkpt lat="46.972431" lon="9.395511">
      </trkpt>
      <trkpt lat="46.972459" lon="9.395446">
      </trkpt>
      <trkpt lat="46.972496" lon="9.395421">
      </trkpt>
      <trkpt lat="46.972541" lon="9.39541">
      </trkpt>
      <trkpt lat="46.972642" lon="9.395295">
      </trkpt>
      <trkpt lat="46.972688" lon="9.395244">
      </trkpt>
      <trkpt lat="46.972706" lon="9.395218">
      </trkpt>
      <trkpt lat="46.972742" lon="9.395233">
      </trkpt>
      <trkpt lat="46.972778" lon="9.395221">
      </trkpt>
      <trkpt lat="46.972797" lon="9.395195">
      </trkpt>
      <trkpt lat="46.972815" lon="9.395144">
      </trkpt>
      <trkpt lat="46.972834" lon="9.395118">
      </trkpt>
      <trkpt lat="46.972834" lon="9.395079">
      </trkpt>
      <trkpt lat="46.972844" lon="9.395039">
      </trkpt>
      <trkpt lat="46.972871" lon="9.39504">
      </trkpt>
      <trkpt lat="46.97288" lon="9.395028">
      </trkpt>
      <trkpt lat="46.972899" lon="9.394989">
      </trkpt>
      <trkpt lat="46.972926" lon="9.394977">
      </trkpt>
      <trkpt lat="46.972954" lon="9.394951">
      </trkpt>
      <trkpt lat="46.972972" lon="9.394939">
      </trkpt>
      <trkpt lat="46.973107" lon="9.394918">
      </trkpt>
      <trkpt lat="46.973125" lon="9.394918">
      </trkpt>
      <trkpt lat="46.973153" lon="9.394893">
      </trkpt>
      <trkpt lat="46.97318" lon="9.394881">
      </trkpt>
      <trkpt lat="46.973207" lon="9.394882">
      </trkpt>
      <trkpt lat="46.973243" lon="9.394857">
      </trkpt>
      <trkpt lat="46.973261" lon="9.394844">
      </trkpt>
      <trkpt lat="46.97328" lon="9.394832">
      </trkpt>
      <trkpt lat="46.973297" lon="9.394846">
      </trkpt>
      <trkpt lat="46.973333" lon="9.394873">
      </trkpt>
      <trkpt lat="46.97336" lon="9.394874">
      </trkpt>
      <trkpt lat="46.973423" lon="9.39489">
      </trkpt>
      <trkpt lat="46.973531" lon="9.39488">
      </trkpt>
      <trkpt lat="46.973602" lon="9.394909">
      </trkpt>
      <trkpt lat="46.973647" lon="9.394911">
      </trkpt>
      <trkpt lat="46.97371" lon="9.394913">
      </trkpt>
      <trkpt lat="46.973746" lon="9.394928">
      </trkpt>
      <trkpt lat="46.973781" lon="9.394968">
      </trkpt>
      <trkpt lat="46.973799" lon="9.394969">
      </trkpt>
      <trkpt lat="46.973799" lon="9.394956">
      </trkpt>
      <trkpt lat="46.973782" lon="9.394929">
      </trkpt>
      <trkpt lat="46.973765" lon="9.394889">
      </trkpt>
      <trkpt lat="46.973711" lon="9.394848">
      </trkpt>
      <trkpt lat="46.973693" lon="9.394834">
      </trkpt>
      <trkpt lat="46.973676" lon="9.39482">
      </trkpt>
      <trkpt lat="46.973641" lon="9.394753">
      </trkpt>
      <trkpt lat="46.973624" lon="9.3947">
      </trkpt>
      <trkpt lat="46.973615" lon="9.394686">
      </trkpt>
      <trkpt lat="46.973633" lon="9.394674">
      </trkpt>
      <trkpt lat="46.973696" lon="9.394676">
      </trkpt>
      <trkpt lat="46.97375" lon="9.394691">
      </trkpt>
      <trkpt lat="46.973759" lon="9.394705">
      </trkpt>
      <trkpt lat="46.973767" lon="9.394731">
      </trkpt>
      <trkpt lat="46.973785" lon="9.394732">
      </trkpt>
      <trkpt lat="46.973803" lon="9.394733">
      </trkpt>
      <trkpt lat="46.973804" lon="9.394706">
      </trkpt>
      <trkpt lat="46.973795" lon="9.394667">
      </trkpt>
      <trkpt lat="46.973778" lon="9.394653">
      </trkpt>
      <trkpt lat="46.973752" lon="9.394586">
      </trkpt>
      <trkpt lat="46.973672" lon="9.394517">
      </trkpt>
      <trkpt lat="46.973654" lon="9.394504">
      </trkpt>
      <trkpt lat="46.973655" lon="9.394477">
      </trkpt>
      <trkpt lat="46.973673" lon="9.394465">
      </trkpt>
      <trkpt lat="46.973709" lon="9.394453">
      </trkpt>
      <trkpt lat="46.973754" lon="9.394442">
      </trkpt>
      <trkpt lat="46.97379" lon="9.394443">
      </trkpt>
      <trkpt lat="46.973871" lon="9.394472">
      </trkpt>
      <trkpt lat="46.973889" lon="9.394473">
      </trkpt>
      <trkpt lat="46.973907" lon="9.394421">
      </trkpt>
      <trkpt lat="46.973917" lon="9.394369">
      </trkpt>
      <trkpt lat="46.973927" lon="9.394343">
      </trkpt>
      <trkpt lat="46.973945" lon="9.39433">
      </trkpt>
      <trkpt lat="46.973954" lon="9.394344">
      </trkpt>
      <trkpt lat="46.973962" lon="9.39437">
      </trkpt>
      <trkpt lat="46.973997" lon="9.394477">
      </trkpt>
      <trkpt lat="46.974005" lon="9.394516">
      </trkpt>
      <trkpt lat="46.974022" lon="9.39457">
      </trkpt>
      <trkpt lat="46.974074" lon="9.394677">
      </trkpt>
      <trkpt lat="46.974092" lon="9.394704">
      </trkpt>
      <trkpt lat="46.974118" lon="9.394718">
      </trkpt>
      <trkpt lat="46.974128" lon="9.394705">
      </trkpt>
      <trkpt lat="46.97411" lon="9.394665">
      </trkpt>
      <trkpt lat="46.974102" lon="9.394612">
      </trkpt>
      <trkpt lat="46.974103" lon="9.394586">
      </trkpt>
      <trkpt lat="46.974121" lon="9.394573">
      </trkpt>
      <trkpt lat="46.97413" lon="9.394587">
      </trkpt>
      <trkpt lat="46.974156" lon="9.39464">
      </trkpt>
      <trkpt lat="46.974209" lon="9.394708">
      </trkpt>
      <trkpt lat="46.974234" lon="9.394775">
      </trkpt>
      <trkpt lat="46.974261" lon="9.394802">
      </trkpt>
      <trkpt lat="46.974288" lon="9.394816">
      </trkpt>
      <trkpt lat="46.974297" lon="9.394816">
      </trkpt>
      <trkpt lat="46.974298" lon="9.394764">
      </trkpt>
      <trkpt lat="46.97429" lon="9.394698">
      </trkpt>
      <trkpt lat="46.974273" lon="9.394618">
      </trkpt>
      <trkpt lat="46.974274" lon="9.394553">
      </trkpt>
      <trkpt lat="46.974336" lon="9.394634">
      </trkpt>
      <trkpt lat="46.974353" lon="9.3947">
      </trkpt>
      <trkpt lat="46.974361" lon="9.394727">
      </trkpt>
      <trkpt lat="46.974396" lon="9.394767">
      </trkpt>
      <trkpt lat="46.974432" lon="9.394808">
      </trkpt>
      <trkpt lat="46.974449" lon="9.394861">
      </trkpt>
      <trkpt lat="46.974466" lon="9.394888">
      </trkpt>
      <trkpt lat="46.974476" lon="9.394836">
      </trkpt>
      <trkpt lat="46.974486" lon="9.394784">
      </trkpt>
      <trkpt lat="46.974505" lon="9.394758">
      </trkpt>
      <trkpt lat="46.974532" lon="9.394759">
      </trkpt>
      <trkpt lat="46.974548" lon="9.394852">
      </trkpt>
      <trkpt lat="46.974547" lon="9.394904">
      </trkpt>
      <trkpt lat="46.974555" lon="9.394944">
      </trkpt>
      <trkpt lat="46.974582" lon="9.394958">
      </trkpt>
      <trkpt lat="46.974618" lon="9.394986">
      </trkpt>
      <trkpt lat="46.97468" lon="9.395001">
      </trkpt>
      <trkpt lat="46.974743" lon="9.39503">
      </trkpt>
      <trkpt lat="46.97477" lon="9.395031">
      </trkpt>
      <trkpt lat="46.974797" lon="9.395005">
      </trkpt>
      <trkpt lat="46.974833" lon="9.395007">
      </trkpt>
      <trkpt lat="46.974851" lon="9.395034">
      </trkpt>
      <trkpt lat="46.974869" lon="9.395021">
      </trkpt>
      <trkpt lat="46.974905" lon="9.395023">
      </trkpt>
      <trkpt lat="46.975067" lon="9.395042">
      </trkpt>
      <trkpt lat="46.975121" lon="9.39503">
      </trkpt>
      <trkpt lat="46.975175" lon="9.395032">
      </trkpt>
      <trkpt lat="46.975256" lon="9.395022">
      </trkpt>
      <trkpt lat="46.975301" lon="9.395024">
      </trkpt>
      <trkpt lat="46.975364" lon="9.395039">
      </trkpt>
      <trkpt lat="46.97539" lon="9.395053">
      </trkpt>
      <trkpt lat="46.975516" lon="9.395071">
      </trkpt>
      <trkpt lat="46.97557" lon="9.39506">
      </trkpt>
      <trkpt lat="46.975615" lon="9.395062">
      </trkpt>
      <trkpt lat="46.975643" lon="9.395036">
      </trkpt>
      <trkpt lat="46.975715" lon="9.395013">
      </trkpt>
      <trkpt lat="46.975742" lon="9.395027">
      </trkpt>
      <trkpt lat="46.975751" lon="9.394988">
      </trkpt>
      <trkpt lat="46.975779" lon="9.394962">
      </trkpt>
      <trkpt lat="46.975815" lon="9.394964">
      </trkpt>
      <trkpt lat="46.975824" lon="9.394938">
      </trkpt>
      <trkpt lat="46.975869" lon="9.394939">
      </trkpt>
      <trkpt lat="46.975905" lon="9.394928">
      </trkpt>
      <trkpt lat="46.975969" lon="9.394877">
      </trkpt>
      <trkpt lat="46.975979" lon="9.394838">
      </trkpt>
      <trkpt lat="46.975989" lon="9.394786">
      </trkpt>
      <trkpt lat="46.976016" lon="9.394748">
      </trkpt>
      <trkpt lat="46.976017" lon="9.394695">
      </trkpt>
      <trkpt lat="46.976018" lon="9.394629">
      </trkpt>
      <trkpt lat="46.976018" lon="9.394629">
      </trkpt>
      <trkpt lat="46.976046" lon="9.394617">
      </trkpt>
      <trkpt lat="46.976073" lon="9.394618">
      </trkpt>
      <trkpt lat="46.9761" lon="9.394593">
      </trkpt>
      <trkpt lat="46.976137" lon="9.394555">
      </trkpt>
      <trkpt lat="46.976164" lon="9.394529">
      </trkpt>
      <trkpt lat="46.97621" lon="9.394492">
      </trkpt>
      <trkpt lat="46.976255" lon="9.394454">
      </trkpt>
      <trkpt lat="46.97631" lon="9.394443">
      </trkpt>
      <trkpt lat="46.976419" lon="9.394368">
      </trkpt>
      <trkpt lat="46.97651" lon="9.394305">
      </trkpt>
      <trkpt lat="46.976629" lon="9.394205">
      </trkpt>
      <trkpt lat="46.976665" lon="9.39418">
      </trkpt>
      <trkpt lat="46.976711" lon="9.394129">
      </trkpt>
      <trkpt lat="46.976739" lon="9.394064">
      </trkpt>
      <trkpt lat="46.976776" lon="9.393973">
      </trkpt>
      <trkpt lat="46.976804" lon="9.393935">
      </trkpt>
      <trkpt lat="46.976851" lon="9.393805">
      </trkpt>
      <trkpt lat="46.97687" lon="9.39374">
      </trkpt>
      <trkpt lat="46.976892" lon="9.393557">
      </trkpt>
      <trkpt lat="46.976911" lon="9.393479">
      </trkpt>
      <trkpt lat="46.97693" lon="9.393414">
      </trkpt>
      <trkpt lat="46.976967" lon="9.393349">
      </trkpt>
      <trkpt lat="46.976995" lon="9.393311">
      </trkpt>
      <trkpt lat="46.977023" lon="9.393246">
      </trkpt>
      <trkpt lat="46.97706" lon="9.393182">
      </trkpt>
      <trkpt lat="46.977097" lon="9.39313">
      </trkpt>
      <trkpt lat="46.977134" lon="9.393053">
      </trkpt>
      <trkpt lat="46.977162" lon="9.393001">
      </trkpt>
      <trkpt lat="46.977181" lon="9.392949">
      </trkpt>
      <trkpt lat="46.977208" lon="9.392911">
      </trkpt>
      <trkpt lat="46.977208" lon="9.392911">
      </trkpt>
      <trkpt lat="46.977282" lon="9.392795">
      </trkpt>
      <trkpt lat="46.97732" lon="9.392731">
      </trkpt>
      <trkpt lat="46.977365" lon="9.392706">
      </trkpt>
      <trkpt lat="46.977402" lon="9.392668">
      </trkpt>
      <trkpt lat="46.977447" lon="9.392657">
      </trkpt>
      <trkpt lat="46.977492" lon="9.392658">
      </trkpt>
      <trkpt lat="46.977583" lon="9.39257">
      </trkpt>
      <trkpt lat="46.977628" lon="9.392558">
      </trkpt>
      <trkpt lat="46.977755" lon="9.392523">
      </trkpt>
      <trkpt lat="46.977819" lon="9.392486">
      </trkpt>
      <trkpt lat="46.977918" lon="9.392437">
      </trkpt>
      <trkpt lat="46.977954" lon="9.392439">
      </trkpt>
      <trkpt lat="46.977982" lon="9.392413">
      </trkpt>
      <trkpt lat="46.978055" lon="9.392363">
      </trkpt>
      <trkpt lat="46.978074" lon="9.392311">
      </trkpt>
      <trkpt lat="46.978111" lon="9.392247">
      </trkpt>
      <trkpt lat="46.978174" lon="9.39221">
      </trkpt>
      <trkpt lat="46.978247" lon="9.392173">
      </trkpt>
      <trkpt lat="46.978292" lon="9.392148">
      </trkpt>
      <trkpt lat="46.978338" lon="9.392098">
      </trkpt>
      <trkpt lat="46.978393" lon="9.39206">
      </trkpt>
      <trkpt lat="46.978447" lon="9.392023">
      </trkpt>
      <trkpt lat="46.978493" lon="9.391998">
      </trkpt>
      <trkpt lat="46.978538" lon="9.391987">
      </trkpt>
      <trkpt lat="46.978674" lon="9.391913">
      </trkpt>
      <trkpt lat="46.978729" lon="9.391888">
      </trkpt>
      <trkpt lat="46.978855" lon="9.391853">
      </trkpt>
      <trkpt lat="46.978909" lon="9.391842">
      </trkpt>
      <trkpt lat="46.978946" lon="9.391817">
      </trkpt>
      <trkpt lat="46.979" lon="9.391806">
      </trkpt>
      <trkpt lat="46.97909" lon="9.391796">
      </trkpt>
      <trkpt lat="46.979171" lon="9.391786">
      </trkpt>
      <trkpt lat="46.979288" lon="9.39179">
      </trkpt>
      <trkpt lat="46.979369" lon="9.391793">
      </trkpt>
      <trkpt lat="46.979396" lon="9.391794">
      </trkpt>
      <trkpt lat="46.979433" lon="9.391756">
      </trkpt>
      <trkpt lat="46.979469" lon="9.391731">
      </trkpt>
      <trkpt lat="46.979506" lon="9.391693">
      </trkpt>
      <trkpt lat="46.979542" lon="9.391655">
      </trkpt>
      <trkpt lat="46.979579" lon="9.391617">
      </trkpt>
      <trkpt lat="46.979615" lon="9.391592">
      </trkpt>
      <trkpt lat="46.979652" lon="9.39158">
      </trkpt>
      <trkpt lat="46.979769" lon="9.391545">
      </trkpt>
      <trkpt lat="46.979824" lon="9.391521">
      </trkpt>
      <trkpt lat="46.97986" lon="9.391496">
      </trkpt>
      <trkpt lat="46.979897" lon="9.391457">
      </trkpt>
      <trkpt lat="46.979942" lon="9.39142">
      </trkpt>
      <trkpt lat="46.979997" lon="9.391395">
      </trkpt>
      <trkpt lat="46.98006" lon="9.391358">
      </trkpt>
      <trkpt lat="46.980096" lon="9.391346">
      </trkpt>
      <trkpt lat="46.980151" lon="9.391296">
      </trkpt>
      <trkpt lat="46.98026" lon="9.39126">
      </trkpt>
      <trkpt lat="46.980342" lon="9.391211">
      </trkpt>
      <trkpt lat="46.980396" lon="9.391186">
      </trkpt>
      <trkpt lat="46.980433" lon="9.391148">
      </trkpt>
      <trkpt lat="46.98046" lon="9.391136">
      </trkpt>
      <trkpt lat="46.980514" lon="9.391138">
      </trkpt>
      <trkpt lat="46.980558" lon="9.391166">
      </trkpt>
      <trkpt lat="46.980585" lon="9.391167">
      </trkpt>
      <trkpt lat="46.980676" lon="9.391131">
      </trkpt>
      <trkpt lat="46.980712" lon="9.391132">
      </trkpt>
      <trkpt lat="46.980748" lon="9.391147">
      </trkpt>
      <trkpt lat="46.980775" lon="9.391148">
      </trkpt>
      <trkpt lat="46.980828" lon="9.391163">
      </trkpt>
      <trkpt lat="46.980874" lon="9.391151">
      </trkpt>
      <trkpt lat="46.980901" lon="9.391152">
      </trkpt>
      <trkpt lat="46.980964" lon="9.391154">
      </trkpt>
      <trkpt lat="46.981018" lon="9.39113">
      </trkpt>
      <trkpt lat="46.981054" lon="9.391145">
      </trkpt>
      <trkpt lat="46.981099" lon="9.391146">
      </trkpt>
      <trkpt lat="46.981152" lon="9.391161">
      </trkpt>
      <trkpt lat="46.98127" lon="9.391152">
      </trkpt>
      <trkpt lat="46.981315" lon="9.391141">
      </trkpt>
      <trkpt lat="46.981359" lon="9.391156">
      </trkpt>
      <trkpt lat="46.981396" lon="9.391144">
      </trkpt>
      <trkpt lat="46.981441" lon="9.391146">
      </trkpt>
      <trkpt lat="46.981468" lon="9.391133">
      </trkpt>
      <trkpt lat="46.981495" lon="9.391095">
      </trkpt>
      <trkpt lat="46.981532" lon="9.391057">
      </trkpt>
      <trkpt lat="46.981578" lon="9.391032">
      </trkpt>
      <trkpt lat="46.981614" lon="9.39102">
      </trkpt>
      <trkpt lat="46.98165" lon="9.390995">
      </trkpt>
      <trkpt lat="46.981678" lon="9.39097">
      </trkpt>
      <trkpt lat="46.981723" lon="9.390932">
      </trkpt>
      <trkpt lat="46.981769" lon="9.390894">
      </trkpt>
      <trkpt lat="46.981806" lon="9.39083">
      </trkpt>
      <trkpt lat="46.981889" lon="9.390715">
      </trkpt>
      <trkpt lat="46.981943" lon="9.390677">
      </trkpt>
      <trkpt lat="46.981971" lon="9.390639">
      </trkpt>
      <trkpt lat="46.981999" lon="9.3906">
      </trkpt>
      <trkpt lat="46.982036" lon="9.390549">
      </trkpt>
      <trkpt lat="46.982064" lon="9.390471">
      </trkpt>
      <trkpt lat="46.982092" lon="9.39042">
      </trkpt>
      <trkpt lat="46.982165" lon="9.39033">
      </trkpt>
      <trkpt lat="46.982184" lon="9.390279">
      </trkpt>
      <trkpt lat="46.982194" lon="9.390253">
      </trkpt>
      <trkpt lat="46.982212" lon="9.390214">
      </trkpt>
      <trkpt lat="46.982249" lon="9.390189">
      </trkpt>
      <trkpt lat="46.982276" lon="9.390164">
      </trkpt>
      <trkpt lat="46.982304" lon="9.390125">
      </trkpt>
      <trkpt lat="46.982331" lon="9.390113">
      </trkpt>
      <trkpt lat="46.982349" lon="9.390087">
      </trkpt>
      <trkpt lat="46.982377" lon="9.390036">
      </trkpt>
      <trkpt lat="46.982405" lon="9.39001">
      </trkpt>
      <trkpt lat="46.982423" lon="9.389998">
      </trkpt>
      <trkpt lat="46.982441" lon="9.389972">
      </trkpt>
      <trkpt lat="46.98246" lon="9.38996">
      </trkpt>
      <trkpt lat="46.982478" lon="9.389947">
      </trkpt>
      <trkpt lat="46.982496" lon="9.389922">
      </trkpt>
      <trkpt lat="46.982533" lon="9.389884">
      </trkpt>
      <trkpt lat="46.982569" lon="9.389859">
      </trkpt>
      <trkpt lat="46.982597" lon="9.38982">
      </trkpt>
      <trkpt lat="46.982624" lon="9.389808">
      </trkpt>
      <trkpt lat="46.982642" lon="9.389809">
      </trkpt>
      <trkpt lat="46.98267" lon="9.389757">
      </trkpt>
      <trkpt lat="46.982688" lon="9.389731">
      </trkpt>
      <trkpt lat="46.982716" lon="9.389719">
      </trkpt>
      <trkpt lat="46.982743" lon="9.389694">
      </trkpt>
      <trkpt lat="46.982752" lon="9.389681">
      </trkpt>
      <trkpt lat="46.982771" lon="9.389656">
      </trkpt>
      <trkpt lat="46.982798" lon="9.389643">
      </trkpt>
      <trkpt lat="46.982825" lon="9.389631">
      </trkpt>
      <trkpt lat="46.982843" lon="9.389632">
      </trkpt>
      <trkpt lat="46.98287" lon="9.389633">
      </trkpt>
      <trkpt lat="46.982924" lon="9.389609">
      </trkpt>
      <trkpt lat="46.982943" lon="9.389596">
      </trkpt>
      <trkpt lat="46.982979" lon="9.389571">
      </trkpt>
      <trkpt lat="46.983006" lon="9.389559">
      </trkpt>
      <trkpt lat="46.983042" lon="9.38956">
      </trkpt>
      <trkpt lat="46.98306" lon="9.389548">
      </trkpt>
      <trkpt lat="46.983088" lon="9.389522">
      </trkpt>
      <trkpt lat="46.983224" lon="9.389475">
      </trkpt>
      <trkpt lat="46.983278" lon="9.389437">
      </trkpt>
      <trkpt lat="46.983342" lon="9.389413">
      </trkpt>
      <trkpt lat="46.983405" lon="9.389403">
      </trkpt>
      <trkpt lat="46.98345" lon="9.389391">
      </trkpt>
      <trkpt lat="46.983477" lon="9.389366">
      </trkpt>
      <trkpt lat="46.983486" lon="9.389379">
      </trkpt>
      <trkpt lat="46.983495" lon="9.389393">
      </trkpt>
      <trkpt lat="46.983477" lon="9.389418">
      </trkpt>
      <trkpt lat="46.983467" lon="9.389444">
      </trkpt>
      <trkpt lat="46.98344" lon="9.389456">
      </trkpt>
      <trkpt lat="46.983422" lon="9.389469">
      </trkpt>
      <trkpt lat="46.983357" lon="9.389559">
      </trkpt>
      <trkpt lat="46.983311" lon="9.389609">
      </trkpt>
      <trkpt lat="46.983274" lon="9.389661">
      </trkpt>
      <trkpt lat="46.983256" lon="9.389673">
      </trkpt>
      <trkpt lat="46.983238" lon="9.389673">
      </trkpt>
      <trkpt lat="46.983229" lon="9.389699">
      </trkpt>
      <trkpt lat="46.983238" lon="9.389699">
      </trkpt>
      <trkpt lat="46.983265" lon="9.389713">
      </trkpt>
      <trkpt lat="46.983319" lon="9.389702">
      </trkpt>
      <trkpt lat="46.983382" lon="9.389691">
      </trkpt>
      <trkpt lat="46.983427" lon="9.389693">
      </trkpt>
      <trkpt lat="46.983481" lon="9.389681">
      </trkpt>
      <trkpt lat="46.983535" lon="9.389683">
      </trkpt>
      <trkpt lat="46.983553" lon="9.389658">
      </trkpt>
      <trkpt lat="46.983608" lon="9.389633">
      </trkpt>
      <trkpt lat="46.983653" lon="9.389609">
      </trkpt>
      <trkpt lat="46.983689" lon="9.389597">
      </trkpt>
      <trkpt lat="46.983725" lon="9.389598">
      </trkpt>
      <trkpt lat="46.983762" lon="9.389586">
      </trkpt>
      <trkpt lat="46.983798" lon="9.389575">
      </trkpt>
      <trkpt lat="46.983825" lon="9.389562">
      </trkpt>
      <trkpt lat="46.983861" lon="9.389551">
      </trkpt>
      <trkpt lat="46.983915" lon="9.389553">
      </trkpt>
      <trkpt lat="46.983942" lon="9.38954">
      </trkpt>
      <trkpt lat="46.984024" lon="9.38953">
      </trkpt>
      <trkpt lat="46.984078" lon="9.389506">
      </trkpt>
      <trkpt lat="46.984114" lon="9.389481">
      </trkpt>
      <trkpt lat="46.98416" lon="9.389469">
      </trkpt>
      <trkpt lat="46.984213" lon="9.389471">
      </trkpt>
      <trkpt lat="46.984258" lon="9.389473">
      </trkpt>
      <trkpt lat="46.984295" lon="9.389461">
      </trkpt>
      <trkpt lat="46.984421" lon="9.389426">
      </trkpt>
      <trkpt lat="46.984466" lon="9.389415">
      </trkpt>
      <trkpt lat="46.984512" lon="9.389403">
      </trkpt>
      <trkpt lat="46.984547" lon="9.389418">
      </trkpt>
      <trkpt lat="46.98471" lon="9.389397">
      </trkpt>
      <trkpt lat="46.984764" lon="9.389386">
      </trkpt>
      <trkpt lat="46.984809" lon="9.389362">
      </trkpt>
      <trkpt lat="46.984854" lon="9.38935">
      </trkpt>
      <trkpt lat="46.9849" lon="9.389339">
      </trkpt>
      <trkpt lat="46.984944" lon="9.389353">
      </trkpt>
      <trkpt lat="46.984963" lon="9.389341">
      </trkpt>
      <trkpt lat="46.985053" lon="9.389318">
      </trkpt>
      <trkpt lat="46.985089" lon="9.389306">
      </trkpt>
      <trkpt lat="46.985135" lon="9.389268">
      </trkpt>
      <trkpt lat="46.985189" lon="9.389257">
      </trkpt>
      <trkpt lat="46.985225" lon="9.389245">
      </trkpt>
      <trkpt lat="46.98527" lon="9.389234">
      </trkpt>
      <trkpt lat="46.985315" lon="9.389222">
      </trkpt>
      <trkpt lat="46.985343" lon="9.38921">
      </trkpt>
      <trkpt lat="46.985378" lon="9.389224">
      </trkpt>
      <trkpt lat="46.985396" lon="9.389238">
      </trkpt>
      <trkpt lat="46.985423" lon="9.389239">
      </trkpt>
      <trkpt lat="46.985468" lon="9.389228">
      </trkpt>
      <trkpt lat="46.985496" lon="9.389202">
      </trkpt>
      <trkpt lat="46.985541" lon="9.389178">
      </trkpt>
      <trkpt lat="46.985559" lon="9.389192">
      </trkpt>
      <trkpt lat="46.98554" lon="9.38923">
      </trkpt>
      <trkpt lat="46.985512" lon="9.389295">
      </trkpt>
      <trkpt lat="46.985485" lon="9.389333">
      </trkpt>
      <trkpt lat="46.985466" lon="9.389372">
      </trkpt>
      <trkpt lat="46.985429" lon="9.38941">
      </trkpt>
      <trkpt lat="46.985392" lon="9.389475">
      </trkpt>
      <trkpt lat="46.985364" lon="9.389526">
      </trkpt>
      <trkpt lat="46.985336" lon="9.389578">
      </trkpt>
      <trkpt lat="46.985271" lon="9.38972">
      </trkpt>
      <trkpt lat="46.985234" lon="9.389771">
      </trkpt>
      <trkpt lat="46.985215" lon="9.389823">
      </trkpt>
      <trkpt lat="46.985197" lon="9.389862">
      </trkpt>
      <trkpt lat="46.985169" lon="9.389901">
      </trkpt>
      <trkpt lat="46.985141" lon="9.389952">
      </trkpt>
      <trkpt lat="46.985086" lon="9.390042">
      </trkpt>
      <trkpt lat="46.984975" lon="9.390222">
      </trkpt>
      <trkpt lat="46.984938" lon="9.39026">
      </trkpt>
      <trkpt lat="46.984901" lon="9.390338">
      </trkpt>
      <trkpt lat="46.984873" lon="9.390363">
      </trkpt>
      <trkpt lat="46.984864" lon="9.390389">
      </trkpt>
      <trkpt lat="46.984827" lon="9.39044">
      </trkpt>
      <trkpt lat="46.984799" lon="9.390479">
      </trkpt>
      <trkpt lat="46.984772" lon="9.390517">
      </trkpt>
      <trkpt lat="46.984744" lon="9.390556">
      </trkpt>
      <trkpt lat="46.984698" lon="9.390607">
      </trkpt>
      <trkpt lat="46.98467" lon="9.390658">
      </trkpt>
      <trkpt lat="46.984651" lon="9.390697">
      </trkpt>
      <trkpt lat="46.984606" lon="9.390748">
      </trkpt>
      <trkpt lat="46.984578" lon="9.390799">
      </trkpt>
      <trkpt lat="46.984541" lon="9.390838">
      </trkpt>
      <trkpt lat="46.984513" lon="9.390889">
      </trkpt>
      <trkpt lat="46.984476" lon="9.390954">
      </trkpt>
      <trkpt lat="46.984458" lon="9.390966">
      </trkpt>
      <trkpt lat="46.984412" lon="9.391017">
      </trkpt>
      <trkpt lat="46.98432" lon="9.391145">
      </trkpt>
      <trkpt lat="46.984302" lon="9.391171">
      </trkpt>
      <trkpt lat="46.984274" lon="9.391183">
      </trkpt>
      <trkpt lat="46.984256" lon="9.391195">
      </trkpt>
      <trkpt lat="46.984219" lon="9.391247">
      </trkpt>
      <trkpt lat="46.984228" lon="9.39126">
      </trkpt>
      <trkpt lat="46.984273" lon="9.391262">
      </trkpt>
      <trkpt lat="46.984318" lon="9.391263">
      </trkpt>
      <trkpt lat="46.984354" lon="9.391265">
      </trkpt>
      <trkpt lat="46.984399" lon="9.39124">
      </trkpt>
      <trkpt lat="46.984444" lon="9.391228">
      </trkpt>
      <trkpt lat="46.984498" lon="9.39123">
      </trkpt>
      <trkpt lat="46.984552" lon="9.391232">
      </trkpt>
      <trkpt lat="46.984607" lon="9.391221">
      </trkpt>
      <trkpt lat="46.984669" lon="9.391237">
      </trkpt>
      <trkpt lat="46.984777" lon="9.391241">
      </trkpt>
      <trkpt lat="46.984813" lon="9.391242">
      </trkpt>
      <trkpt lat="46.984849" lon="9.391269">
      </trkpt>
      <trkpt lat="46.984965" lon="9.3913">
      </trkpt>
      <trkpt lat="46.98501" lon="9.391302">
      </trkpt>
      <trkpt lat="46.985064" lon="9.39133">
      </trkpt>
      <trkpt lat="46.985117" lon="9.391358">
      </trkpt>
      <trkpt lat="46.985162" lon="9.391373">
      </trkpt>
      <trkpt lat="46.985216" lon="9.391388">
      </trkpt>
      <trkpt lat="46.985278" lon="9.391417">
      </trkpt>
      <trkpt lat="46.985332" lon="9.391445">
      </trkpt>
      <trkpt lat="46.985448" lon="9.391502">
      </trkpt>
      <trkpt lat="46.985573" lon="9.391559">
      </trkpt>
      <trkpt lat="46.985635" lon="9.391574">
      </trkpt>
      <trkpt lat="46.985689" lon="9.391602">
      </trkpt>
      <trkpt lat="46.985751" lon="9.391631">
      </trkpt>
      <trkpt lat="46.985849" lon="9.391713">
      </trkpt>
      <trkpt lat="46.985911" lon="9.391742">
      </trkpt>
      <trkpt lat="46.986018" lon="9.391851">
      </trkpt>
      <trkpt lat="46.986105" lon="9.391986">
      </trkpt>
      <trkpt lat="46.986141" lon="9.392">
      </trkpt>
      <trkpt lat="46.986177" lon="9.392015">
      </trkpt>
      <trkpt lat="46.986167" lon="9.392054">
      </trkpt>
      <trkpt lat="46.986139" lon="9.392092">
      </trkpt>
      <trkpt lat="46.986121" lon="9.392118">
      </trkpt>
      <trkpt lat="46.986085" lon="9.392143">
      </trkpt>
      <trkpt lat="46.986047" lon="9.392207">
      </trkpt>
      <trkpt lat="46.986028" lon="9.392272">
      </trkpt>
      <trkpt lat="46.986018" lon="9.392338">
      </trkpt>
      <trkpt lat="46.985991" lon="9.392376">
      </trkpt>
      <trkpt lat="46.985991" lon="9.392376">
      </trkpt>
      <trkpt lat="46.986027" lon="9.392364">
      </trkpt>
      <trkpt lat="46.986063" lon="9.392339">
      </trkpt>
      <trkpt lat="46.986099" lon="9.392327">
      </trkpt>
      <trkpt lat="46.986089" lon="9.392406">
      </trkpt>
      <trkpt lat="46.986061" lon="9.392484">
      </trkpt>
      <trkpt lat="46.986033" lon="9.392535">
      </trkpt>
      <trkpt lat="46.985996" lon="9.392574">
      </trkpt>
      <trkpt lat="46.985969" lon="9.392612">
      </trkpt>
      <trkpt lat="46.985914" lon="9.392663">
      </trkpt>
      <trkpt lat="46.985886" lon="9.392701">
      </trkpt>
      <trkpt lat="46.985813" lon="9.39279">
      </trkpt>
      <trkpt lat="46.985813" lon="9.39279">
      </trkpt>
      <trkpt lat="46.985785" lon="9.392816">
      </trkpt>
      <trkpt lat="46.985757" lon="9.392867">
      </trkpt>
      <trkpt lat="46.985729" lon="9.392919">
      </trkpt>
      <trkpt lat="46.985711" lon="9.392958">
      </trkpt>
      <trkpt lat="46.985683" lon="9.393009">
      </trkpt>
      <trkpt lat="46.985673" lon="9.393048">
      </trkpt>
      <trkpt lat="46.985664" lon="9.393074">
      </trkpt>
      <trkpt lat="46.985645" lon="9.393126">
      </trkpt>
      <trkpt lat="46.985654" lon="9.39314">
      </trkpt>
      <trkpt lat="46.985681" lon="9.393127">
      </trkpt>
      <trkpt lat="46.985708" lon="9.393102">
      </trkpt>
      <trkpt lat="46.985744" lon="9.39309">
      </trkpt>
      <trkpt lat="46.98578" lon="9.393092">
      </trkpt>
      <trkpt lat="46.98587" lon="9.393095">
      </trkpt>
      <trkpt lat="46.985915" lon="9.39311">
      </trkpt>
      <trkpt lat="46.985951" lon="9.393124">
      </trkpt>
      <trkpt lat="46.985987" lon="9.393139">
      </trkpt>
      <trkpt lat="46.986022" lon="9.393153">
      </trkpt>
      <trkpt lat="46.986067" lon="9.393168">
      </trkpt>
      <trkpt lat="46.986094" lon="9.393169">
      </trkpt>
      <trkpt lat="46.986157" lon="9.393197">
      </trkpt>
      <trkpt lat="46.986184" lon="9.393198">
      </trkpt>
      <trkpt lat="46.986192" lon="9.393251">
      </trkpt>
      <trkpt lat="46.986181" lon="9.39333">
      </trkpt>
      <trkpt lat="46.986163" lon="9.393368">
      </trkpt>
      <trkpt lat="46.986089" lon="9.393458">
      </trkpt>
      <trkpt lat="46.986043" lon="9.393496">
      </trkpt>
      <trkpt lat="46.986016" lon="9.393547">
      </trkpt>
      <trkpt lat="46.98597" lon="9.393585">
      </trkpt>
      <trkpt lat="46.985934" lon="9.393597">
      </trkpt>
      <trkpt lat="46.985888" lon="9.393648">
      </trkpt>
      <trkpt lat="46.985851" lon="9.393686">
      </trkpt>
      <trkpt lat="46.985832" lon="9.393738">
      </trkpt>
      <trkpt lat="46.985785" lon="9.393854">
      </trkpt>
      <trkpt lat="46.985812" lon="9.393882">
      </trkpt>
      <trkpt lat="46.985848" lon="9.393883">
      </trkpt>
      <trkpt lat="46.985875" lon="9.393858">
      </trkpt>
      <trkpt lat="46.985893" lon="9.393871">
      </trkpt>
      <trkpt lat="46.985847" lon="9.393936">
      </trkpt>
      <trkpt lat="46.985802" lon="9.39396">
      </trkpt>
      <trkpt lat="46.985766" lon="9.393959">
      </trkpt>
      <trkpt lat="46.985739" lon="9.393945">
      </trkpt>
      <trkpt lat="46.985713" lon="9.393904">
      </trkpt>
      <trkpt lat="46.985677" lon="9.39389">
      </trkpt>
      <trkpt lat="46.985641" lon="9.393902">
      </trkpt>
      <trkpt lat="46.985613" lon="9.393927">
      </trkpt>
      <trkpt lat="46.985595" lon="9.393913">
      </trkpt>
      <trkpt lat="46.985558" lon="9.393978">
      </trkpt>
      <trkpt lat="46.985531" lon="9.394003">
      </trkpt>
      <trkpt lat="46.985504" lon="9.394015">
      </trkpt>
      <trkpt lat="46.985477" lon="9.394027">
      </trkpt>
      <trkpt lat="46.985404" lon="9.394064">
      </trkpt>
      <trkpt lat="46.985377" lon="9.39405">
      </trkpt>
      <trkpt lat="46.985349" lon="9.394101">
      </trkpt>
      <trkpt lat="46.985322" lon="9.394114">
      </trkpt>
      <trkpt lat="46.985295" lon="9.394139">
      </trkpt>
      <trkpt lat="46.98524" lon="9.394203">
      </trkpt>
      <trkpt lat="46.985212" lon="9.394228">
      </trkpt>
      <trkpt lat="46.985185" lon="9.394253">
      </trkpt>
      <trkpt lat="46.985148" lon="9.394291">
      </trkpt>
      <trkpt lat="46.985111" lon="9.394343">
      </trkpt>
      <trkpt lat="46.985048" lon="9.39438">
      </trkpt>
      <trkpt lat="46.985029" lon="9.394432">
      </trkpt>
      <trkpt lat="46.985001" lon="9.39447">
      </trkpt>
      <trkpt lat="46.984973" lon="9.394509">
      </trkpt>
      <trkpt lat="46.984928" lon="9.394559">
      </trkpt>
      <trkpt lat="46.984827" lon="9.394635">
      </trkpt>
      <trkpt lat="46.984781" lon="9.394699">
      </trkpt>
      <trkpt lat="46.984744" lon="9.394763">
      </trkpt>
      <trkpt lat="46.984707" lon="9.394828">
      </trkpt>
      <trkpt lat="46.984688" lon="9.394866">
      </trkpt>
      <trkpt lat="46.984643" lon="9.394891">
      </trkpt>
      <trkpt lat="46.984616" lon="9.394916">
      </trkpt>
      <trkpt lat="46.984588" lon="9.394928">
      </trkpt>
      <trkpt lat="46.98457" lon="9.394941">
      </trkpt>
      <trkpt lat="46.984651" lon="9.394944">
      </trkpt>
      <trkpt lat="46.984687" lon="9.394945">
      </trkpt>
      <trkpt lat="46.984732" lon="9.394947">
      </trkpt>
      <trkpt lat="46.984805" lon="9.394897">
      </trkpt>
      <trkpt lat="46.984841" lon="9.394898">
      </trkpt>
      <trkpt lat="46.984877" lon="9.394899">
      </trkpt>
      <trkpt lat="46.984939" lon="9.394915">
      </trkpt>
      <trkpt lat="46.984984" lon="9.39493">
      </trkpt>
      <trkpt lat="46.98502" lon="9.394931">
      </trkpt>
      <trkpt lat="46.985065" lon="9.394933">
      </trkpt>
      <trkpt lat="46.985111" lon="9.394908">
      </trkpt>
      <trkpt lat="46.985201" lon="9.394885">
      </trkpt>
      <trkpt lat="46.985237" lon="9.394886">
      </trkpt>
      <trkpt lat="46.985273" lon="9.394888">
      </trkpt>
      <trkpt lat="46.985309" lon="9.394889">
      </trkpt>
      <trkpt lat="46.985327" lon="9.39489">
      </trkpt>
      <trkpt lat="46.985372" lon="9.394891">
      </trkpt>
      <trkpt lat="46.985443" lon="9.394933">
      </trkpt>
      <trkpt lat="46.985479" lon="9.394948">
      </trkpt>
      <trkpt lat="46.985515" lon="9.394936">
      </trkpt>
      <trkpt lat="46.985551" lon="9.39495">
      </trkpt>
      <trkpt lat="46.985586" lon="9.394965">
      </trkpt>
      <trkpt lat="46.985658" lon="9.39502">
      </trkpt>
      <trkpt lat="46.985684" lon="9.39506">
      </trkpt>
      <trkpt lat="46.985701" lon="9.395114">
      </trkpt>
      <trkpt lat="46.985709" lon="9.395153">
      </trkpt>
      <trkpt lat="46.985743" lon="9.395286">
      </trkpt>
      <trkpt lat="46.985751" lon="9.395326">
      </trkpt>
      <trkpt lat="46.985723" lon="9.395417">
      </trkpt>
      <trkpt lat="46.985713" lon="9.395469">
      </trkpt>
      <trkpt lat="46.985721" lon="9.395522">
      </trkpt>
      <trkpt lat="46.985711" lon="9.395561">
      </trkpt>
      <trkpt lat="46.985693" lon="9.3956">
      </trkpt>
      <trkpt lat="46.985665" lon="9.395625">
      </trkpt>
      <trkpt lat="46.985628" lon="9.395676">
      </trkpt>
      <trkpt lat="46.9856" lon="9.395728">
      </trkpt>
      <trkpt lat="46.985582" lon="9.39578">
      </trkpt>
      <trkpt lat="46.985554" lon="9.395831">
      </trkpt>
      <trkpt lat="46.985526" lon="9.395883">
      </trkpt>
      <trkpt lat="46.98547" lon="9.395973">
      </trkpt>
      <trkpt lat="46.985443" lon="9.396011">
      </trkpt>
      <trkpt lat="46.985369" lon="9.396088">
      </trkpt>
      <trkpt lat="46.985342" lon="9.396126">
      </trkpt>
      <trkpt lat="46.985323" lon="9.396191">
      </trkpt>
      <trkpt lat="46.985304" lon="9.396256">
      </trkpt>
      <trkpt lat="46.985256" lon="9.396386">
      </trkpt>
      <trkpt lat="46.985182" lon="9.396515">
      </trkpt>
      <trkpt lat="46.985181" lon="9.396594">
      </trkpt>
      <trkpt lat="46.985171" lon="9.396646">
      </trkpt>
      <trkpt lat="46.98516" lon="9.396737">
      </trkpt>
      <trkpt lat="46.98516" lon="9.396737">
      </trkpt>
      <trkpt lat="46.985141" lon="9.396829">
      </trkpt>
      <trkpt lat="46.98513" lon="9.396907">
      </trkpt>
      <trkpt lat="46.985129" lon="9.396986">
      </trkpt>
      <trkpt lat="46.985092" lon="9.397077">
      </trkpt>
      <trkpt lat="46.985063" lon="9.397142">
      </trkpt>
      <trkpt lat="46.985026" lon="9.397206">
      </trkpt>
      <trkpt lat="46.984979" lon="9.397323">
      </trkpt>
      <trkpt lat="46.98495" lon="9.397466">
      </trkpt>
      <trkpt lat="46.98492" lon="9.39761">
      </trkpt>
      <trkpt lat="46.984901" lon="9.397688">
      </trkpt>
      <trkpt lat="46.984909" lon="9.397767">
      </trkpt>
      <trkpt lat="46.984889" lon="9.397845">
      </trkpt>
      <trkpt lat="46.984862" lon="9.397897">
      </trkpt>
      <trkpt lat="46.984834" lon="9.397935">
      </trkpt>
      <trkpt lat="46.984806" lon="9.397961">
      </trkpt>
      <trkpt lat="46.98477" lon="9.397999">
      </trkpt>
      <trkpt lat="46.984724" lon="9.398036">
      </trkpt>
      <trkpt lat="46.984697" lon="9.398062">
      </trkpt>
      <trkpt lat="46.984652" lon="9.39806">
      </trkpt>
      <trkpt lat="46.984597" lon="9.398084">
      </trkpt>
      <trkpt lat="46.984561" lon="9.398096">
      </trkpt>
      <trkpt lat="46.984497" lon="9.398146">
      </trkpt>
      <trkpt lat="46.984479" lon="9.398172">
      </trkpt>
      <trkpt lat="46.984451" lon="9.398211">
      </trkpt>
      <trkpt lat="46.984424" lon="9.398236">
      </trkpt>
      <trkpt lat="46.984351" lon="9.398286">
      </trkpt>
      <trkpt lat="46.984315" lon="9.398311">
      </trkpt>
      <trkpt lat="46.984287" lon="9.398362">
      </trkpt>
      <trkpt lat="46.984286" lon="9.398402">
      </trkpt>
      <trkpt lat="46.984276" lon="9.398454">
      </trkpt>
      <trkpt lat="46.984239" lon="9.398505">
      </trkpt>
      <trkpt lat="46.984193" lon="9.398569">
      </trkpt>
      <trkpt lat="46.984156" lon="9.39862">
      </trkpt>
      <trkpt lat="46.984118" lon="9.398777">
      </trkpt>
      <trkpt lat="46.984099" lon="9.398829">
      </trkpt>
      <trkpt lat="46.98408" lon="9.398894">
      </trkpt>
      <trkpt lat="46.984032" lon="9.399024">
      </trkpt>
      <trkpt lat="46.984014" lon="9.399062">
      </trkpt>
      <trkpt lat="46.983994" lon="9.399141">
      </trkpt>
      <trkpt lat="46.983939" lon="9.399231">
      </trkpt>
      <trkpt lat="46.983901" lon="9.399334">
      </trkpt>
      <trkpt lat="46.983873" lon="9.399386">
      </trkpt>
      <trkpt lat="46.983845" lon="9.399451">
      </trkpt>
      <trkpt lat="46.983836" lon="9.39949">
      </trkpt>
      <trkpt lat="46.983843" lon="9.399556">
      </trkpt>
      <trkpt lat="46.983851" lon="9.399622">
      </trkpt>
      <trkpt lat="46.983832" lon="9.3997">
      </trkpt>
      <trkpt lat="46.983831" lon="9.399753">
      </trkpt>
      <trkpt lat="46.983857" lon="9.399806">
      </trkpt>
      <trkpt lat="46.983901" lon="9.399887">
      </trkpt>
      <trkpt lat="46.983954" lon="9.399915">
      </trkpt>
      <trkpt lat="46.98399" lon="9.399916">
      </trkpt>
      <trkpt lat="46.984062" lon="9.399906">
      </trkpt>
      <trkpt lat="46.984108" lon="9.399881">
      </trkpt>
      <trkpt lat="46.984135" lon="9.399895">
      </trkpt>
      <trkpt lat="46.984152" lon="9.399909">
      </trkpt>
      <trkpt lat="46.984161" lon="9.399949">
      </trkpt>
      <trkpt lat="46.984169" lon="9.399962">
      </trkpt>
      <trkpt lat="46.984196" lon="9.399989">
      </trkpt>
      <trkpt lat="46.984249" lon="9.400044">
      </trkpt>
      <trkpt lat="46.984266" lon="9.400084">
      </trkpt>
      <trkpt lat="46.984311" lon="9.400125">
      </trkpt>
      <trkpt lat="46.984329" lon="9.400126">
      </trkpt>
      <trkpt lat="46.984356" lon="9.400127">
      </trkpt>
      <trkpt lat="46.984374" lon="9.400127">
      </trkpt>
      <trkpt lat="46.984373" lon="9.40014">
      </trkpt>
      <trkpt lat="46.984373" lon="9.400154">
      </trkpt>
      <trkpt lat="46.984364" lon="9.400153">
      </trkpt>
      <trkpt lat="46.984346" lon="9.400166">
      </trkpt>
      <trkpt lat="46.984337" lon="9.400179">
      </trkpt>
      <trkpt lat="46.984318" lon="9.400191">
      </trkpt>
      <trkpt lat="46.9843" lon="9.40019">
      </trkpt>
      <trkpt lat="46.984264" lon="9.400189">
      </trkpt>
      <trkpt lat="46.984229" lon="9.400175">
      </trkpt>
      <trkpt lat="46.984184" lon="9.400186">
      </trkpt>
      <trkpt lat="46.984165" lon="9.400199">
      </trkpt>
      <trkpt lat="46.984121" lon="9.400184">
      </trkpt>
      <trkpt lat="46.984093" lon="9.400196">
      </trkpt>
      <trkpt lat="46.984075" lon="9.400208">
      </trkpt>
      <trkpt lat="46.984075" lon="9.400222">
      </trkpt>
      <trkpt lat="46.984093" lon="9.400235">
      </trkpt>
      <trkpt lat="46.984119" lon="9.40025">
      </trkpt>
      <trkpt lat="46.984137" lon="9.400263">
      </trkpt>
      <trkpt lat="46.984137" lon="9.40029">
      </trkpt>
      <trkpt lat="46.984109" lon="9.400315">
      </trkpt>
      <trkpt lat="46.984073" lon="9.40034">
      </trkpt>
      <trkpt lat="46.984028" lon="9.400365">
      </trkpt>
      <trkpt lat="46.983946" lon="9.400375">
      </trkpt>
      <trkpt lat="46.983937" lon="9.400388">
      </trkpt>
      <trkpt lat="46.983946" lon="9.400401">
      </trkpt>
      <trkpt lat="46.983972" lon="9.400428">
      </trkpt>
      <trkpt lat="46.98399" lon="9.400468">
      </trkpt>
      <trkpt lat="46.984017" lon="9.400482">
      </trkpt>
      <trkpt lat="46.984052" lon="9.400484">
      </trkpt>
      <trkpt lat="46.984125" lon="9.40046">
      </trkpt>
      <trkpt lat="46.984161" lon="9.400448">
      </trkpt>
      <trkpt lat="46.984197" lon="9.40045">
      </trkpt>
      <trkpt lat="46.984242" lon="9.400464">
      </trkpt>
      <trkpt lat="46.984286" lon="9.400492">
      </trkpt>
      <trkpt lat="46.984331" lon="9.400507">
      </trkpt>
      <trkpt lat="46.984376" lon="9.400509">
      </trkpt>
      <trkpt lat="46.984421" lon="9.400524">
      </trkpt>
      <trkpt lat="46.984475" lon="9.400525">
      </trkpt>
      <trkpt lat="46.98452" lon="9.400527">
      </trkpt>
      <trkpt lat="46.984609" lon="9.400544">
      </trkpt>
      <trkpt lat="46.984672" lon="9.400546">
      </trkpt>
      <trkpt lat="46.984725" lon="9.4006">
      </trkpt>
      <trkpt lat="46.984761" lon="9.400628">
      </trkpt>
      <trkpt lat="46.984796" lon="9.400682">
      </trkpt>
      <trkpt lat="46.984876" lon="9.400764">
      </trkpt>
      <trkpt lat="46.984938" lon="9.400819">
      </trkpt>
      <trkpt lat="46.984964" lon="9.400833">
      </trkpt>
      <trkpt lat="46.985027" lon="9.400861">
      </trkpt>
      <trkpt lat="46.98508" lon="9.400903">
      </trkpt>
      <trkpt lat="46.985116" lon="9.40093">
      </trkpt>
      <trkpt lat="46.98516" lon="9.400984">
      </trkpt>
      <trkpt lat="46.985186" lon="9.401012">
      </trkpt>
      <trkpt lat="46.985222" lon="9.401026">
      </trkpt>
      <trkpt lat="46.985258" lon="9.401027">
      </trkpt>
      <trkpt lat="46.985367" lon="9.400966">
      </trkpt>
      <trkpt lat="46.985412" lon="9.400941">
      </trkpt>
      <trkpt lat="46.985458" lon="9.40093">
      </trkpt>
      <trkpt lat="46.985512" lon="9.400918">
      </trkpt>
      <trkpt lat="46.985539" lon="9.400906">
      </trkpt>
      <trkpt lat="46.985567" lon="9.400868">
      </trkpt>
      <trkpt lat="46.98563" lon="9.400818">
      </trkpt>
      <trkpt lat="46.985667" lon="9.400793">
      </trkpt>
      <trkpt lat="46.985685" lon="9.400806">
      </trkpt>
      <trkpt lat="46.985719" lon="9.400887">
      </trkpt>
      <trkpt lat="46.985737" lon="9.400874">
      </trkpt>
      <trkpt lat="46.985774" lon="9.400823">
      </trkpt>
      <trkpt lat="46.985811" lon="9.400772">
      </trkpt>
      <trkpt lat="46.985848" lon="9.400747">
      </trkpt>
      <trkpt lat="46.985875" lon="9.400734">
      </trkpt>
      <trkpt lat="46.98592" lon="9.400723">
      </trkpt>
      <trkpt lat="46.985974" lon="9.400712">
      </trkpt>
      <trkpt lat="46.986029" lon="9.400687">
      </trkpt>
      <trkpt lat="46.986128" lon="9.400665">
      </trkpt>
      <trkpt lat="46.986191" lon="9.400654">
      </trkpt>
      <trkpt lat="46.986263" lon="9.400657">
      </trkpt>
      <trkpt lat="46.986317" lon="9.400659">
      </trkpt>
      <trkpt lat="46.986362" lon="9.400673">
      </trkpt>
      <trkpt lat="46.986424" lon="9.400689">
      </trkpt>
      <trkpt lat="46.986523" lon="9.400719">
      </trkpt>
      <trkpt lat="46.986595" lon="9.400734">
      </trkpt>
      <trkpt lat="46.986622" lon="9.400735">
      </trkpt>
      <trkpt lat="46.986657" lon="9.40075">
      </trkpt>
      <trkpt lat="46.986693" lon="9.400764">
      </trkpt>
      <trkpt lat="46.986792" lon="9.400755">
      </trkpt>
      <trkpt lat="46.986837" lon="9.400756">
      </trkpt>
      <trkpt lat="46.986937" lon="9.400734">
      </trkpt>
      <trkpt lat="46.987036" lon="9.400724">
      </trkpt>
      <trkpt lat="46.987117" lon="9.400727">
      </trkpt>
      <trkpt lat="46.987153" lon="9.400702">
      </trkpt>
      <trkpt lat="46.987216" lon="9.400678">
      </trkpt>
      <trkpt lat="46.98727" lon="9.40068">
      </trkpt>
      <trkpt lat="46.987316" lon="9.400643">
      </trkpt>
      <trkpt lat="46.987379" lon="9.400645">
      </trkpt>
      <trkpt lat="46.987479" lon="9.400609">
      </trkpt>
      <trkpt lat="46.987533" lon="9.400598">
      </trkpt>
      <trkpt lat="46.987578" lon="9.400599">
      </trkpt>
      <trkpt lat="46.987649" lon="9.400615">
      </trkpt>
      <trkpt lat="46.987713" lon="9.400604">
      </trkpt>
      <trkpt lat="46.987821" lon="9.400595">
      </trkpt>
      <trkpt lat="46.987884" lon="9.400598">
      </trkpt>
      <trkpt lat="46.987947" lon="9.4006">
      </trkpt>
      <trkpt lat="46.988019" lon="9.400589">
      </trkpt>
      <trkpt lat="46.988064" lon="9.400578">
      </trkpt>
      <trkpt lat="46.988191" lon="9.400517">
      </trkpt>
      <trkpt lat="46.9883" lon="9.400481">
      </trkpt>
      <trkpt lat="46.988354" lon="9.400483">
      </trkpt>
      <trkpt lat="46.988417" lon="9.400472">
      </trkpt>
      <trkpt lat="46.988471" lon="9.400461">
      </trkpt>
      <trkpt lat="46.988516" lon="9.400437">
      </trkpt>
      <trkpt lat="46.98857" lon="9.400425">
      </trkpt>
      <trkpt lat="46.988616" lon="9.400401">
      </trkpt>
      <trkpt lat="46.988661" lon="9.400363">
      </trkpt>
      <trkpt lat="46.988734" lon="9.400326">
      </trkpt>
      <trkpt lat="46.988788" lon="9.400315">
      </trkpt>
      <trkpt lat="46.988924" lon="9.40028">
      </trkpt>
      <trkpt lat="46.988977" lon="9.400309">
      </trkpt>
      <trkpt lat="46.989032" lon="9.400284">
      </trkpt>
      <trkpt lat="46.989095" lon="9.400274">
      </trkpt>
      <trkpt lat="46.989149" lon="9.400276">
      </trkpt>
      <trkpt lat="46.989203" lon="9.400278">
      </trkpt>
      <trkpt lat="46.989257" lon="9.40028">
      </trkpt>
      <trkpt lat="46.989329" lon="9.400282">
      </trkpt>
      <trkpt lat="46.989365" lon="9.40027">
      </trkpt>
      <trkpt lat="46.989429" lon="9.400233">
      </trkpt>
      <trkpt lat="46.989483" lon="9.400209">
      </trkpt>
      <trkpt lat="46.989592" lon="9.400173">
      </trkpt>
      <trkpt lat="46.989646" lon="9.400162">
      </trkpt>
      <trkpt lat="46.989691" lon="9.400164">
      </trkpt>
      <trkpt lat="46.989772" lon="9.400154">
      </trkpt>
      <trkpt lat="46.989817" lon="9.400129">
      </trkpt>
      <trkpt lat="46.989971" lon="9.400082">
      </trkpt>
      <trkpt lat="46.990007" lon="9.40007">
      </trkpt>
      <trkpt lat="46.990052" lon="9.400059">
      </trkpt>
      <trkpt lat="46.990107" lon="9.400048">
      </trkpt>
      <trkpt lat="46.990152" lon="9.400036">
      </trkpt>
      <trkpt lat="46.990206" lon="9.400038">
      </trkpt>
      <trkpt lat="46.990251" lon="9.400013">
      </trkpt>
      <trkpt lat="46.990305" lon="9.400029">
      </trkpt>
      <trkpt lat="46.990341" lon="9.39999">
      </trkpt>
      <trkpt lat="46.990378" lon="9.399979">
      </trkpt>
      <trkpt lat="46.99046" lon="9.399929">
      </trkpt>
      <trkpt lat="46.990496" lon="9.399904">
      </trkpt>
      <trkpt lat="46.990541" lon="9.399893">
      </trkpt>
      <trkpt lat="46.990569" lon="9.399867">
      </trkpt>
      <trkpt lat="46.990614" lon="9.399856">
      </trkpt>
      <trkpt lat="46.99065" lon="9.399818">
      </trkpt>
      <trkpt lat="46.990677" lon="9.399819">
      </trkpt>
      <trkpt lat="46.990714" lon="9.399794">
      </trkpt>
      <trkpt lat="46.990814" lon="9.399745">
      </trkpt>
      <trkpt lat="46.990841" lon="9.399706">
      </trkpt>
      <trkpt lat="46.990869" lon="9.399681">
      </trkpt>
      <trkpt lat="46.990904" lon="9.399722">
      </trkpt>
      <trkpt lat="46.990941" lon="9.399684">
      </trkpt>
      <trkpt lat="46.991032" lon="9.399608">
      </trkpt>
      <trkpt lat="46.991077" lon="9.399583">
      </trkpt>
      <trkpt lat="46.991114" lon="9.399558">
      </trkpt>
      <trkpt lat="46.991141" lon="9.399533">
      </trkpt>
      <trkpt lat="46.991169" lon="9.399508">
      </trkpt>
      <trkpt lat="46.991205" lon="9.399483">
      </trkpt>
      <trkpt lat="46.991241" lon="9.399458">
      </trkpt>
      <trkpt lat="46.991305" lon="9.399408">
      </trkpt>
      <trkpt lat="46.991333" lon="9.399356">
      </trkpt>
      <trkpt lat="46.991361" lon="9.399331">
      </trkpt>
      <trkpt lat="46.991397" lon="9.399306">
      </trkpt>
      <trkpt lat="46.991497" lon="9.399257">
      </trkpt>
      <trkpt lat="46.991542" lon="9.399219">
      </trkpt>
      <trkpt lat="46.991761" lon="9.399069">
      </trkpt>
      <trkpt lat="46.991806" lon="9.399058">
      </trkpt>
      <trkpt lat="46.99187" lon="9.399021">
      </trkpt>
      <trkpt lat="46.991906" lon="9.398996">
      </trkpt>
      <trkpt lat="46.99197" lon="9.398972">
      </trkpt>
      <trkpt lat="46.991997" lon="9.39892">
      </trkpt>
      <trkpt lat="46.992034" lon="9.398882">
      </trkpt>
      <trkpt lat="46.992079" lon="9.398857">
      </trkpt>
      <trkpt lat="46.992125" lon="9.398806">
      </trkpt>
      <trkpt lat="46.992171" lon="9.398769">
      </trkpt>
      <trkpt lat="46.99228" lon="9.39868">
      </trkpt>
      <trkpt lat="46.992371" lon="9.398631">
      </trkpt>
      <trkpt lat="46.992426" lon="9.398594">
      </trkpt>
      <trkpt lat="46.992481" lon="9.398517">
      </trkpt>
      <trkpt lat="46.992554" lon="9.398454">
      </trkpt>
      <trkpt lat="46.992609" lon="9.39839">
      </trkpt>
      <trkpt lat="46.992673" lon="9.39834">
      </trkpt>
      <trkpt lat="46.992737" lon="9.39829">
      </trkpt>
      <trkpt lat="46.992783" lon="9.398252">
      </trkpt>
      <trkpt lat="46.992828" lon="9.398214">
      </trkpt>
      <trkpt lat="46.992883" lon="9.39815">
      </trkpt>
      <trkpt lat="46.993075" lon="9.397986">
      </trkpt>
      <trkpt lat="46.99313" lon="9.397936">
      </trkpt>
      <trkpt lat="46.993175" lon="9.397911">
      </trkpt>
      <trkpt lat="46.99333" lon="9.397825">
      </trkpt>
      <trkpt lat="46.993384" lon="9.397787">
      </trkpt>
      <trkpt lat="46.993467" lon="9.397711">
      </trkpt>
      <trkpt lat="46.993503" lon="9.397673">
      </trkpt>
      <trkpt lat="46.99354" lon="9.397635">
      </trkpt>
      <trkpt lat="46.993577" lon="9.397597">
      </trkpt>
      <trkpt lat="46.993614" lon="9.397546">
      </trkpt>
      <trkpt lat="46.993641" lon="9.397494">
      </trkpt>
      <trkpt lat="46.993714" lon="9.397431">
      </trkpt>
      <trkpt lat="46.993751" lon="9.397419">
      </trkpt>
      <trkpt lat="46.993805" lon="9.397408">
      </trkpt>
      <trkpt lat="46.993895" lon="9.397398">
      </trkpt>
      <trkpt lat="46.993931" lon="9.397386">
      </trkpt>
      <trkpt lat="46.993976" lon="9.397375">
      </trkpt>
      <trkpt lat="46.994031" lon="9.39735">
      </trkpt>
      <trkpt lat="46.994067" lon="9.397339">
      </trkpt>
      <trkpt lat="46.994121" lon="9.397314">
      </trkpt>
      <trkpt lat="46.994176" lon="9.397303">
      </trkpt>
      <trkpt lat="46.99422" lon="9.397318">
      </trkpt>
      <trkpt lat="46.994265" lon="9.397333">
      </trkpt>
      <trkpt lat="46.994363" lon="9.397389">
      </trkpt>
      <trkpt lat="46.994417" lon="9.397404">
      </trkpt>
      <trkpt lat="46.994462" lon="9.397419">
      </trkpt>
      <trkpt lat="46.994497" lon="9.397446">
      </trkpt>
      <trkpt lat="46.99456" lon="9.397462">
      </trkpt>
      <trkpt lat="46.994604" lon="9.397477">
      </trkpt>
      <trkpt lat="46.994703" lon="9.397493">
      </trkpt>
      <trkpt lat="46.994757" lon="9.397495">
      </trkpt>
      <trkpt lat="46.994812" lon="9.397471">
      </trkpt>
      <trkpt lat="46.994866" lon="9.39746">
      </trkpt>
      <trkpt lat="46.994974" lon="9.397424">
      </trkpt>
      <trkpt lat="46.995092" lon="9.397389">
      </trkpt>
      <trkpt lat="46.995155" lon="9.397391">
      </trkpt>
      <trkpt lat="46.995218" lon="9.397381">
      </trkpt>
      <trkpt lat="46.995345" lon="9.397333">
      </trkpt>
      <trkpt lat="46.995409" lon="9.397282">
      </trkpt>
      <trkpt lat="46.995527" lon="9.397221">
      </trkpt>
      <trkpt lat="46.995572" lon="9.397196">
      </trkpt>
      <trkpt lat="46.995617" lon="9.397211">
      </trkpt>
      <trkpt lat="46.995617" lon="9.397211">
      </trkpt>
      <trkpt lat="46.995643" lon="9.397238">
      </trkpt>
      <trkpt lat="46.995651" lon="9.397291">
      </trkpt>
      <trkpt lat="46.995715" lon="9.39728">
      </trkpt>
      <trkpt lat="46.995759" lon="9.397308">
      </trkpt>
      <trkpt lat="46.995786" lon="9.397336">
      </trkpt>
      <trkpt lat="46.995813" lon="9.397323">
      </trkpt>
      <trkpt lat="46.995849" lon="9.397312">
      </trkpt>
      <trkpt lat="46.995903" lon="9.397327">
      </trkpt>
      <trkpt lat="46.995966" lon="9.397316">
      </trkpt>
      <trkpt lat="46.996119" lon="9.397321">
      </trkpt>
      <trkpt lat="46.996164" lon="9.397336">
      </trkpt>
      <trkpt lat="46.996199" lon="9.397351">
      </trkpt>
      <trkpt lat="46.996244" lon="9.397379">
      </trkpt>
      <trkpt lat="46.996289" lon="9.397393">
      </trkpt>
      <trkpt lat="46.996343" lon="9.397382">
      </trkpt>
      <trkpt lat="46.996379" lon="9.397384">
      </trkpt>
      <trkpt lat="46.996432" lon="9.397412">
      </trkpt>
      <trkpt lat="46.996477" lon="9.39744">
      </trkpt>
      <trkpt lat="46.996477" lon="9.39744">
      </trkpt>
      <trkpt lat="46.996576" lon="9.397443">
      </trkpt>
      <trkpt lat="46.996629" lon="9.397458">
      </trkpt>
      <trkpt lat="46.996701" lon="9.397448">
      </trkpt>
      <trkpt lat="46.996764" lon="9.39745">
      </trkpt>
      <trkpt lat="46.996818" lon="9.397465">
      </trkpt>
      <trkpt lat="46.996845" lon="9.397479">
      </trkpt>
      <trkpt lat="46.996881" lon="9.397494">
      </trkpt>
      <trkpt lat="46.996916" lon="9.397508">
      </trkpt>
      <trkpt lat="46.996989" lon="9.397498">
      </trkpt>
      <trkpt lat="46.997034" lon="9.3975">
      </trkpt>
      <trkpt lat="46.997185" lon="9.397571">
      </trkpt>
      <trkpt lat="46.997247" lon="9.397639">
      </trkpt>
      <trkpt lat="46.997318" lon="9.397694">
      </trkpt>
      <trkpt lat="46.997371" lon="9.397762">
      </trkpt>
      <trkpt lat="46.997441" lon="9.397856">
      </trkpt>
      <trkpt lat="46.997441" lon="9.397856">
      </trkpt>
      <trkpt lat="46.997271" lon="9.397837">
      </trkpt>
      <trkpt lat="46.997144" lon="9.397872">
      </trkpt>
      <trkpt lat="46.997063" lon="9.397895">
      </trkpt>
      <trkpt lat="46.997" lon="9.39788">
      </trkpt>
      <trkpt lat="46.996937" lon="9.397904">
      </trkpt>
      <trkpt lat="46.996891" lon="9.397915">
      </trkpt>
      <trkpt lat="46.996846" lon="9.39794">
      </trkpt>
      <trkpt lat="46.996774" lon="9.397937">
      </trkpt>
      <trkpt lat="46.996737" lon="9.397988">
      </trkpt>
      <trkpt lat="46.996709" lon="9.39804">
      </trkpt>
      <trkpt lat="46.996563" lon="9.398153">
      </trkpt>
      <trkpt lat="46.996471" lon="9.398281">
      </trkpt>
      <trkpt lat="46.996426" lon="9.398319">
      </trkpt>
      <trkpt lat="46.996407" lon="9.398358">
      </trkpt>
      <trkpt lat="46.996368" lon="9.398514">
      </trkpt>
      <trkpt lat="46.99634" lon="9.398579">
      </trkpt>
      <trkpt lat="46.996303" lon="9.398656">
      </trkpt>
      <trkpt lat="46.996275" lon="9.398695">
      </trkpt>
      <trkpt lat="46.996248" lon="9.398733">
      </trkpt>
      <trkpt lat="46.996202" lon="9.398797">
      </trkpt>
      <trkpt lat="46.996146" lon="9.398861">
      </trkpt>
      <trkpt lat="46.99611" lon="9.398899">
      </trkpt>
      <trkpt lat="46.996073" lon="9.398937">
      </trkpt>
      <trkpt lat="46.996018" lon="9.399014">
      </trkpt>
      <trkpt lat="46.995981" lon="9.399039">
      </trkpt>
      <trkpt lat="46.99591" lon="9.399037">
      </trkpt>
      <trkpt lat="46.995865" lon="9.399009">
      </trkpt>
      <trkpt lat="46.995802" lon="9.399006">
      </trkpt>
      <trkpt lat="46.995721" lon="9.39903">
      </trkpt>
      <trkpt lat="46.995648" lon="9.39908">
      </trkpt>
      <trkpt lat="46.995602" lon="9.399104">
      </trkpt>
      <trkpt lat="46.995539" lon="9.399115">
      </trkpt>
      <trkpt lat="46.995467" lon="9.399139">
      </trkpt>
      <trkpt lat="46.995421" lon="9.399163">
      </trkpt>
      <trkpt lat="46.99533" lon="9.399252">
      </trkpt>
      <trkpt lat="46.995294" lon="9.399277">
      </trkpt>
      <trkpt lat="46.995275" lon="9.399316">
      </trkpt>
      <trkpt lat="46.995256" lon="9.399355">
      </trkpt>
      <trkpt lat="46.995201" lon="9.399418">
      </trkpt>
      <trkpt lat="46.995174" lon="9.399444">
      </trkpt>
      <trkpt lat="46.995155" lon="9.399469">
      </trkpt>
      <trkpt lat="46.995155" lon="9.399469">
      </trkpt>
      <trkpt lat="46.995127" lon="9.399521">
      </trkpt>
      <trkpt lat="46.995091" lon="9.399559">
      </trkpt>
      <trkpt lat="46.995081" lon="9.399598">
      </trkpt>
      <trkpt lat="46.99506" lon="9.399781">
      </trkpt>
      <trkpt lat="46.995039" lon="9.399965">
      </trkpt>
      <trkpt lat="46.99501" lon="9.400095">
      </trkpt>
      <trkpt lat="46.994972" lon="9.400173">
      </trkpt>
      <trkpt lat="46.994943" lon="9.40033">
      </trkpt>
      <trkpt lat="46.994923" lon="9.400447">
      </trkpt>
      <trkpt lat="46.994903" lon="9.400565">
      </trkpt>
      <trkpt lat="46.994865" lon="9.400642">
      </trkpt>
      <trkpt lat="46.994838" lon="9.400681">
      </trkpt>
      <trkpt lat="46.994783" lon="9.400731">
      </trkpt>
      <trkpt lat="46.994736" lon="9.400822">
      </trkpt>
      <trkpt lat="46.994689" lon="9.400952">
      </trkpt>
      <trkpt lat="46.994689" lon="9.400952">
      </trkpt>
      <trkpt lat="46.994642" lon="9.401081">
      </trkpt>
      <trkpt lat="46.994585" lon="9.401224">
      </trkpt>
      <trkpt lat="46.994521" lon="9.401314">
      </trkpt>
      <trkpt lat="46.994448" lon="9.40135">
      </trkpt>
      <trkpt lat="46.994403" lon="9.401375">
      </trkpt>
      <trkpt lat="46.994322" lon="9.401372">
      </trkpt>
      <trkpt lat="46.994241" lon="9.401382">
      </trkpt>
      <trkpt lat="46.994169" lon="9.40138">
      </trkpt>
      <trkpt lat="46.994088" lon="9.40135">
      </trkpt>
      <trkpt lat="46.99407" lon="9.401376">
      </trkpt>
      <trkpt lat="46.994078" lon="9.401403">
      </trkpt>
      <trkpt lat="46.99413" lon="9.401536">
      </trkpt>
      <trkpt lat="46.994172" lon="9.401735">
      </trkpt>
      <trkpt lat="46.994214" lon="9.40192">
      </trkpt>
      <trkpt lat="46.99424" lon="9.401948">
      </trkpt>
      <trkpt lat="46.994284" lon="9.401989">
      </trkpt>
      <trkpt lat="46.994327" lon="9.402135">
      </trkpt>
      <trkpt lat="46.99437" lon="9.402255">
      </trkpt>
      <trkpt lat="46.994414" lon="9.402309">
      </trkpt>
      <trkpt lat="46.99443" lon="9.402389">
      </trkpt>
      <trkpt lat="46.994473" lon="9.402509">
      </trkpt>
      <trkpt lat="46.99449" lon="9.402614">
      </trkpt>
      <trkpt lat="46.99447" lon="9.402693">
      </trkpt>
      <trkpt lat="46.994486" lon="9.402851">
      </trkpt>
      <trkpt lat="46.994465" lon="9.402982">
      </trkpt>
      <trkpt lat="46.9944" lon="9.403111">
      </trkpt>
      <trkpt lat="46.994335" lon="9.403214">
      </trkpt>
      <trkpt lat="46.99428" lon="9.403277">
      </trkpt>
      <trkpt lat="46.994172" lon="9.403313">
      </trkpt>
      <trkpt lat="46.994127" lon="9.403311">
      </trkpt>
      <trkpt lat="46.994099" lon="9.40335">
      </trkpt>
      <trkpt lat="46.99408" lon="9.403402">
      </trkpt>
      <trkpt lat="46.994053" lon="9.40344">
      </trkpt>
      <trkpt lat="46.994025" lon="9.403452">
      </trkpt>
      <trkpt lat="46.994024" lon="9.403531">
      </trkpt>
      <trkpt lat="46.993986" lon="9.403648">
      </trkpt>
      <trkpt lat="46.993958" lon="9.4037">
      </trkpt>
      <trkpt lat="46.993894" lon="9.403776">
      </trkpt>
      <trkpt lat="46.993938" lon="9.403817">
      </trkpt>
      <trkpt lat="46.993929" lon="9.403843">
      </trkpt>
      <trkpt lat="46.993865" lon="9.403867">
      </trkpt>
      <trkpt lat="46.993882" lon="9.403934">
      </trkpt>
      <trkpt lat="46.993891" lon="9.40396">
      </trkpt>
      <trkpt lat="46.993881" lon="9.403986">
      </trkpt>
      <trkpt lat="46.993818" lon="9.403997">
      </trkpt>
      <trkpt lat="46.993799" lon="9.404036">
      </trkpt>
      <trkpt lat="46.993817" lon="9.404076">
      </trkpt>
      <trkpt lat="46.993869" lon="9.404157">
      </trkpt>
      <trkpt lat="46.993914" lon="9.404171">
      </trkpt>
      <trkpt lat="46.993958" lon="9.404239">
      </trkpt>
      <trkpt lat="46.993948" lon="9.404304">
      </trkpt>
      <trkpt lat="46.993846" lon="9.404458">
      </trkpt>
      <trkpt lat="46.99381" lon="9.40447">
      </trkpt>
      <trkpt lat="46.993774" lon="9.404495">
      </trkpt>
      <trkpt lat="46.993719" lon="9.404532">
      </trkpt>
      <trkpt lat="46.993656" lon="9.404543">
      </trkpt>
      <trkpt lat="46.993602" lon="9.404502">
      </trkpt>
      <trkpt lat="46.993557" lon="9.4045">
      </trkpt>
      <trkpt lat="46.99355" lon="9.404421">
      </trkpt>
      <trkpt lat="46.993523" lon="9.40442">
      </trkpt>
      <trkpt lat="46.993487" lon="9.404392">
      </trkpt>
      <trkpt lat="46.993488" lon="9.404379">
      </trkpt>
      <trkpt lat="46.99347" lon="9.404339">
      </trkpt>
      <trkpt lat="46.993443" lon="9.404338">
      </trkpt>
      <trkpt lat="46.993425" lon="9.404364">
      </trkpt>
      <trkpt lat="46.993398" lon="9.404363">
      </trkpt>
      <trkpt lat="46.99338" lon="9.404336">
      </trkpt>
      <trkpt lat="46.993344" lon="9.404348">
      </trkpt>
      <trkpt lat="46.993299" lon="9.404333">
      </trkpt>
      <trkpt lat="46.993219" lon="9.404317">
      </trkpt>
      <trkpt lat="46.993192" lon="9.404303">
      </trkpt>
      <trkpt lat="46.993166" lon="9.404262">
      </trkpt>
      <trkpt lat="46.993147" lon="9.404275">
      </trkpt>
      <trkpt lat="46.993138" lon="9.404301">
      </trkpt>
      <trkpt lat="46.99319" lon="9.404408">
      </trkpt>
      <trkpt lat="46.993226" lon="9.404436">
      </trkpt>
      <trkpt lat="46.99327" lon="9.404477">
      </trkpt>
      <trkpt lat="46.993296" lon="9.404556">
      </trkpt>
      <trkpt lat="46.993313" lon="9.404597">
      </trkpt>
      <trkpt lat="46.993303" lon="9.404622">
      </trkpt>
      <trkpt lat="46.993259" lon="9.404608">
      </trkpt>
      <trkpt lat="46.993232" lon="9.404607">
      </trkpt>
      <trkpt lat="46.993187" lon="9.404579">
      </trkpt>
      <trkpt lat="46.993143" lon="9.404551">
      </trkpt>
      <trkpt lat="46.993045" lon="9.404495">
      </trkpt>
      <trkpt lat="46.992999" lon="9.404519">
      </trkpt>
      <trkpt lat="46.992935" lon="9.404583">
      </trkpt>
      <trkpt lat="46.992836" lon="9.404618">
      </trkpt>
      <trkpt lat="46.992727" lon="9.404641">
      </trkpt>
      <trkpt lat="46.992636" lon="9.404703">
      </trkpt>
      <trkpt lat="46.992563" lon="9.404753">
      </trkpt>
      <trkpt lat="46.992518" lon="9.404778">
      </trkpt>
      <trkpt lat="46.992491" lon="9.404777">
      </trkpt>
      <trkpt lat="46.992473" lon="9.404802">
      </trkpt>
      <trkpt lat="46.992373" lon="9.404838">
      </trkpt>
      <trkpt lat="46.992264" lon="9.404887">
      </trkpt>
      <trkpt lat="46.99221" lon="9.404885">
      </trkpt>
      <trkpt lat="46.992165" lon="9.40487">
      </trkpt>
      <trkpt lat="46.992147" lon="9.404869">
      </trkpt>
      <trkpt lat="46.992129" lon="9.404882">
      </trkpt>
      <trkpt lat="46.99211" lon="9.404934">
      </trkpt>
      <trkpt lat="46.992082" lon="9.404985">
      </trkpt>
      <trkpt lat="46.991935" lon="9.405164">
      </trkpt>
      <trkpt lat="46.991836" lon="9.405213">
      </trkpt>
      <trkpt lat="46.991781" lon="9.405264">
      </trkpt>
      <trkpt lat="46.991707" lon="9.40534">
      </trkpt>
      <trkpt lat="46.991634" lon="9.405442">
      </trkpt>
      <trkpt lat="46.991579" lon="9.405506">
      </trkpt>
      <trkpt lat="46.99155" lon="9.405623">
      </trkpt>
      <trkpt lat="46.9914" lon="9.40596">
      </trkpt>
      <trkpt lat="46.99137" lon="9.406117">
      </trkpt>
      <trkpt lat="46.991351" lon="9.406182">
      </trkpt>
      <trkpt lat="46.99125" lon="9.406309">
      </trkpt>
      <trkpt lat="46.991185" lon="9.406425">
      </trkpt>
      <trkpt lat="46.991139" lon="9.406476">
      </trkpt>
      <trkpt lat="46.991094" lon="9.406501">
      </trkpt>
      <trkpt lat="46.991066" lon="9.406526">
      </trkpt>
      <trkpt lat="46.991066" lon="9.406566">
      </trkpt>
      <trkpt lat="46.991047" lon="9.406604">
      </trkpt>
      <trkpt lat="46.99101" lon="9.406669">
      </trkpt>
      <trkpt lat="46.990991" lon="9.406721">
      </trkpt>
      <trkpt lat="46.990953" lon="9.406811">
      </trkpt>
      <trkpt lat="46.990926" lon="9.406863">
      </trkpt>
      <trkpt lat="46.990898" lon="9.406901">
      </trkpt>
      <trkpt lat="46.990823" lon="9.407043">
      </trkpt>
      <trkpt lat="46.990778" lon="9.407094">
      </trkpt>
      <trkpt lat="46.990714" lon="9.407158">
      </trkpt>
      <trkpt lat="46.990649" lon="9.40726">
      </trkpt>
      <trkpt lat="46.990566" lon="9.407389">
      </trkpt>
      <trkpt lat="46.990537" lon="9.40748">
      </trkpt>
      <trkpt lat="46.9905" lon="9.407531">
      </trkpt>
      <trkpt lat="46.990518" lon="9.407532">
      </trkpt>
      <trkpt lat="46.990545" lon="9.407533">
      </trkpt>
      <trkpt lat="46.9906" lon="9.407508">
      </trkpt>
      <trkpt lat="46.990617" lon="9.407522">
      </trkpt>
      <trkpt lat="46.990589" lon="9.407613">
      </trkpt>
      <trkpt lat="46.990543" lon="9.407677">
      </trkpt>
      <trkpt lat="46.990478" lon="9.407754">
      </trkpt>
      <trkpt lat="46.990459" lon="9.407819">
      </trkpt>
      <trkpt lat="46.990403" lon="9.407961">
      </trkpt>
      <trkpt lat="46.990375" lon="9.407987">
      </trkpt>
      <trkpt lat="46.990348" lon="9.407999">
      </trkpt>
      <trkpt lat="46.990321" lon="9.407985">
      </trkpt>
      <trkpt lat="46.990304" lon="9.407958">
      </trkpt>
      <trkpt lat="46.99026" lon="9.407904">
      </trkpt>
      <trkpt lat="46.990233" lon="9.407916">
      </trkpt>
      <trkpt lat="46.990196" lon="9.407967">
      </trkpt>
      <trkpt lat="46.990158" lon="9.408045">
      </trkpt>
      <trkpt lat="46.990121" lon="9.408122">
      </trkpt>
      <trkpt lat="46.990084" lon="9.408186">
      </trkpt>
      <trkpt lat="46.990055" lon="9.408317">
      </trkpt>
      <trkpt lat="46.990017" lon="9.408394">
      </trkpt>
      <trkpt lat="46.98999" lon="9.408446">
      </trkpt>
      <trkpt lat="46.989979" lon="9.408511">
      </trkpt>
      <trkpt lat="46.989924" lon="9.408615">
      </trkpt>
      <trkpt lat="46.989886" lon="9.408718">
      </trkpt>
      <trkpt lat="46.98984" lon="9.408756">
      </trkpt>
      <trkpt lat="46.989786" lon="9.408767">
      </trkpt>
      <trkpt lat="46.989732" lon="9.408752">
      </trkpt>
      <trkpt lat="46.989724" lon="9.408739">
      </trkpt>
      <trkpt lat="46.989724" lon="9.408712">
      </trkpt>
      <trkpt lat="46.989761" lon="9.408661">
      </trkpt>
      <trkpt lat="46.989789" lon="9.40861">
      </trkpt>
      <trkpt lat="46.989798" lon="9.40857">
      </trkpt>
      <trkpt lat="46.989799" lon="9.408518">
      </trkpt>
      <trkpt lat="46.989773" lon="9.408464">
      </trkpt>
      <trkpt lat="46.989756" lon="9.408451">
      </trkpt>
      <trkpt lat="46.989738" lon="9.408437">
      </trkpt>
      <trkpt lat="46.989675" lon="9.408421">
      </trkpt>
      <trkpt lat="46.989621" lon="9.408419">
      </trkpt>
      <trkpt lat="46.989586" lon="9.408392">
      </trkpt>
      <trkpt lat="46.989541" lon="9.408364">
      </trkpt>
      <trkpt lat="46.98946" lon="9.408348">
      </trkpt>
      <trkpt lat="46.989388" lon="9.408358">
      </trkpt>
      <trkpt lat="46.989343" lon="9.40837">
      </trkpt>
      <trkpt lat="46.989298" lon="9.408355">
      </trkpt>
      <trkpt lat="46.989218" lon="9.408339">
      </trkpt>
      <trkpt lat="46.989164" lon="9.408337">
      </trkpt>
      <trkpt lat="46.989109" lon="9.408361">
      </trkpt>
      <trkpt lat="46.989045" lon="9.408424">
      </trkpt>
      <trkpt lat="46.988845" lon="9.408522">
      </trkpt>
      <trkpt lat="46.988764" lon="9.408533">
      </trkpt>
      <trkpt lat="46.988728" lon="9.408531">
      </trkpt>
      <trkpt lat="46.988701" lon="9.40857">
      </trkpt>
      <trkpt lat="46.988673" lon="9.408608">
      </trkpt>
      <trkpt lat="46.988663" lon="9.408647">
      </trkpt>
      <trkpt lat="46.988636" lon="9.408686">
      </trkpt>
      <trkpt lat="46.988617" lon="9.408724">
      </trkpt>
      <trkpt lat="46.988589" lon="9.408776">
      </trkpt>
      <trkpt lat="46.988562" lon="9.408788">
      </trkpt>
      <trkpt lat="46.988517" lon="9.408813">
      </trkpt>
      <trkpt lat="46.988489" lon="9.408825">
      </trkpt>
      <trkpt lat="46.988453" lon="9.408863">
      </trkpt>
      <trkpt lat="46.988426" lon="9.408862">
      </trkpt>
      <trkpt lat="46.988416" lon="9.408888">
      </trkpt>
      <trkpt lat="46.988425" lon="9.408901">
      </trkpt>
      <trkpt lat="46.988434" lon="9.408915">
      </trkpt>
      <trkpt lat="46.988461" lon="9.408916">
      </trkpt>
      <trkpt lat="46.988479" lon="9.40893">
      </trkpt>
      <trkpt lat="46.988505" lon="9.408944">
      </trkpt>
      <trkpt lat="46.988523" lon="9.408971">
      </trkpt>
      <trkpt lat="46.98855" lon="9.408972">
      </trkpt>
      <trkpt lat="46.988486" lon="9.409022">
      </trkpt>
      <trkpt lat="46.988459" lon="9.409047">
      </trkpt>
      <trkpt lat="46.988485" lon="9.409061">
      </trkpt>
      <trkpt lat="46.988521" lon="9.409063">
      </trkpt>
      <trkpt lat="46.988539" lon="9.409077">
      </trkpt>
      <trkpt lat="46.988566" lon="9.409091">
      </trkpt>
      <trkpt lat="46.988628" lon="9.409106">
      </trkpt>
      <trkpt lat="46.988655" lon="9.409133">
      </trkpt>
      <trkpt lat="46.988682" lon="9.409134">
      </trkpt>
      <trkpt lat="46.988745" lon="9.40911">
      </trkpt>
      <trkpt lat="46.988781" lon="9.409138">
      </trkpt>
      <trkpt lat="46.988808" lon="9.409126">
      </trkpt>
      <trkpt lat="46.988844" lon="9.409127">
      </trkpt>
      <trkpt lat="46.988871" lon="9.409128">
      </trkpt>
      <trkpt lat="46.988871" lon="9.409154">
      </trkpt>
      <trkpt lat="46.988852" lon="9.409193">
      </trkpt>
      <trkpt lat="46.988833" lon="9.409232">
      </trkpt>
      <trkpt lat="46.988824" lon="9.409271">
      </trkpt>
      <trkpt lat="46.988824" lon="9.409271">
      </trkpt>
      <trkpt lat="46.988796" lon="9.409323">
      </trkpt>
      <trkpt lat="46.988786" lon="9.409349">
      </trkpt>
      <trkpt lat="46.988759" lon="9.409374">
      </trkpt>
      <trkpt lat="46.988731" lon="9.409399">
      </trkpt>
      <trkpt lat="46.988713" lon="9.409399">
      </trkpt>
      <trkpt lat="46.988695" lon="9.409437">
      </trkpt>
      <trkpt lat="46.988677" lon="9.40945">
      </trkpt>
      <trkpt lat="46.988649" lon="9.409475">
      </trkpt>
      <trkpt lat="46.988613" lon="9.409487">
      </trkpt>
      <trkpt lat="46.988586" lon="9.409512">
      </trkpt>
      <trkpt lat="46.988549" lon="9.409524">
      </trkpt>
      <trkpt lat="46.988522" lon="9.409549">
      </trkpt>
      <trkpt lat="46.988495" lon="9.409548">
      </trkpt>
      <trkpt lat="46.988477" lon="9.409561">
      </trkpt>
      <trkpt lat="46.988494" lon="9.409588">
      </trkpt>
      <trkpt lat="46.988521" lon="9.409602">
      </trkpt>
      <trkpt lat="46.988548" lon="9.409603">
      </trkpt>
      <trkpt lat="46.988575" lon="9.409617">
      </trkpt>
      <trkpt lat="46.988611" lon="9.409618">
      </trkpt>
      <trkpt lat="46.988637" lon="9.409632">
      </trkpt>
      <trkpt lat="46.988673" lon="9.409647">
      </trkpt>
      <trkpt lat="46.9887" lon="9.409661">
      </trkpt>
      <trkpt lat="46.988727" lon="9.409675">
      </trkpt>
      <trkpt lat="46.988708" lon="9.409701">
      </trkpt>
      <trkpt lat="46.98869" lon="9.4097">
      </trkpt>
      <trkpt lat="46.988672" lon="9.409726">
      </trkpt>
      <trkpt lat="46.988654" lon="9.409738">
      </trkpt>
      <trkpt lat="46.988626" lon="9.409764">
      </trkpt>
      <trkpt lat="46.988581" lon="9.409801">
      </trkpt>
      <trkpt lat="46.988553" lon="9.409813">
      </trkpt>
      <trkpt lat="46.988517" lon="9.409838">
      </trkpt>
      <trkpt lat="46.98849" lon="9.409851">
      </trkpt>
      <trkpt lat="46.988462" lon="9.409876">
      </trkpt>
      <trkpt lat="46.988444" lon="9.409888">
      </trkpt>
      <trkpt lat="46.988417" lon="9.409874">
      </trkpt>
      <trkpt lat="46.988399" lon="9.409913">
      </trkpt>
      <trkpt lat="46.988371" lon="9.409925">
      </trkpt>
      <trkpt lat="46.988344" lon="9.40995">
      </trkpt>
      <trkpt lat="46.988317" lon="9.409936">
      </trkpt>
      <trkpt lat="46.988308" lon="9.409949">
      </trkpt>
      <trkpt lat="46.988326" lon="9.409976">
      </trkpt>
      <trkpt lat="46.988353" lon="9.409977">
      </trkpt>
      <trkpt lat="46.988415" lon="9.410019">
      </trkpt>
      <trkpt lat="46.988432" lon="9.410046">
      </trkpt>
      <trkpt lat="46.988459" lon="9.41006">
      </trkpt>
      <trkpt lat="46.988486" lon="9.410074">
      </trkpt>
      <trkpt lat="46.988503" lon="9.410101">
      </trkpt>
      <trkpt lat="46.988548" lon="9.410116">
      </trkpt>
      <trkpt lat="46.988566" lon="9.410129">
      </trkpt>
      <trkpt lat="46.988593" lon="9.410144">
      </trkpt>
      <trkpt lat="46.988628" lon="9.410158">
      </trkpt>
      <trkpt lat="46.988655" lon="9.410185">
      </trkpt>
      <trkpt lat="46.988681" lon="9.410213">
      </trkpt>
      <trkpt lat="46.988708" lon="9.410227">
      </trkpt>
      <trkpt lat="46.988771" lon="9.410255">
      </trkpt>
      <trkpt lat="46.988788" lon="9.410282">
      </trkpt>
      <trkpt lat="46.988833" lon="9.410271">
      </trkpt>
      <trkpt lat="46.988851" lon="9.410285">
      </trkpt>
      <trkpt lat="46.988869" lon="9.410312">
      </trkpt>
      <trkpt lat="46.988886" lon="9.410325">
      </trkpt>
      <trkpt lat="46.988922" lon="9.41034">
      </trkpt>
      <trkpt lat="46.988949" lon="9.410354">
      </trkpt>
      <trkpt lat="46.988976" lon="9.410368">
      </trkpt>
      <trkpt lat="46.989011" lon="9.410383">
      </trkpt>
      <trkpt lat="46.989074" lon="9.410424">
      </trkpt>
      <trkpt lat="46.989136" lon="9.410466">
      </trkpt>
      <trkpt lat="46.989207" lon="9.410495">
      </trkpt>
      <trkpt lat="46.989234" lon="9.410509">
      </trkpt>
      <trkpt lat="46.989261" lon="9.41051">
      </trkpt>
      <trkpt lat="46.989288" lon="9.410524">
      </trkpt>
      <trkpt lat="46.989333" lon="9.410539">
      </trkpt>
      <trkpt lat="46.989359" lon="9.410553">
      </trkpt>
      <trkpt lat="46.989359" lon="9.410553">
      </trkpt>
      <trkpt lat="46.989403" lon="9.41062">
      </trkpt>
      <trkpt lat="46.989474" lon="9.410689">
      </trkpt>
      <trkpt lat="46.989527" lon="9.410743">
      </trkpt>
      <trkpt lat="46.989572" lon="9.410771">
      </trkpt>
      <trkpt lat="46.989589" lon="9.410785">
      </trkpt>
      <trkpt lat="46.989651" lon="9.410853">
      </trkpt>
      <trkpt lat="46.989687" lon="9.410868">
      </trkpt>
      <trkpt lat="46.989731" lon="9.410896">
      </trkpt>
      <trkpt lat="46.989865" lon="9.410953">
      </trkpt>
      <trkpt lat="46.989928" lon="9.410995">
      </trkpt>
      <trkpt lat="46.98999" lon="9.411063">
      </trkpt>
      <trkpt lat="46.990007" lon="9.411077">
      </trkpt>
      <trkpt lat="46.990016" lon="9.411103">
      </trkpt>
      <trkpt lat="46.990015" lon="9.411156">
      </trkpt>
      <trkpt lat="46.989969" lon="9.411233">
      </trkpt>
      <trkpt lat="46.989976" lon="9.411299">
      </trkpt>
      <trkpt lat="46.989974" lon="9.41143">
      </trkpt>
      <trkpt lat="46.989999" lon="9.411576">
      </trkpt>
      <trkpt lat="46.989998" lon="9.411642">
      </trkpt>
      <trkpt lat="46.989998" lon="9.411642">
      </trkpt>
      <trkpt lat="46.990024" lon="9.411695">
      </trkpt>
      <trkpt lat="46.99005" lon="9.411749">
      </trkpt>
      <trkpt lat="46.99005" lon="9.411749">
      </trkpt>
      <trkpt lat="46.99003" lon="9.41184">
      </trkpt>
      <trkpt lat="46.990002" lon="9.411918">
      </trkpt>
      <trkpt lat="46.990002" lon="9.411918">
      </trkpt>
      <trkpt lat="46.990001" lon="9.411957">
      </trkpt>
      <trkpt lat="46.99" lon="9.41201">
      </trkpt>
      <trkpt lat="46.990018" lon="9.412037">
      </trkpt>
      <trkpt lat="46.990044" lon="9.412077">
      </trkpt>
      <trkpt lat="46.99007" lon="9.412118">
      </trkpt>
      <trkpt lat="46.990106" lon="9.412159">
      </trkpt>
      <trkpt lat="46.990106" lon="9.412159">
      </trkpt>
      <trkpt lat="46.990114" lon="9.412211">
      </trkpt>
      <trkpt lat="46.99013" lon="9.412291">
      </trkpt>
      <trkpt lat="46.990147" lon="9.412344">
      </trkpt>
      <trkpt lat="46.9902" lon="9.412399">
      </trkpt>
      <trkpt lat="46.990253" lon="9.412466">
      </trkpt>
      <trkpt lat="46.990307" lon="9.412508">
      </trkpt>
      <trkpt lat="46.99036" lon="9.412549">
      </trkpt>
      <trkpt lat="46.990521" lon="9.412621">
      </trkpt>
      <trkpt lat="46.990521" lon="9.412621">
      </trkpt>
      <trkpt lat="46.990583" lon="9.412649">
      </trkpt>
      <trkpt lat="46.990689" lon="9.412745">
      </trkpt>
      <trkpt lat="46.990733" lon="9.4128">
      </trkpt>
      <trkpt lat="46.990769" lon="9.412827">
      </trkpt>
      <trkpt lat="46.990786" lon="9.41288">
      </trkpt>
    </trkseg>
  </trk>
</gpx>