<?xml version="1.0" encoding="UTF-8"?>
<gpx xmlns="http://www.topografix.com/GPX/1/1" xmlns:xsi="http://www.w3.org/2001/XMLSchema-instance" xsi:schemaLocation="http://www.topografix.com/GPX/1/1 http://www.topografix.com/GPX/1/1/gpx.xsd" version="1.1" creator="Bergbot — https://github.com/suchipizza/BergBot">
  <metadata>
    <name>Via Alpina (Griesalp - Kandersteg)</name>
  </metadata>
  <trk>
    <name>Via Alpina (Griesalp - Kandersteg)</name>
    <trkseg>
      <trkpt lat="46.547298" lon="7.761397">
      </trkpt>
      <trkpt lat="46.547289" lon="7.761423">
      </trkpt>
      <trkpt lat="46.547271" lon="7.761436">
      </trkpt>
      <trkpt lat="46.547253" lon="7.761449">
      </trkpt>
      <trkpt lat="46.547207" lon="7.761461">
      </trkpt>
      <trkpt lat="46.54718" lon="7.761474">
      </trkpt>
      <trkpt lat="46.547126" lon="7.761539">
      </trkpt>
      <trkpt lat="46.547108" lon="7.761552">
      </trkpt>
      <trkpt lat="46.547108" lon="7.761578">
      </trkpt>
      <trkpt lat="46.547099" lon="7.761591">
      </trkpt>
      <trkpt lat="46.547054" lon="7.761591">
      </trkpt>
      <trkpt lat="46.547036" lon="7.761591">
      </trkpt>
      <trkpt lat="46.547036" lon="7.761617">
      </trkpt>
      <trkpt lat="46.547018" lon="7.761643">
      </trkpt>
      <trkpt lat="46.546982" lon="7.761669">
      </trkpt>
      <trkpt lat="46.546937" lon="7.761681">
      </trkpt>
      <trkpt lat="46.54691" lon="7.761668">
      </trkpt>
      <trkpt lat="46.546883" lon="7.761668">
      </trkpt>
      <trkpt lat="46.546856" lon="7.761642">
      </trkpt>
      <trkpt lat="46.54682" lon="7.761615">
      </trkpt>
      <trkpt lat="46.546784" lon="7.761602">
      </trkpt>
      <trkpt lat="46.546712" lon="7.761589">
      </trkpt>
      <trkpt lat="46.546667" lon="7.761588">
      </trkpt>
      <trkpt lat="46.546568" lon="7.761588">
      </trkpt>
      <trkpt lat="46.546532" lon="7.761588">
      </trkpt>
      <trkpt lat="46.546515" lon="7.761575">
      </trkpt>
      <trkpt lat="46.546479" lon="7.761522">
      </trkpt>
      <trkpt lat="46.546479" lon="7.761522">
      </trkpt>
      <trkpt lat="46.546397" lon="7.761626">
      </trkpt>
      <trkpt lat="46.546361" lon="7.761691">
      </trkpt>
      <trkpt lat="46.546343" lon="7.761743">
      </trkpt>
      <trkpt lat="46.546334" lon="7.761795">
      </trkpt>
      <trkpt lat="46.546334" lon="7.761795">
      </trkpt>
      <trkpt lat="46.546325" lon="7.761912">
      </trkpt>
      <trkpt lat="46.546306" lon="7.762004">
      </trkpt>
      <trkpt lat="46.54627" lon="7.762082">
      </trkpt>
      <trkpt lat="46.546225" lon="7.762173">
      </trkpt>
      <trkpt lat="46.546017" lon="7.762471">
      </trkpt>
      <trkpt lat="46.545945" lon="7.762562">
      </trkpt>
      <trkpt lat="46.545882" lon="7.762601">
      </trkpt>
      <trkpt lat="46.545837" lon="7.762614">
      </trkpt>
      <trkpt lat="46.545801" lon="7.762613">
      </trkpt>
      <trkpt lat="46.545738" lon="7.762587">
      </trkpt>
      <trkpt lat="46.545666" lon="7.762534">
      </trkpt>
      <trkpt lat="46.545522" lon="7.762481">
      </trkpt>
      <trkpt lat="46.545433" lon="7.762442">
      </trkpt>
      <trkpt lat="46.54537" lon="7.762428">
      </trkpt>
      <trkpt lat="46.545325" lon="7.762428">
      </trkpt>
      <trkpt lat="46.54528" lon="7.762441">
      </trkpt>
      <trkpt lat="46.545207" lon="7.762519">
      </trkpt>
      <trkpt lat="46.545171" lon="7.762597">
      </trkpt>
      <trkpt lat="46.54509" lon="7.762739">
      </trkpt>
      <trkpt lat="46.545036" lon="7.762843">
      </trkpt>
      <trkpt lat="46.54499" lon="7.762895">
      </trkpt>
      <trkpt lat="46.544963" lon="7.762921">
      </trkpt>
      <trkpt lat="46.544909" lon="7.762947">
      </trkpt>
      <trkpt lat="46.54481" lon="7.762972">
      </trkpt>
      <trkpt lat="46.544747" lon="7.762998">
      </trkpt>
      <trkpt lat="46.54472" lon="7.763024">
      </trkpt>
      <trkpt lat="46.544675" lon="7.763128">
      </trkpt>
      <trkpt lat="46.544594" lon="7.763297">
      </trkpt>
      <trkpt lat="46.544548" lon="7.763414">
      </trkpt>
      <trkpt lat="46.544512" lon="7.763479">
      </trkpt>
      <trkpt lat="46.544458" lon="7.763544">
      </trkpt>
      <trkpt lat="46.544404" lon="7.763622">
      </trkpt>
      <trkpt lat="46.544295" lon="7.763739">
      </trkpt>
      <trkpt lat="46.544241" lon="7.763816">
      </trkpt>
      <trkpt lat="46.544223" lon="7.763882">
      </trkpt>
      <trkpt lat="46.544205" lon="7.763947">
      </trkpt>
      <trkpt lat="46.544205" lon="7.763947">
      </trkpt>
      <trkpt lat="46.544214" lon="7.763986">
      </trkpt>
      <trkpt lat="46.544213" lon="7.764077">
      </trkpt>
      <trkpt lat="46.544195" lon="7.764364">
      </trkpt>
      <trkpt lat="46.544176" lon="7.764442">
      </trkpt>
      <trkpt lat="46.544158" lon="7.764533">
      </trkpt>
      <trkpt lat="46.544077" lon="7.764728">
      </trkpt>
      <trkpt lat="46.544013" lon="7.764897">
      </trkpt>
      <trkpt lat="46.543832" lon="7.765339">
      </trkpt>
      <trkpt lat="46.543814" lon="7.765404">
      </trkpt>
      <trkpt lat="46.543805" lon="7.765535">
      </trkpt>
      <trkpt lat="46.543777" lon="7.765665">
      </trkpt>
      <trkpt lat="46.54375" lon="7.765808">
      </trkpt>
      <trkpt lat="46.543695" lon="7.765964">
      </trkpt>
      <trkpt lat="46.543641" lon="7.766212">
      </trkpt>
      <trkpt lat="46.543568" lon="7.766381">
      </trkpt>
      <trkpt lat="46.543505" lon="7.766511">
      </trkpt>
      <trkpt lat="46.543432" lon="7.766667">
      </trkpt>
      <trkpt lat="46.543414" lon="7.766771">
      </trkpt>
      <trkpt lat="46.543405" lon="7.766875">
      </trkpt>
      <trkpt lat="46.543414" lon="7.76698">
      </trkpt>
      <trkpt lat="46.543431" lon="7.767058">
      </trkpt>
      <trkpt lat="46.543449" lon="7.767097">
      </trkpt>
      <trkpt lat="46.543485" lon="7.767149">
      </trkpt>
      <trkpt lat="46.543485" lon="7.767149">
      </trkpt>
      <trkpt lat="46.54353" lon="7.767215">
      </trkpt>
      <trkpt lat="46.543575" lon="7.767241">
      </trkpt>
      <trkpt lat="46.543638" lon="7.767255">
      </trkpt>
      <trkpt lat="46.543835" lon="7.767282">
      </trkpt>
      <trkpt lat="46.54388" lon="7.767269">
      </trkpt>
      <trkpt lat="46.543926" lon="7.767256">
      </trkpt>
      <trkpt lat="46.543962" lon="7.767218">
      </trkpt>
      <trkpt lat="46.543989" lon="7.767218">
      </trkpt>
      <trkpt lat="46.544007" lon="7.767218">
      </trkpt>
      <trkpt lat="46.544024" lon="7.767244">
      </trkpt>
      <trkpt lat="46.544042" lon="7.767309">
      </trkpt>
      <trkpt lat="46.544051" lon="7.76744">
      </trkpt>
      <trkpt lat="46.544051" lon="7.767505">
      </trkpt>
      <trkpt lat="46.544032" lon="7.767648">
      </trkpt>
      <trkpt lat="46.544032" lon="7.767739">
      </trkpt>
      <trkpt lat="46.544059" lon="7.767883">
      </trkpt>
      <trkpt lat="46.544076" lon="7.768014">
      </trkpt>
      <trkpt lat="46.544103" lon="7.768144">
      </trkpt>
      <trkpt lat="46.544112" lon="7.768157">
      </trkpt>
      <trkpt lat="46.544112" lon="7.768157">
      </trkpt>
      <trkpt lat="46.544093" lon="7.768314">
      </trkpt>
      <trkpt lat="46.544048" lon="7.768378">
      </trkpt>
      <trkpt lat="46.544021" lon="7.768391">
      </trkpt>
      <trkpt lat="46.544012" lon="7.768391">
      </trkpt>
      <trkpt lat="46.543994" lon="7.768352">
      </trkpt>
      <trkpt lat="46.543994" lon="7.7683">
      </trkpt>
      <trkpt lat="46.544004" lon="7.768222">
      </trkpt>
      <trkpt lat="46.544004" lon="7.768183">
      </trkpt>
      <trkpt lat="46.543995" lon="7.768156">
      </trkpt>
      <trkpt lat="46.543986" lon="7.768143">
      </trkpt>
      <trkpt lat="46.543977" lon="7.768143">
      </trkpt>
      <trkpt lat="46.543959" lon="7.768143">
      </trkpt>
      <trkpt lat="46.543895" lon="7.768325">
      </trkpt>
      <trkpt lat="46.543859" lon="7.76839">
      </trkpt>
      <trkpt lat="46.543787" lon="7.768468">
      </trkpt>
      <trkpt lat="46.543715" lon="7.768546">
      </trkpt>
      <trkpt lat="46.543552" lon="7.768714">
      </trkpt>
      <trkpt lat="46.54348" lon="7.768779">
      </trkpt>
      <trkpt lat="46.543417" lon="7.768818">
      </trkpt>
      <trkpt lat="46.543183" lon="7.768908">
      </trkpt>
      <trkpt lat="46.543129" lon="7.768946">
      </trkpt>
      <trkpt lat="46.543084" lon="7.768998">
      </trkpt>
      <trkpt lat="46.54303" lon="7.76905">
      </trkpt>
      <trkpt lat="46.542958" lon="7.769076">
      </trkpt>
      <trkpt lat="46.542841" lon="7.769088">
      </trkpt>
      <trkpt lat="46.542733" lon="7.769074">
      </trkpt>
      <trkpt lat="46.542652" lon="7.769061">
      </trkpt>
      <trkpt lat="46.542562" lon="7.769073">
      </trkpt>
      <trkpt lat="46.542499" lon="7.769112">
      </trkpt>
      <trkpt lat="46.542445" lon="7.769151">
      </trkpt>
      <trkpt lat="46.542409" lon="7.769203">
      </trkpt>
      <trkpt lat="46.542372" lon="7.769268">
      </trkpt>
      <trkpt lat="46.542354" lon="7.769346">
      </trkpt>
      <trkpt lat="46.542336" lon="7.769424">
      </trkpt>
      <trkpt lat="46.5423" lon="7.769502">
      </trkpt>
      <trkpt lat="46.54229" lon="7.769606">
      </trkpt>
      <trkpt lat="46.542263" lon="7.76971">
      </trkpt>
      <trkpt lat="46.542245" lon="7.769749">
      </trkpt>
      <trkpt lat="46.542227" lon="7.769775">
      </trkpt>
      <trkpt lat="46.542155" lon="7.769775">
      </trkpt>
      <trkpt lat="46.542137" lon="7.769775">
      </trkpt>
      <trkpt lat="46.542128" lon="7.769762">
      </trkpt>
      <trkpt lat="46.54211" lon="7.769749">
      </trkpt>
      <trkpt lat="46.54211" lon="7.769749">
      </trkpt>
      <trkpt lat="46.542047" lon="7.769761">
      </trkpt>
      <trkpt lat="46.542047" lon="7.769761">
      </trkpt>
      <trkpt lat="46.542029" lon="7.769761">
      </trkpt>
      <trkpt lat="46.541993" lon="7.769748">
      </trkpt>
      <trkpt lat="46.541975" lon="7.769722">
      </trkpt>
      <trkpt lat="46.541939" lon="7.769669">
      </trkpt>
      <trkpt lat="46.541922" lon="7.769656">
      </trkpt>
      <trkpt lat="46.541913" lon="7.769656">
      </trkpt>
      <trkpt lat="46.541904" lon="7.769656">
      </trkpt>
      <trkpt lat="46.541885" lon="7.769695">
      </trkpt>
      <trkpt lat="46.541876" lon="7.769708">
      </trkpt>
      <trkpt lat="46.541858" lon="7.769721">
      </trkpt>
      <trkpt lat="46.541858" lon="7.769734">
      </trkpt>
      <trkpt lat="46.541858" lon="7.769747">
      </trkpt>
      <trkpt lat="46.541894" lon="7.769799">
      </trkpt>
      <trkpt lat="46.541903" lon="7.769839">
      </trkpt>
      <trkpt lat="46.541903" lon="7.769865">
      </trkpt>
      <trkpt lat="46.541876" lon="7.769969">
      </trkpt>
      <trkpt lat="46.541848" lon="7.77006">
      </trkpt>
      <trkpt lat="46.541803" lon="7.770151">
      </trkpt>
      <trkpt lat="46.541767" lon="7.770203">
      </trkpt>
      <trkpt lat="46.541722" lon="7.770229">
      </trkpt>
      <trkpt lat="46.541686" lon="7.770241">
      </trkpt>
      <trkpt lat="46.54165" lon="7.770293">
      </trkpt>
      <trkpt lat="46.541596" lon="7.770384">
      </trkpt>
      <trkpt lat="46.541578" lon="7.770397">
      </trkpt>
      <trkpt lat="46.541559" lon="7.770423">
      </trkpt>
      <trkpt lat="46.541541" lon="7.770436">
      </trkpt>
      <trkpt lat="46.541541" lon="7.770436">
      </trkpt>
      <trkpt lat="46.541406" lon="7.770435">
      </trkpt>
      <trkpt lat="46.541361" lon="7.770448">
      </trkpt>
      <trkpt lat="46.541262" lon="7.770473">
      </trkpt>
      <trkpt lat="46.541235" lon="7.770486">
      </trkpt>
      <trkpt lat="46.541226" lon="7.770512">
      </trkpt>
      <trkpt lat="46.541217" lon="7.770525">
      </trkpt>
      <trkpt lat="46.541208" lon="7.770603">
      </trkpt>
      <trkpt lat="46.54119" lon="7.770629">
      </trkpt>
      <trkpt lat="46.541172" lon="7.770655">
      </trkpt>
      <trkpt lat="46.541154" lon="7.770655">
      </trkpt>
      <trkpt lat="46.541145" lon="7.770668">
      </trkpt>
      <trkpt lat="46.541127" lon="7.770694">
      </trkpt>
      <trkpt lat="46.541109" lon="7.77072">
      </trkpt>
      <trkpt lat="46.5411" lon="7.770746">
      </trkpt>
      <trkpt lat="46.541091" lon="7.770746">
      </trkpt>
      <trkpt lat="46.541064" lon="7.770707">
      </trkpt>
      <trkpt lat="46.541046" lon="7.770681">
      </trkpt>
      <trkpt lat="46.541046" lon="7.770655">
      </trkpt>
      <trkpt lat="46.541037" lon="7.770602">
      </trkpt>
      <trkpt lat="46.541037" lon="7.77055">
      </trkpt>
      <trkpt lat="46.541028" lon="7.770511">
      </trkpt>
      <trkpt lat="46.54102" lon="7.770498">
      </trkpt>
      <trkpt lat="46.540975" lon="7.770459">
      </trkpt>
      <trkpt lat="46.540939" lon="7.770471">
      </trkpt>
      <trkpt lat="46.540894" lon="7.770484">
      </trkpt>
      <trkpt lat="46.540849" lon="7.770471">
      </trkpt>
      <trkpt lat="46.540804" lon="7.770471">
      </trkpt>
      <trkpt lat="46.540786" lon="7.770471">
      </trkpt>
      <trkpt lat="46.540759" lon="7.770523">
      </trkpt>
      <trkpt lat="46.540731" lon="7.770601">
      </trkpt>
      <trkpt lat="46.540713" lon="7.770653">
      </trkpt>
      <trkpt lat="46.540704" lon="7.770666">
      </trkpt>
      <trkpt lat="46.540677" lon="7.770665">
      </trkpt>
      <trkpt lat="46.540668" lon="7.770691">
      </trkpt>
      <trkpt lat="46.540668" lon="7.770717">
      </trkpt>
      <trkpt lat="46.540632" lon="7.770822">
      </trkpt>
      <trkpt lat="46.540596" lon="7.7709">
      </trkpt>
      <trkpt lat="46.540596" lon="7.7709">
      </trkpt>
      <trkpt lat="46.540568" lon="7.770991">
      </trkpt>
      <trkpt lat="46.540559" lon="7.771043">
      </trkpt>
      <trkpt lat="46.54055" lon="7.771069">
      </trkpt>
      <trkpt lat="46.540541" lon="7.771108">
      </trkpt>
      <trkpt lat="46.540496" lon="7.771199">
      </trkpt>
      <trkpt lat="46.540468" lon="7.771277">
      </trkpt>
      <trkpt lat="46.54045" lon="7.771342">
      </trkpt>
      <trkpt lat="46.540441" lon="7.771407">
      </trkpt>
      <trkpt lat="46.540423" lon="7.771446">
      </trkpt>
      <trkpt lat="46.540396" lon="7.771459">
      </trkpt>
      <trkpt lat="46.540378" lon="7.771459">
      </trkpt>
      <trkpt lat="46.54036" lon="7.771446">
      </trkpt>
      <trkpt lat="46.540333" lon="7.771393">
      </trkpt>
      <trkpt lat="46.540324" lon="7.771367">
      </trkpt>
      <trkpt lat="46.540315" lon="7.771354">
      </trkpt>
      <trkpt lat="46.540306" lon="7.771354">
      </trkpt>
      <trkpt lat="46.540288" lon="7.771354">
      </trkpt>
      <trkpt lat="46.54027" lon="7.771354">
      </trkpt>
      <trkpt lat="46.540252" lon="7.771367">
      </trkpt>
      <trkpt lat="46.540225" lon="7.771406">
      </trkpt>
      <trkpt lat="46.540216" lon="7.771419">
      </trkpt>
      <trkpt lat="46.540198" lon="7.771419">
      </trkpt>
      <trkpt lat="46.540189" lon="7.771405">
      </trkpt>
      <trkpt lat="46.540162" lon="7.771418">
      </trkpt>
      <trkpt lat="46.540153" lon="7.771418">
      </trkpt>
      <trkpt lat="46.540153" lon="7.771392">
      </trkpt>
      <trkpt lat="46.540172" lon="7.771301">
      </trkpt>
      <trkpt lat="46.540181" lon="7.771262">
      </trkpt>
      <trkpt lat="46.54019" lon="7.771145">
      </trkpt>
      <trkpt lat="46.540181" lon="7.771145">
      </trkpt>
      <trkpt lat="46.540163" lon="7.771158">
      </trkpt>
      <trkpt lat="46.540154" lon="7.771184">
      </trkpt>
      <trkpt lat="46.540136" lon="7.771197">
      </trkpt>
      <trkpt lat="46.540127" lon="7.77121">
      </trkpt>
      <trkpt lat="46.5401" lon="7.771249">
      </trkpt>
      <trkpt lat="46.540073" lon="7.7713">
      </trkpt>
      <trkpt lat="46.540055" lon="7.771339">
      </trkpt>
      <trkpt lat="46.540045" lon="7.771379">
      </trkpt>
      <trkpt lat="46.540027" lon="7.771405">
      </trkpt>
      <trkpt lat="46.54" lon="7.771417">
      </trkpt>
      <trkpt lat="46.539991" lon="7.771443">
      </trkpt>
      <trkpt lat="46.539955" lon="7.771495">
      </trkpt>
      <trkpt lat="46.539928" lon="7.771547">
      </trkpt>
      <trkpt lat="46.53991" lon="7.77156">
      </trkpt>
      <trkpt lat="46.539901" lon="7.771573">
      </trkpt>
      <trkpt lat="46.539865" lon="7.771586">
      </trkpt>
      <trkpt lat="46.53982" lon="7.771612">
      </trkpt>
      <trkpt lat="46.539775" lon="7.771651">
      </trkpt>
      <trkpt lat="46.53973" lon="7.771716">
      </trkpt>
      <trkpt lat="46.539712" lon="7.771742">
      </trkpt>
      <trkpt lat="46.539684" lon="7.771754">
      </trkpt>
      <trkpt lat="46.539675" lon="7.771793">
      </trkpt>
      <trkpt lat="46.539657" lon="7.771872">
      </trkpt>
      <trkpt lat="46.539639" lon="7.771911">
      </trkpt>
      <trkpt lat="46.539603" lon="7.771923">
      </trkpt>
      <trkpt lat="46.539594" lon="7.77191">
      </trkpt>
      <trkpt lat="46.539567" lon="7.771897">
      </trkpt>
      <trkpt lat="46.539558" lon="7.771845">
      </trkpt>
      <trkpt lat="46.539549" lon="7.771845">
      </trkpt>
      <trkpt lat="46.539531" lon="7.771871">
      </trkpt>
      <trkpt lat="46.539513" lon="7.771871">
      </trkpt>
      <trkpt lat="46.539486" lon="7.77187">
      </trkpt>
      <trkpt lat="46.539468" lon="7.771857">
      </trkpt>
      <trkpt lat="46.53945" lon="7.771857">
      </trkpt>
      <trkpt lat="46.539432" lon="7.77187">
      </trkpt>
      <trkpt lat="46.539432" lon="7.77187">
      </trkpt>
      <trkpt lat="46.539432" lon="7.771844">
      </trkpt>
      <trkpt lat="46.539432" lon="7.771831">
      </trkpt>
      <trkpt lat="46.539423" lon="7.771818">
      </trkpt>
      <trkpt lat="46.539405" lon="7.771805">
      </trkpt>
      <trkpt lat="46.539397" lon="7.771792">
      </trkpt>
      <trkpt lat="46.539397" lon="7.771766">
      </trkpt>
      <trkpt lat="46.539397" lon="7.77174">
      </trkpt>
      <trkpt lat="46.539397" lon="7.7717">
      </trkpt>
      <trkpt lat="46.539388" lon="7.771661">
      </trkpt>
      <trkpt lat="46.53937" lon="7.771622">
      </trkpt>
      <trkpt lat="46.539352" lon="7.771609">
      </trkpt>
      <trkpt lat="46.539334" lon="7.771596">
      </trkpt>
      <trkpt lat="46.539298" lon="7.771583">
      </trkpt>
      <trkpt lat="46.539289" lon="7.771569">
      </trkpt>
      <trkpt lat="46.539245" lon="7.771413">
      </trkpt>
      <trkpt lat="46.539236" lon="7.7714">
      </trkpt>
      <trkpt lat="46.539209" lon="7.771386">
      </trkpt>
      <trkpt lat="46.5392" lon="7.77136">
      </trkpt>
      <trkpt lat="46.539191" lon="7.771347">
      </trkpt>
      <trkpt lat="46.539182" lon="7.771347">
      </trkpt>
      <trkpt lat="46.539164" lon="7.77136">
      </trkpt>
      <trkpt lat="46.539137" lon="7.771373">
      </trkpt>
      <trkpt lat="46.53911" lon="7.771373">
      </trkpt>
      <trkpt lat="46.539038" lon="7.771411">
      </trkpt>
      <trkpt lat="46.539011" lon="7.771398">
      </trkpt>
      <trkpt lat="46.538984" lon="7.771411">
      </trkpt>
      <trkpt lat="46.538966" lon="7.771398">
      </trkpt>
      <trkpt lat="46.538939" lon="7.771372">
      </trkpt>
      <trkpt lat="46.538894" lon="7.771358">
      </trkpt>
      <trkpt lat="46.538885" lon="7.771332">
      </trkpt>
      <trkpt lat="46.538867" lon="7.771306">
      </trkpt>
      <trkpt lat="46.53884" lon="7.77128">
      </trkpt>
      <trkpt lat="46.538831" lon="7.771254">
      </trkpt>
      <trkpt lat="46.538831" lon="7.771228">
      </trkpt>
      <trkpt lat="46.538832" lon="7.771163">
      </trkpt>
      <trkpt lat="46.538823" lon="7.77111">
      </trkpt>
      <trkpt lat="46.538814" lon="7.771058">
      </trkpt>
      <trkpt lat="46.538796" lon="7.771019">
      </trkpt>
      <trkpt lat="46.538778" lon="7.77098">
      </trkpt>
      <trkpt lat="46.538769" lon="7.770941">
      </trkpt>
      <trkpt lat="46.53876" lon="7.770914">
      </trkpt>
      <trkpt lat="46.53876" lon="7.770888">
      </trkpt>
      <trkpt lat="46.538761" lon="7.770862">
      </trkpt>
      <trkpt lat="46.538752" lon="7.770836">
      </trkpt>
      <trkpt lat="46.538734" lon="7.770823">
      </trkpt>
      <trkpt lat="46.538698" lon="7.770784">
      </trkpt>
      <trkpt lat="46.538671" lon="7.770757">
      </trkpt>
      <trkpt lat="46.538653" lon="7.770757">
      </trkpt>
      <trkpt lat="46.538635" lon="7.77077">
      </trkpt>
      <trkpt lat="46.538608" lon="7.770822">
      </trkpt>
      <trkpt lat="46.538572" lon="7.770848">
      </trkpt>
      <trkpt lat="46.538536" lon="7.770848">
      </trkpt>
      <trkpt lat="46.538518" lon="7.770861">
      </trkpt>
      <trkpt lat="46.538509" lon="7.7709">
      </trkpt>
      <trkpt lat="46.538491" lon="7.770913">
      </trkpt>
      <trkpt lat="46.538472" lon="7.770926">
      </trkpt>
      <trkpt lat="46.538436" lon="7.770925">
      </trkpt>
      <trkpt lat="46.538391" lon="7.770938">
      </trkpt>
      <trkpt lat="46.538382" lon="7.770938">
      </trkpt>
      <trkpt lat="46.538383" lon="7.770912">
      </trkpt>
      <trkpt lat="46.538374" lon="7.770886">
      </trkpt>
      <trkpt lat="46.538347" lon="7.770899">
      </trkpt>
      <trkpt lat="46.538338" lon="7.770886">
      </trkpt>
      <trkpt lat="46.538329" lon="7.770873">
      </trkpt>
      <trkpt lat="46.53832" lon="7.77086">
      </trkpt>
      <trkpt lat="46.538302" lon="7.770859">
      </trkpt>
      <trkpt lat="46.538284" lon="7.770872">
      </trkpt>
      <trkpt lat="46.538257" lon="7.770898">
      </trkpt>
      <trkpt lat="46.538239" lon="7.770898">
      </trkpt>
      <trkpt lat="46.53823" lon="7.770898">
      </trkpt>
      <trkpt lat="46.538203" lon="7.770924">
      </trkpt>
      <trkpt lat="46.538176" lon="7.770924">
      </trkpt>
      <trkpt lat="46.538149" lon="7.770937">
      </trkpt>
      <trkpt lat="46.538131" lon="7.770924">
      </trkpt>
      <trkpt lat="46.538122" lon="7.770924">
      </trkpt>
      <trkpt lat="46.538086" lon="7.770936">
      </trkpt>
      <trkpt lat="46.538059" lon="7.770949">
      </trkpt>
      <trkpt lat="46.538041" lon="7.770962">
      </trkpt>
      <trkpt lat="46.538014" lon="7.770962">
      </trkpt>
      <trkpt lat="46.537987" lon="7.770975">
      </trkpt>
      <trkpt lat="46.537951" lon="7.770975">
      </trkpt>
      <trkpt lat="46.537924" lon="7.770987">
      </trkpt>
      <trkpt lat="46.537906" lon="7.770987">
      </trkpt>
      <trkpt lat="46.537897" lon="7.770987">
      </trkpt>
      <trkpt lat="46.537869" lon="7.771026">
      </trkpt>
      <trkpt lat="46.53786" lon="7.771026">
      </trkpt>
      <trkpt lat="46.537842" lon="7.771026">
      </trkpt>
      <trkpt lat="46.537825" lon="7.771013">
      </trkpt>
      <trkpt lat="46.537825" lon="7.771">
      </trkpt>
      <trkpt lat="46.537807" lon="7.770987">
      </trkpt>
      <trkpt lat="46.537789" lon="7.770961">
      </trkpt>
      <trkpt lat="46.537762" lon="7.770947">
      </trkpt>
      <trkpt lat="46.537735" lon="7.770947">
      </trkpt>
      <trkpt lat="46.537663" lon="7.770973">
      </trkpt>
      <trkpt lat="46.537618" lon="7.770973">
      </trkpt>
      <trkpt lat="46.537564" lon="7.770972">
      </trkpt>
      <trkpt lat="46.537528" lon="7.770959">
      </trkpt>
      <trkpt lat="46.53751" lon="7.770933">
      </trkpt>
      <trkpt lat="46.537492" lon="7.770933">
      </trkpt>
      <trkpt lat="46.537474" lon="7.77092">
      </trkpt>
      <trkpt lat="46.537447" lon="7.770854">
      </trkpt>
      <trkpt lat="46.537438" lon="7.770841">
      </trkpt>
      <trkpt lat="46.537402" lon="7.770828">
      </trkpt>
      <trkpt lat="46.537384" lon="7.770815">
      </trkpt>
      <trkpt lat="46.537348" lon="7.770788">
      </trkpt>
      <trkpt lat="46.537348" lon="7.770788">
      </trkpt>
      <trkpt lat="46.537339" lon="7.770801">
      </trkpt>
      <trkpt lat="46.537312" lon="7.770827">
      </trkpt>
      <trkpt lat="46.537285" lon="7.77084">
      </trkpt>
      <trkpt lat="46.53724" lon="7.77084">
      </trkpt>
      <trkpt lat="46.53724" lon="7.77084">
      </trkpt>
      <trkpt lat="46.537195" lon="7.770814">
      </trkpt>
      <trkpt lat="46.537195" lon="7.770814">
      </trkpt>
      <trkpt lat="46.537177" lon="7.77084">
      </trkpt>
      <trkpt lat="46.53715" lon="7.770852">
      </trkpt>
      <trkpt lat="46.537132" lon="7.770852">
      </trkpt>
      <trkpt lat="46.537105" lon="7.770852">
      </trkpt>
      <trkpt lat="46.537078" lon="7.770839">
      </trkpt>
      <trkpt lat="46.537051" lon="7.770826">
      </trkpt>
      <trkpt lat="46.537042" lon="7.770813">
      </trkpt>
      <trkpt lat="46.537016" lon="7.770812">
      </trkpt>
      <trkpt lat="46.537007" lon="7.770799">
      </trkpt>
      <trkpt lat="46.536998" lon="7.77076">
      </trkpt>
      <trkpt lat="46.53698" lon="7.770721">
      </trkpt>
      <trkpt lat="46.536962" lon="7.770695">
      </trkpt>
      <trkpt lat="46.536953" lon="7.770695">
      </trkpt>
      <trkpt lat="46.536926" lon="7.770695">
      </trkpt>
      <trkpt lat="46.536872" lon="7.77072">
      </trkpt>
      <trkpt lat="46.536836" lon="7.770798">
      </trkpt>
      <trkpt lat="46.536746" lon="7.770746">
      </trkpt>
      <trkpt lat="46.53671" lon="7.770732">
      </trkpt>
      <trkpt lat="46.536584" lon="7.770745">
      </trkpt>
      <trkpt lat="46.536566" lon="7.770679">
      </trkpt>
      <trkpt lat="46.536593" lon="7.77064">
      </trkpt>
      <trkpt lat="46.536593" lon="7.770601">
      </trkpt>
      <trkpt lat="46.536566" lon="7.770575">
      </trkpt>
      <trkpt lat="46.536467" lon="7.770574">
      </trkpt>
      <trkpt lat="46.536441" lon="7.770535">
      </trkpt>
      <trkpt lat="46.536396" lon="7.770548">
      </trkpt>
      <trkpt lat="46.536351" lon="7.770496">
      </trkpt>
      <trkpt lat="46.536306" lon="7.770456">
      </trkpt>
      <trkpt lat="46.536252" lon="7.770325">
      </trkpt>
      <trkpt lat="46.536252" lon="7.770273">
      </trkpt>
      <trkpt lat="46.536235" lon="7.770208">
      </trkpt>
      <trkpt lat="46.536208" lon="7.770182">
      </trkpt>
      <trkpt lat="46.536163" lon="7.770129">
      </trkpt>
      <trkpt lat="46.5361" lon="7.770025">
      </trkpt>
      <trkpt lat="46.5361" lon="7.769947">
      </trkpt>
      <trkpt lat="46.536092" lon="7.769855">
      </trkpt>
      <trkpt lat="46.536092" lon="7.76979">
      </trkpt>
      <trkpt lat="46.536092" lon="7.76966">
      </trkpt>
      <trkpt lat="46.536012" lon="7.769581">
      </trkpt>
      <trkpt lat="46.535976" lon="7.769607">
      </trkpt>
      <trkpt lat="46.535921" lon="7.769685">
      </trkpt>
      <trkpt lat="46.535894" lon="7.769658">
      </trkpt>
      <trkpt lat="46.535868" lon="7.769619">
      </trkpt>
      <trkpt lat="46.535877" lon="7.769489">
      </trkpt>
      <trkpt lat="46.535859" lon="7.769476">
      </trkpt>
      <trkpt lat="46.535832" lon="7.769463">
      </trkpt>
      <trkpt lat="46.535814" lon="7.769449">
      </trkpt>
      <trkpt lat="46.535715" lon="7.769514">
      </trkpt>
      <trkpt lat="46.535697" lon="7.769592">
      </trkpt>
      <trkpt lat="46.53567" lon="7.769618">
      </trkpt>
      <trkpt lat="46.535607" lon="7.769644">
      </trkpt>
      <trkpt lat="46.53558" lon="7.769657">
      </trkpt>
      <trkpt lat="46.535553" lon="7.769669">
      </trkpt>
      <trkpt lat="46.535535" lon="7.76963">
      </trkpt>
      <trkpt lat="46.535544" lon="7.769474">
      </trkpt>
      <trkpt lat="46.535581" lon="7.769305">
      </trkpt>
      <trkpt lat="46.53559" lon="7.769266">
      </trkpt>
      <trkpt lat="46.535644" lon="7.769096">
      </trkpt>
      <trkpt lat="46.535636" lon="7.76894">
      </trkpt>
      <trkpt lat="46.535609" lon="7.768901">
      </trkpt>
      <trkpt lat="46.535546" lon="7.768939">
      </trkpt>
      <trkpt lat="46.535465" lon="7.769004">
      </trkpt>
      <trkpt lat="46.535392" lon="7.769095">
      </trkpt>
      <trkpt lat="46.535347" lon="7.769082">
      </trkpt>
      <trkpt lat="46.535311" lon="7.76912">
      </trkpt>
      <trkpt lat="46.535257" lon="7.769172">
      </trkpt>
      <trkpt lat="46.535194" lon="7.769146">
      </trkpt>
      <trkpt lat="46.53514" lon="7.769159">
      </trkpt>
      <trkpt lat="46.535113" lon="7.769197">
      </trkpt>
      <trkpt lat="46.535032" lon="7.769275">
      </trkpt>
      <trkpt lat="46.535014" lon="7.769327">
      </trkpt>
      <trkpt lat="46.534987" lon="7.769392">
      </trkpt>
      <trkpt lat="46.534887" lon="7.769457">
      </trkpt>
      <trkpt lat="46.534806" lon="7.769482">
      </trkpt>
      <trkpt lat="46.53477" lon="7.769482">
      </trkpt>
      <trkpt lat="46.534762" lon="7.769443">
      </trkpt>
      <trkpt lat="46.534744" lon="7.769417">
      </trkpt>
      <trkpt lat="46.534707" lon="7.769482">
      </trkpt>
      <trkpt lat="46.534635" lon="7.76956">
      </trkpt>
      <trkpt lat="46.534608" lon="7.769612">
      </trkpt>
      <trkpt lat="46.534572" lon="7.769598">
      </trkpt>
      <trkpt lat="46.534591" lon="7.769481">
      </trkpt>
      <trkpt lat="46.534564" lon="7.769455">
      </trkpt>
      <trkpt lat="46.534546" lon="7.769481">
      </trkpt>
      <trkpt lat="46.534491" lon="7.769598">
      </trkpt>
      <trkpt lat="46.534455" lon="7.769702">
      </trkpt>
      <trkpt lat="46.534437" lon="7.769832">
      </trkpt>
      <trkpt lat="46.53441" lon="7.769845">
      </trkpt>
      <trkpt lat="46.534383" lon="7.769819">
      </trkpt>
      <trkpt lat="46.534374" lon="7.769767">
      </trkpt>
      <trkpt lat="46.534365" lon="7.769701">
      </trkpt>
      <trkpt lat="46.534356" lon="7.769649">
      </trkpt>
      <trkpt lat="46.534338" lon="7.769662">
      </trkpt>
      <trkpt lat="46.534311" lon="7.769662">
      </trkpt>
      <trkpt lat="46.534311" lon="7.769662">
      </trkpt>
      <trkpt lat="46.534293" lon="7.769714">
      </trkpt>
      <trkpt lat="46.534293" lon="7.769714">
      </trkpt>
      <trkpt lat="46.534257" lon="7.769688">
      </trkpt>
      <trkpt lat="46.53423" lon="7.769674">
      </trkpt>
      <trkpt lat="46.534203" lon="7.769661">
      </trkpt>
      <trkpt lat="46.534167" lon="7.769609">
      </trkpt>
      <trkpt lat="46.534149" lon="7.769609">
      </trkpt>
      <trkpt lat="46.534095" lon="7.769634">
      </trkpt>
      <trkpt lat="46.53405" lon="7.769621">
      </trkpt>
      <trkpt lat="46.534005" lon="7.769647">
      </trkpt>
      <trkpt lat="46.533996" lon="7.769699">
      </trkpt>
      <trkpt lat="46.533987" lon="7.769712">
      </trkpt>
      <trkpt lat="46.533969" lon="7.769725">
      </trkpt>
      <trkpt lat="46.53396" lon="7.769712">
      </trkpt>
      <trkpt lat="46.533933" lon="7.769673">
      </trkpt>
      <trkpt lat="46.533906" lon="7.769659">
      </trkpt>
      <trkpt lat="46.533897" lon="7.769646">
      </trkpt>
      <trkpt lat="46.533898" lon="7.769607">
      </trkpt>
      <trkpt lat="46.533889" lon="7.769594">
      </trkpt>
      <trkpt lat="46.533853" lon="7.769594">
      </trkpt>
      <trkpt lat="46.533826" lon="7.769594">
      </trkpt>
      <trkpt lat="46.533799" lon="7.769607">
      </trkpt>
      <trkpt lat="46.533745" lon="7.76958">
      </trkpt>
      <trkpt lat="46.533718" lon="7.769554">
      </trkpt>
      <trkpt lat="46.533691" lon="7.769541">
      </trkpt>
      <trkpt lat="46.533673" lon="7.769528">
      </trkpt>
      <trkpt lat="46.533664" lon="7.769501">
      </trkpt>
      <trkpt lat="46.53361" lon="7.769462">
      </trkpt>
      <trkpt lat="46.533592" lon="7.769436">
      </trkpt>
      <trkpt lat="46.533556" lon="7.769397">
      </trkpt>
      <trkpt lat="46.533538" lon="7.76937">
      </trkpt>
      <trkpt lat="46.533494" lon="7.769331">
      </trkpt>
      <trkpt lat="46.533485" lon="7.769305">
      </trkpt>
      <trkpt lat="46.533458" lon="7.769278">
      </trkpt>
      <trkpt lat="46.53344" lon="7.769238">
      </trkpt>
      <trkpt lat="46.533422" lon="7.769212">
      </trkpt>
      <trkpt lat="46.533395" lon="7.769173">
      </trkpt>
      <trkpt lat="46.53335" lon="7.769134">
      </trkpt>
      <trkpt lat="46.533341" lon="7.769081">
      </trkpt>
      <trkpt lat="46.533314" lon="7.769068">
      </trkpt>
      <trkpt lat="46.533341" lon="7.769029">
      </trkpt>
      <trkpt lat="46.533351" lon="7.76899">
      </trkpt>
      <trkpt lat="46.533342" lon="7.768899">
      </trkpt>
      <trkpt lat="46.533342" lon="7.76886">
      </trkpt>
      <trkpt lat="46.533342" lon="7.76886">
      </trkpt>
      <trkpt lat="46.533297" lon="7.768847">
      </trkpt>
      <trkpt lat="46.533279" lon="7.768846">
      </trkpt>
      <trkpt lat="46.533234" lon="7.76882">
      </trkpt>
      <trkpt lat="46.533189" lon="7.768768">
      </trkpt>
      <trkpt lat="46.533118" lon="7.768689">
      </trkpt>
      <trkpt lat="46.533118" lon="7.768689">
      </trkpt>
      <trkpt lat="46.533027" lon="7.768741">
      </trkpt>
      <trkpt lat="46.532919" lon="7.768883">
      </trkpt>
      <trkpt lat="46.532919" lon="7.768883">
      </trkpt>
      <trkpt lat="46.53291" lon="7.76887">
      </trkpt>
      <trkpt lat="46.532883" lon="7.768857">
      </trkpt>
      <trkpt lat="46.532865" lon="7.768857">
      </trkpt>
      <trkpt lat="46.532829" lon="7.768896">
      </trkpt>
      <trkpt lat="46.532775" lon="7.768974">
      </trkpt>
      <trkpt lat="46.532694" lon="7.769051">
      </trkpt>
      <trkpt lat="46.53263" lon="7.769142">
      </trkpt>
      <trkpt lat="46.532585" lon="7.769259">
      </trkpt>
      <trkpt lat="46.532531" lon="7.769441">
      </trkpt>
      <trkpt lat="46.532494" lon="7.769545">
      </trkpt>
      <trkpt lat="46.53244" lon="7.769623">
      </trkpt>
      <trkpt lat="46.532269" lon="7.769805">
      </trkpt>
      <trkpt lat="46.532197" lon="7.76987">
      </trkpt>
      <trkpt lat="46.532134" lon="7.769882">
      </trkpt>
      <trkpt lat="46.532017" lon="7.769881">
      </trkpt>
      <trkpt lat="46.531945" lon="7.769894">
      </trkpt>
      <trkpt lat="46.531855" lon="7.769933">
      </trkpt>
      <trkpt lat="46.531764" lon="7.769997">
      </trkpt>
      <trkpt lat="46.531674" lon="7.770075">
      </trkpt>
      <trkpt lat="46.531611" lon="7.770153">
      </trkpt>
      <trkpt lat="46.531575" lon="7.770244">
      </trkpt>
      <trkpt lat="46.531575" lon="7.770244">
      </trkpt>
      <trkpt lat="46.531539" lon="7.770322">
      </trkpt>
      <trkpt lat="46.531539" lon="7.770322">
      </trkpt>
      <trkpt lat="46.531475" lon="7.770413">
      </trkpt>
      <trkpt lat="46.531412" lon="7.770477">
      </trkpt>
      <trkpt lat="46.531304" lon="7.770542">
      </trkpt>
      <trkpt lat="46.531187" lon="7.770632">
      </trkpt>
      <trkpt lat="46.531187" lon="7.770632">
      </trkpt>
      <trkpt lat="46.531142" lon="7.770684">
      </trkpt>
      <trkpt lat="46.531051" lon="7.770775">
      </trkpt>
      <trkpt lat="46.530943" lon="7.770905">
      </trkpt>
      <trkpt lat="46.530853" lon="7.771008">
      </trkpt>
      <trkpt lat="46.530763" lon="7.771112">
      </trkpt>
      <trkpt lat="46.530708" lon="7.771177">
      </trkpt>
      <trkpt lat="46.530681" lon="7.771229">
      </trkpt>
      <trkpt lat="46.530672" lon="7.771294">
      </trkpt>
      <trkpt lat="46.530654" lon="7.771359">
      </trkpt>
      <trkpt lat="46.530645" lon="7.771476">
      </trkpt>
      <trkpt lat="46.530635" lon="7.771554">
      </trkpt>
      <trkpt lat="46.530635" lon="7.771554">
      </trkpt>
      <trkpt lat="46.530617" lon="7.771541">
      </trkpt>
      <trkpt lat="46.53059" lon="7.771541">
      </trkpt>
      <trkpt lat="46.530563" lon="7.771619">
      </trkpt>
      <trkpt lat="46.530491" lon="7.771697">
      </trkpt>
      <trkpt lat="46.530446" lon="7.771775">
      </trkpt>
      <trkpt lat="46.530392" lon="7.771801">
      </trkpt>
      <trkpt lat="46.530302" lon="7.771826">
      </trkpt>
      <trkpt lat="46.530302" lon="7.771852">
      </trkpt>
      <trkpt lat="46.530247" lon="7.77193">
      </trkpt>
      <trkpt lat="46.530094" lon="7.772059">
      </trkpt>
      <trkpt lat="46.529941" lon="7.772111">
      </trkpt>
      <trkpt lat="46.52986" lon="7.772149">
      </trkpt>
      <trkpt lat="46.529734" lon="7.772175">
      </trkpt>
      <trkpt lat="46.529662" lon="7.772226">
      </trkpt>
      <trkpt lat="46.529572" lon="7.772265">
      </trkpt>
      <trkpt lat="46.529509" lon="7.77229">
      </trkpt>
      <trkpt lat="46.529464" lon="7.772277">
      </trkpt>
      <trkpt lat="46.529356" lon="7.772342">
      </trkpt>
      <trkpt lat="46.529257" lon="7.772432">
      </trkpt>
      <trkpt lat="46.529248" lon="7.772432">
      </trkpt>
      <trkpt lat="46.529211" lon="7.772536">
      </trkpt>
      <trkpt lat="46.529175" lon="7.772653">
      </trkpt>
      <trkpt lat="46.529112" lon="7.772666">
      </trkpt>
      <trkpt lat="46.529058" lon="7.772627">
      </trkpt>
      <trkpt lat="46.528986" lon="7.772665">
      </trkpt>
      <trkpt lat="46.528959" lon="7.772639">
      </trkpt>
      <trkpt lat="46.528923" lon="7.772652">
      </trkpt>
      <trkpt lat="46.52886" lon="7.772612">
      </trkpt>
      <trkpt lat="46.528779" lon="7.772638">
      </trkpt>
      <trkpt lat="46.528725" lon="7.772611">
      </trkpt>
      <trkpt lat="46.528653" lon="7.772637">
      </trkpt>
      <trkpt lat="46.528653" lon="7.772637">
      </trkpt>
      <trkpt lat="46.528617" lon="7.772663">
      </trkpt>
      <trkpt lat="46.528554" lon="7.772676">
      </trkpt>
      <trkpt lat="46.528509" lon="7.772767">
      </trkpt>
      <trkpt lat="46.528473" lon="7.772766">
      </trkpt>
      <trkpt lat="46.528455" lon="7.772714">
      </trkpt>
      <trkpt lat="46.528401" lon="7.772701">
      </trkpt>
      <trkpt lat="46.528392" lon="7.77274">
      </trkpt>
      <trkpt lat="46.528383" lon="7.772792">
      </trkpt>
      <trkpt lat="46.528338" lon="7.772752">
      </trkpt>
      <trkpt lat="46.528311" lon="7.772791">
      </trkpt>
      <trkpt lat="46.528293" lon="7.772765">
      </trkpt>
      <trkpt lat="46.528266" lon="7.772804">
      </trkpt>
      <trkpt lat="46.528239" lon="7.772791">
      </trkpt>
      <trkpt lat="46.528131" lon="7.772751">
      </trkpt>
      <trkpt lat="46.528104" lon="7.772777">
      </trkpt>
      <trkpt lat="46.528086" lon="7.772751">
      </trkpt>
      <trkpt lat="46.528041" lon="7.77279">
      </trkpt>
      <trkpt lat="46.528023" lon="7.772751">
      </trkpt>
      <trkpt lat="46.527987" lon="7.772776">
      </trkpt>
      <trkpt lat="46.52796" lon="7.772737">
      </trkpt>
      <trkpt lat="46.527924" lon="7.772724">
      </trkpt>
      <trkpt lat="46.527897" lon="7.772763">
      </trkpt>
      <trkpt lat="46.52787" lon="7.772724">
      </trkpt>
      <trkpt lat="46.527834" lon="7.772762">
      </trkpt>
      <trkpt lat="46.527816" lon="7.772697">
      </trkpt>
      <trkpt lat="46.527789" lon="7.772723">
      </trkpt>
      <trkpt lat="46.527772" lon="7.772658">
      </trkpt>
      <trkpt lat="46.527735" lon="7.772697">
      </trkpt>
      <trkpt lat="46.527744" lon="7.772749">
      </trkpt>
      <trkpt lat="46.527708" lon="7.772788">
      </trkpt>
      <trkpt lat="46.52769" lon="7.772735">
      </trkpt>
      <trkpt lat="46.527654" lon="7.772787">
      </trkpt>
      <trkpt lat="46.527627" lon="7.772735">
      </trkpt>
      <trkpt lat="46.5276" lon="7.772761">
      </trkpt>
      <trkpt lat="46.527555" lon="7.772722">
      </trkpt>
      <trkpt lat="46.52752" lon="7.772682">
      </trkpt>
      <trkpt lat="46.527493" lon="7.772721">
      </trkpt>
      <trkpt lat="46.527439" lon="7.77263">
      </trkpt>
      <trkpt lat="46.527403" lon="7.772629">
      </trkpt>
      <trkpt lat="46.527358" lon="7.772668">
      </trkpt>
      <trkpt lat="46.527331" lon="7.772642">
      </trkpt>
      <trkpt lat="46.527277" lon="7.772681">
      </trkpt>
      <trkpt lat="46.527241" lon="7.772668">
      </trkpt>
      <trkpt lat="46.527205" lon="7.77268">
      </trkpt>
      <trkpt lat="46.527034" lon="7.772679">
      </trkpt>
      <trkpt lat="46.526971" lon="7.772692">
      </trkpt>
      <trkpt lat="46.52689" lon="7.77277">
      </trkpt>
      <trkpt lat="46.526773" lon="7.772795">
      </trkpt>
      <trkpt lat="46.526638" lon="7.772807">
      </trkpt>
      <trkpt lat="46.526503" lon="7.772754">
      </trkpt>
      <trkpt lat="46.526377" lon="7.77274">
      </trkpt>
      <trkpt lat="46.526287" lon="7.772675">
      </trkpt>
      <trkpt lat="46.52591" lon="7.772425">
      </trkpt>
      <trkpt lat="46.525838" lon="7.772372">
      </trkpt>
      <trkpt lat="46.525721" lon="7.772345">
      </trkpt>
      <trkpt lat="46.525605" lon="7.77228">
      </trkpt>
      <trkpt lat="46.52547" lon="7.7722">
      </trkpt>
      <trkpt lat="46.525272" lon="7.772095">
      </trkpt>
      <trkpt lat="46.525102" lon="7.772016">
      </trkpt>
      <trkpt lat="46.52494" lon="7.771989">
      </trkpt>
      <trkpt lat="46.524787" lon="7.771949">
      </trkpt>
      <trkpt lat="46.524706" lon="7.771961">
      </trkpt>
      <trkpt lat="46.524607" lon="7.771961">
      </trkpt>
      <trkpt lat="46.524499" lon="7.771947">
      </trkpt>
      <trkpt lat="46.524329" lon="7.771842">
      </trkpt>
      <trkpt lat="46.524238" lon="7.771919">
      </trkpt>
      <trkpt lat="46.524203" lon="7.771854">
      </trkpt>
      <trkpt lat="46.524095" lon="7.771801">
      </trkpt>
      <trkpt lat="46.524095" lon="7.771801">
      </trkpt>
      <trkpt lat="46.524041" lon="7.771827">
      </trkpt>
      <trkpt lat="46.523996" lon="7.771879">
      </trkpt>
      <trkpt lat="46.523932" lon="7.772009">
      </trkpt>
      <trkpt lat="46.523887" lon="7.772073">
      </trkpt>
      <trkpt lat="46.523851" lon="7.772125">
      </trkpt>
      <trkpt lat="46.523851" lon="7.772034">
      </trkpt>
      <trkpt lat="46.523833" lon="7.772086">
      </trkpt>
      <trkpt lat="46.523797" lon="7.772021">
      </trkpt>
      <trkpt lat="46.523779" lon="7.771982">
      </trkpt>
      <trkpt lat="46.523734" lon="7.771981">
      </trkpt>
      <trkpt lat="46.523689" lon="7.772007">
      </trkpt>
      <trkpt lat="46.523635" lon="7.771994">
      </trkpt>
      <trkpt lat="46.523591" lon="7.771967">
      </trkpt>
      <trkpt lat="46.523528" lon="7.771915">
      </trkpt>
      <trkpt lat="46.52351" lon="7.771967">
      </trkpt>
      <trkpt lat="46.523492" lon="7.771928">
      </trkpt>
      <trkpt lat="46.523465" lon="7.771967">
      </trkpt>
      <trkpt lat="46.523438" lon="7.771953">
      </trkpt>
      <trkpt lat="46.523402" lon="7.771979">
      </trkpt>
      <trkpt lat="46.523393" lon="7.771914">
      </trkpt>
      <trkpt lat="46.523357" lon="7.771862">
      </trkpt>
      <trkpt lat="46.523294" lon="7.771913">
      </trkpt>
      <trkpt lat="46.523258" lon="7.7719">
      </trkpt>
      <trkpt lat="46.523249" lon="7.771835">
      </trkpt>
      <trkpt lat="46.523231" lon="7.771809">
      </trkpt>
      <trkpt lat="46.523177" lon="7.771835">
      </trkpt>
      <trkpt lat="46.523142" lon="7.77173">
      </trkpt>
      <trkpt lat="46.523087" lon="7.771756">
      </trkpt>
      <trkpt lat="46.523043" lon="7.771664">
      </trkpt>
      <trkpt lat="46.523025" lon="7.771573">
      </trkpt>
      <trkpt lat="46.52298" lon="7.771573">
      </trkpt>
      <trkpt lat="46.522944" lon="7.771559">
      </trkpt>
      <trkpt lat="46.522872" lon="7.771572">
      </trkpt>
      <trkpt lat="46.522836" lon="7.771481">
      </trkpt>
      <trkpt lat="46.522818" lon="7.771533">
      </trkpt>
      <trkpt lat="46.522791" lon="7.771532">
      </trkpt>
      <trkpt lat="46.522773" lon="7.771584">
      </trkpt>
      <trkpt lat="46.522728" lon="7.771636">
      </trkpt>
      <trkpt lat="46.52271" lon="7.771571">
      </trkpt>
      <trkpt lat="46.522674" lon="7.771571">
      </trkpt>
      <trkpt lat="46.522647" lon="7.771558">
      </trkpt>
      <trkpt lat="46.522593" lon="7.771635">
      </trkpt>
      <trkpt lat="46.522548" lon="7.77157">
      </trkpt>
      <trkpt lat="46.522521" lon="7.77157">
      </trkpt>
      <trkpt lat="46.522485" lon="7.771531">
      </trkpt>
      <trkpt lat="46.522431" lon="7.771543">
      </trkpt>
      <trkpt lat="46.522359" lon="7.77153">
      </trkpt>
      <trkpt lat="46.522314" lon="7.771582">
      </trkpt>
      <trkpt lat="46.522251" lon="7.771607">
      </trkpt>
      <trkpt lat="46.522233" lon="7.771659">
      </trkpt>
      <trkpt lat="46.52217" lon="7.77162">
      </trkpt>
      <trkpt lat="46.522143" lon="7.771698">
      </trkpt>
      <trkpt lat="46.522107" lon="7.771711">
      </trkpt>
      <trkpt lat="46.522071" lon="7.771763">
      </trkpt>
      <trkpt lat="46.522035" lon="7.771762">
      </trkpt>
      <trkpt lat="46.522017" lon="7.771788">
      </trkpt>
      <trkpt lat="46.521945" lon="7.771853">
      </trkpt>
      <trkpt lat="46.521891" lon="7.771814">
      </trkpt>
      <trkpt lat="46.521846" lon="7.771918">
      </trkpt>
      <trkpt lat="46.52181" lon="7.771852">
      </trkpt>
      <trkpt lat="46.521756" lon="7.771839">
      </trkpt>
      <trkpt lat="46.521711" lon="7.771878">
      </trkpt>
      <trkpt lat="46.521657" lon="7.771903">
      </trkpt>
      <trkpt lat="46.521621" lon="7.771916">
      </trkpt>
      <trkpt lat="46.521602" lon="7.772007">
      </trkpt>
      <trkpt lat="46.521548" lon="7.772059">
      </trkpt>
      <trkpt lat="46.521539" lon="7.77202">
      </trkpt>
      <trkpt lat="46.521494" lon="7.772072">
      </trkpt>
      <trkpt lat="46.521467" lon="7.772111">
      </trkpt>
      <trkpt lat="46.52144" lon="7.772111">
      </trkpt>
      <trkpt lat="46.521431" lon="7.772071">
      </trkpt>
      <trkpt lat="46.521395" lon="7.772136">
      </trkpt>
      <trkpt lat="46.521359" lon="7.772175">
      </trkpt>
      <trkpt lat="46.521332" lon="7.772214">
      </trkpt>
      <trkpt lat="46.521305" lon="7.772188">
      </trkpt>
      <trkpt lat="46.521287" lon="7.77224">
      </trkpt>
      <trkpt lat="46.52126" lon="7.772266">
      </trkpt>
      <trkpt lat="46.521224" lon="7.77224">
      </trkpt>
      <trkpt lat="46.521161" lon="7.772252">
      </trkpt>
      <trkpt lat="46.521134" lon="7.772304">
      </trkpt>
      <trkpt lat="46.52108" lon="7.772291">
      </trkpt>
      <trkpt lat="46.521008" lon="7.77229">
      </trkpt>
      <trkpt lat="46.520909" lon="7.77229">
      </trkpt>
      <trkpt lat="46.520855" lon="7.772263">
      </trkpt>
      <trkpt lat="46.520792" lon="7.77225">
      </trkpt>
      <trkpt lat="46.520756" lon="7.772263">
      </trkpt>
      <trkpt lat="46.520702" lon="7.772419">
      </trkpt>
      <trkpt lat="46.520675" lon="7.77234">
      </trkpt>
      <trkpt lat="46.520648" lon="7.772418">
      </trkpt>
      <trkpt lat="46.520603" lon="7.77234">
      </trkpt>
      <trkpt lat="46.520531" lon="7.772287">
      </trkpt>
      <trkpt lat="46.520468" lon="7.772391">
      </trkpt>
      <trkpt lat="46.520459" lon="7.772313">
      </trkpt>
      <trkpt lat="46.520378" lon="7.772365">
      </trkpt>
      <trkpt lat="46.52036" lon="7.772299">
      </trkpt>
      <trkpt lat="46.520324" lon="7.772299">
      </trkpt>
      <trkpt lat="46.52027" lon="7.772234">
      </trkpt>
      <trkpt lat="46.520225" lon="7.772299">
      </trkpt>
      <trkpt lat="46.520189" lon="7.772246">
      </trkpt>
      <trkpt lat="46.520144" lon="7.772233">
      </trkpt>
      <trkpt lat="46.520073" lon="7.772206">
      </trkpt>
      <trkpt lat="46.519992" lon="7.772167">
      </trkpt>
      <trkpt lat="46.519938" lon="7.772114">
      </trkpt>
      <trkpt lat="46.519938" lon="7.772023">
      </trkpt>
      <trkpt lat="46.519867" lon="7.772062">
      </trkpt>
      <trkpt lat="46.519804" lon="7.7721">
      </trkpt>
      <trkpt lat="46.519723" lon="7.771983">
      </trkpt>
      <trkpt lat="46.519706" lon="7.771865">
      </trkpt>
      <trkpt lat="46.51967" lon="7.771891">
      </trkpt>
      <trkpt lat="46.519625" lon="7.771917">
      </trkpt>
      <trkpt lat="46.519607" lon="7.771852">
      </trkpt>
      <trkpt lat="46.519571" lon="7.771864">
      </trkpt>
      <trkpt lat="46.519535" lon="7.771773">
      </trkpt>
      <trkpt lat="46.519508" lon="7.771721">
      </trkpt>
      <trkpt lat="46.519454" lon="7.771746">
      </trkpt>
      <trkpt lat="46.519382" lon="7.771837">
      </trkpt>
      <trkpt lat="46.519292" lon="7.771954">
      </trkpt>
      <trkpt lat="46.519301" lon="7.771863">
      </trkpt>
      <trkpt lat="46.519256" lon="7.771902">
      </trkpt>
      <trkpt lat="46.519211" lon="7.771836">
      </trkpt>
      <trkpt lat="46.519202" lon="7.771784">
      </trkpt>
      <trkpt lat="46.519193" lon="7.771719">
      </trkpt>
      <trkpt lat="46.519149" lon="7.771692">
      </trkpt>
      <trkpt lat="46.519113" lon="7.771653">
      </trkpt>
      <trkpt lat="46.519059" lon="7.771692">
      </trkpt>
      <trkpt lat="46.51905" lon="7.771588">
      </trkpt>
      <trkpt lat="46.51905" lon="7.771562">
      </trkpt>
      <trkpt lat="46.519041" lon="7.771548">
      </trkpt>
      <trkpt lat="46.519032" lon="7.771535">
      </trkpt>
      <trkpt lat="46.519005" lon="7.771483">
      </trkpt>
      <trkpt lat="46.518978" lon="7.771509">
      </trkpt>
      <trkpt lat="46.518924" lon="7.771535">
      </trkpt>
      <trkpt lat="46.51887" lon="7.771587">
      </trkpt>
      <trkpt lat="46.518834" lon="7.771612">
      </trkpt>
      <trkpt lat="46.518798" lon="7.771612">
      </trkpt>
      <trkpt lat="46.518771" lon="7.771599">
      </trkpt>
      <trkpt lat="46.518771" lon="7.771586">
      </trkpt>
      <trkpt lat="46.518753" lon="7.771573">
      </trkpt>
      <trkpt lat="46.518753" lon="7.771547">
      </trkpt>
      <trkpt lat="46.518744" lon="7.771534">
      </trkpt>
      <trkpt lat="46.518735" lon="7.771534">
      </trkpt>
      <trkpt lat="46.518717" lon="7.771533">
      </trkpt>
      <trkpt lat="46.518708" lon="7.771533">
      </trkpt>
      <trkpt lat="46.518708" lon="7.77152">
      </trkpt>
      <trkpt lat="46.518717" lon="7.771494">
      </trkpt>
      <trkpt lat="46.518708" lon="7.771481">
      </trkpt>
      <trkpt lat="46.518654" lon="7.771468">
      </trkpt>
      <trkpt lat="46.518645" lon="7.771455">
      </trkpt>
      <trkpt lat="46.518618" lon="7.771455">
      </trkpt>
      <trkpt lat="46.518609" lon="7.771455">
      </trkpt>
      <trkpt lat="46.518601" lon="7.771442">
      </trkpt>
      <trkpt lat="46.518601" lon="7.771415">
      </trkpt>
      <trkpt lat="46.518592" lon="7.771402">
      </trkpt>
      <trkpt lat="46.518565" lon="7.771402">
      </trkpt>
      <trkpt lat="46.518538" lon="7.771415">
      </trkpt>
      <trkpt lat="46.51852" lon="7.771415">
      </trkpt>
      <trkpt lat="46.518511" lon="7.771415">
      </trkpt>
      <trkpt lat="46.518502" lon="7.771415">
      </trkpt>
      <trkpt lat="46.518511" lon="7.771376">
      </trkpt>
      <trkpt lat="46.518511" lon="7.771363">
      </trkpt>
      <trkpt lat="46.518493" lon="7.771363">
      </trkpt>
      <trkpt lat="46.518502" lon="7.771337">
      </trkpt>
      <trkpt lat="46.518493" lon="7.771284">
      </trkpt>
      <trkpt lat="46.518493" lon="7.771258">
      </trkpt>
      <trkpt lat="46.518493" lon="7.771245">
      </trkpt>
      <trkpt lat="46.518484" lon="7.771245">
      </trkpt>
      <trkpt lat="46.518475" lon="7.771258">
      </trkpt>
      <trkpt lat="46.518457" lon="7.771258">
      </trkpt>
      <trkpt lat="46.518439" lon="7.771245">
      </trkpt>
      <trkpt lat="46.518421" lon="7.771245">
      </trkpt>
      <trkpt lat="46.518412" lon="7.771258">
      </trkpt>
      <trkpt lat="46.518394" lon="7.771258">
      </trkpt>
      <trkpt lat="46.518376" lon="7.771245">
      </trkpt>
      <trkpt lat="46.518367" lon="7.771219">
      </trkpt>
      <trkpt lat="46.518349" lon="7.771218">
      </trkpt>
      <trkpt lat="46.51834" lon="7.771218">
      </trkpt>
      <trkpt lat="46.518331" lon="7.771205">
      </trkpt>
      <trkpt lat="46.518331" lon="7.771192">
      </trkpt>
      <trkpt lat="46.51834" lon="7.771179">
      </trkpt>
      <trkpt lat="46.518332" lon="7.77114">
      </trkpt>
      <trkpt lat="46.518332" lon="7.771114">
      </trkpt>
      <trkpt lat="46.518332" lon="7.771101">
      </trkpt>
      <trkpt lat="46.518287" lon="7.771075">
      </trkpt>
      <trkpt lat="46.518269" lon="7.771049">
      </trkpt>
      <trkpt lat="46.518242" lon="7.771048">
      </trkpt>
      <trkpt lat="46.518224" lon="7.771048">
      </trkpt>
      <trkpt lat="46.518206" lon="7.771048">
      </trkpt>
      <trkpt lat="46.518188" lon="7.771061">
      </trkpt>
      <trkpt lat="46.518179" lon="7.771074">
      </trkpt>
      <trkpt lat="46.51817" lon="7.771087">
      </trkpt>
      <trkpt lat="46.518161" lon="7.771087">
      </trkpt>
      <trkpt lat="46.518143" lon="7.771087">
      </trkpt>
      <trkpt lat="46.518134" lon="7.771061">
      </trkpt>
      <trkpt lat="46.518125" lon="7.771048">
      </trkpt>
      <trkpt lat="46.518107" lon="7.771061">
      </trkpt>
      <trkpt lat="46.518098" lon="7.771061">
      </trkpt>
      <trkpt lat="46.518089" lon="7.77106">
      </trkpt>
      <trkpt lat="46.518071" lon="7.771073">
      </trkpt>
      <trkpt lat="46.518062" lon="7.771073">
      </trkpt>
      <trkpt lat="46.518053" lon="7.771073">
      </trkpt>
      <trkpt lat="46.518035" lon="7.77106">
      </trkpt>
      <trkpt lat="46.518017" lon="7.77106">
      </trkpt>
      <trkpt lat="46.518008" lon="7.77106">
      </trkpt>
      <trkpt lat="46.517981" lon="7.771021">
      </trkpt>
      <trkpt lat="46.517954" lon="7.770995">
      </trkpt>
      <trkpt lat="46.517945" lon="7.770981">
      </trkpt>
      <trkpt lat="46.517936" lon="7.770994">
      </trkpt>
      <trkpt lat="46.517945" lon="7.771021">
      </trkpt>
      <trkpt lat="46.517945" lon="7.771034">
      </trkpt>
      <trkpt lat="46.517945" lon="7.771047">
      </trkpt>
      <trkpt lat="46.517927" lon="7.771073">
      </trkpt>
      <trkpt lat="46.5179" lon="7.771085">
      </trkpt>
      <trkpt lat="46.517891" lon="7.771098">
      </trkpt>
      <trkpt lat="46.517891" lon="7.771124">
      </trkpt>
      <trkpt lat="46.517882" lon="7.771163">
      </trkpt>
      <trkpt lat="46.517846" lon="7.771228">
      </trkpt>
      <trkpt lat="46.517836" lon="7.771241">
      </trkpt>
      <trkpt lat="46.517845" lon="7.771294">
      </trkpt>
      <trkpt lat="46.517827" lon="7.771346">
      </trkpt>
      <trkpt lat="46.517818" lon="7.771359">
      </trkpt>
      <trkpt lat="46.517818" lon="7.771385">
      </trkpt>
      <trkpt lat="46.517818" lon="7.771398">
      </trkpt>
      <trkpt lat="46.5178" lon="7.77145">
      </trkpt>
      <trkpt lat="46.517791" lon="7.771476">
      </trkpt>
      <trkpt lat="46.5178" lon="7.771515">
      </trkpt>
      <trkpt lat="46.5178" lon="7.771528">
      </trkpt>
      <trkpt lat="46.517809" lon="7.771554">
      </trkpt>
      <trkpt lat="46.51779" lon="7.771593">
      </trkpt>
      <trkpt lat="46.51779" lon="7.771606">
      </trkpt>
      <trkpt lat="46.517799" lon="7.771632">
      </trkpt>
      <trkpt lat="46.517808" lon="7.77171">
      </trkpt>
      <trkpt lat="46.517817" lon="7.771749">
      </trkpt>
      <trkpt lat="46.517817" lon="7.771776">
      </trkpt>
      <trkpt lat="46.517817" lon="7.771815">
      </trkpt>
      <trkpt lat="46.51779" lon="7.771841">
      </trkpt>
      <trkpt lat="46.517763" lon="7.771879">
      </trkpt>
      <trkpt lat="46.517745" lon="7.771918">
      </trkpt>
      <trkpt lat="46.517736" lon="7.771931">
      </trkpt>
      <trkpt lat="46.517727" lon="7.771918">
      </trkpt>
      <trkpt lat="46.517718" lon="7.771905">
      </trkpt>
      <trkpt lat="46.517727" lon="7.771879">
      </trkpt>
      <trkpt lat="46.517718" lon="7.771853">
      </trkpt>
      <trkpt lat="46.517709" lon="7.771827">
      </trkpt>
      <trkpt lat="46.517682" lon="7.771801">
      </trkpt>
      <trkpt lat="46.517637" lon="7.771761">
      </trkpt>
      <trkpt lat="46.51761" lon="7.771735">
      </trkpt>
      <trkpt lat="46.517574" lon="7.771644">
      </trkpt>
      <trkpt lat="46.517565" lon="7.771644">
      </trkpt>
      <trkpt lat="46.517556" lon="7.771657">
      </trkpt>
      <trkpt lat="46.517556" lon="7.771657">
      </trkpt>
      <trkpt lat="46.517547" lon="7.771631">
      </trkpt>
      <trkpt lat="46.517539" lon="7.771617">
      </trkpt>
      <trkpt lat="46.517503" lon="7.771565">
      </trkpt>
      <trkpt lat="46.517485" lon="7.771526">
      </trkpt>
      <trkpt lat="46.517467" lon="7.7715">
      </trkpt>
      <trkpt lat="46.517449" lon="7.771461">
      </trkpt>
      <trkpt lat="46.517449" lon="7.771434">
      </trkpt>
      <trkpt lat="46.517449" lon="7.771408">
      </trkpt>
      <trkpt lat="46.517431" lon="7.771369">
      </trkpt>
      <trkpt lat="46.517413" lon="7.77133">
      </trkpt>
      <trkpt lat="46.517413" lon="7.771317">
      </trkpt>
      <trkpt lat="46.517377" lon="7.771395">
      </trkpt>
      <trkpt lat="46.51735" lon="7.771434">
      </trkpt>
      <trkpt lat="46.517296" lon="7.771499">
      </trkpt>
      <trkpt lat="46.517287" lon="7.771512">
      </trkpt>
      <trkpt lat="46.51726" lon="7.771498">
      </trkpt>
      <trkpt lat="46.51726" lon="7.771511">
      </trkpt>
      <trkpt lat="46.517251" lon="7.771524">
      </trkpt>
      <trkpt lat="46.517233" lon="7.771524">
      </trkpt>
      <trkpt lat="46.517215" lon="7.771511">
      </trkpt>
      <trkpt lat="46.517206" lon="7.771498">
      </trkpt>
      <trkpt lat="46.517215" lon="7.771472">
      </trkpt>
      <trkpt lat="46.517215" lon="7.771472">
      </trkpt>
      <trkpt lat="46.517206" lon="7.771459">
      </trkpt>
      <trkpt lat="46.517188" lon="7.771485">
      </trkpt>
      <trkpt lat="46.517179" lon="7.771472">
      </trkpt>
      <trkpt lat="46.51717" lon="7.771472">
      </trkpt>
      <trkpt lat="46.517179" lon="7.771433">
      </trkpt>
      <trkpt lat="46.51717" lon="7.77142">
      </trkpt>
      <trkpt lat="46.51717" lon="7.77142">
      </trkpt>
      <trkpt lat="46.517161" lon="7.771433">
      </trkpt>
      <trkpt lat="46.517152" lon="7.77142">
      </trkpt>
      <trkpt lat="46.517152" lon="7.771394">
      </trkpt>
      <trkpt lat="46.517143" lon="7.771367">
      </trkpt>
      <trkpt lat="46.517116" lon="7.771406">
      </trkpt>
      <trkpt lat="46.517107" lon="7.771393">
      </trkpt>
      <trkpt lat="46.517098" lon="7.771393">
      </trkpt>
      <trkpt lat="46.517107" lon="7.771367">
      </trkpt>
      <trkpt lat="46.517107" lon="7.771354">
      </trkpt>
      <trkpt lat="46.517099" lon="7.771354">
      </trkpt>
      <trkpt lat="46.517071" lon="7.771367">
      </trkpt>
      <trkpt lat="46.517071" lon="7.771367">
      </trkpt>
      <trkpt lat="46.517054" lon="7.771354">
      </trkpt>
      <trkpt lat="46.517054" lon="7.771315">
      </trkpt>
      <trkpt lat="46.517045" lon="7.771315">
      </trkpt>
      <trkpt lat="46.517036" lon="7.771315">
      </trkpt>
      <trkpt lat="46.517027" lon="7.771315">
      </trkpt>
      <trkpt lat="46.516955" lon="7.771288">
      </trkpt>
      <trkpt lat="46.516919" lon="7.771275">
      </trkpt>
      <trkpt lat="46.516901" lon="7.771275">
      </trkpt>
      <trkpt lat="46.516892" lon="7.771288">
      </trkpt>
      <trkpt lat="46.516883" lon="7.771301">
      </trkpt>
      <trkpt lat="46.516874" lon="7.771327">
      </trkpt>
      <trkpt lat="46.516856" lon="7.771353">
      </trkpt>
      <trkpt lat="46.516838" lon="7.771392">
      </trkpt>
      <trkpt lat="46.516819" lon="7.771418">
      </trkpt>
      <trkpt lat="46.516765" lon="7.771469">
      </trkpt>
      <trkpt lat="46.516738" lon="7.771482">
      </trkpt>
      <trkpt lat="46.516693" lon="7.771495">
      </trkpt>
      <trkpt lat="46.516603" lon="7.77152">
      </trkpt>
      <trkpt lat="46.516504" lon="7.771559">
      </trkpt>
      <trkpt lat="46.516486" lon="7.771585">
      </trkpt>
      <trkpt lat="46.516432" lon="7.77165">
      </trkpt>
      <trkpt lat="46.516387" lon="7.771702">
      </trkpt>
      <trkpt lat="46.51636" lon="7.771754">
      </trkpt>
      <trkpt lat="46.51636" lon="7.771793">
      </trkpt>
      <trkpt lat="46.516359" lon="7.771832">
      </trkpt>
      <trkpt lat="46.516368" lon="7.771858">
      </trkpt>
      <trkpt lat="46.516377" lon="7.771884">
      </trkpt>
      <trkpt lat="46.516377" lon="7.771897">
      </trkpt>
      <trkpt lat="46.516359" lon="7.771897">
      </trkpt>
      <trkpt lat="46.516341" lon="7.771884">
      </trkpt>
      <trkpt lat="46.516287" lon="7.771883">
      </trkpt>
      <trkpt lat="46.516269" lon="7.77187">
      </trkpt>
      <trkpt lat="46.516251" lon="7.771857">
      </trkpt>
      <trkpt lat="46.516224" lon="7.771857">
      </trkpt>
      <trkpt lat="46.516206" lon="7.771844">
      </trkpt>
      <trkpt lat="46.516197" lon="7.771857">
      </trkpt>
      <trkpt lat="46.516197" lon="7.771857">
      </trkpt>
      <trkpt lat="46.516206" lon="7.77187">
      </trkpt>
      <trkpt lat="46.516215" lon="7.771896">
      </trkpt>
      <trkpt lat="46.516224" lon="7.771922">
      </trkpt>
      <trkpt lat="46.516224" lon="7.771948">
      </trkpt>
      <trkpt lat="46.516215" lon="7.771974">
      </trkpt>
      <trkpt lat="46.516197" lon="7.771987">
      </trkpt>
      <trkpt lat="46.516179" lon="7.771987">
      </trkpt>
      <trkpt lat="46.516161" lon="7.771961">
      </trkpt>
      <trkpt lat="46.516143" lon="7.771948">
      </trkpt>
      <trkpt lat="46.516134" lon="7.771961">
      </trkpt>
      <trkpt lat="46.516134" lon="7.772026">
      </trkpt>
      <trkpt lat="46.516134" lon="7.772039">
      </trkpt>
      <trkpt lat="46.516116" lon="7.772026">
      </trkpt>
      <trkpt lat="46.516089" lon="7.771999">
      </trkpt>
      <trkpt lat="46.516089" lon="7.771999">
      </trkpt>
      <trkpt lat="46.516089" lon="7.772026">
      </trkpt>
      <trkpt lat="46.516089" lon="7.772052">
      </trkpt>
      <trkpt lat="46.516089" lon="7.772078">
      </trkpt>
      <trkpt lat="46.51608" lon="7.772091">
      </trkpt>
      <trkpt lat="46.516071" lon="7.772078">
      </trkpt>
      <trkpt lat="46.516017" lon="7.772038">
      </trkpt>
      <trkpt lat="46.515963" lon="7.771986">
      </trkpt>
      <trkpt lat="46.515945" lon="7.771973">
      </trkpt>
      <trkpt lat="46.515918" lon="7.771946">
      </trkpt>
      <trkpt lat="46.5159" lon="7.771933">
      </trkpt>
      <trkpt lat="46.515891" lon="7.771946">
      </trkpt>
      <trkpt lat="46.515882" lon="7.771972">
      </trkpt>
      <trkpt lat="46.515873" lon="7.771985">
      </trkpt>
      <trkpt lat="46.515864" lon="7.771972">
      </trkpt>
      <trkpt lat="46.515864" lon="7.771985">
      </trkpt>
      <trkpt lat="46.515873" lon="7.771998">
      </trkpt>
      <trkpt lat="46.515873" lon="7.772024">
      </trkpt>
      <trkpt lat="46.515864" lon="7.772037">
      </trkpt>
      <trkpt lat="46.515846" lon="7.772037">
      </trkpt>
      <trkpt lat="46.515828" lon="7.772024">
      </trkpt>
      <trkpt lat="46.51581" lon="7.772024">
      </trkpt>
      <trkpt lat="46.515792" lon="7.772024">
      </trkpt>
      <trkpt lat="46.515729" lon="7.771997">
      </trkpt>
      <trkpt lat="46.515702" lon="7.771984">
      </trkpt>
      <trkpt lat="46.515684" lon="7.771958">
      </trkpt>
      <trkpt lat="46.515639" lon="7.771945">
      </trkpt>
      <trkpt lat="46.515585" lon="7.771957">
      </trkpt>
      <trkpt lat="46.515504" lon="7.771969">
      </trkpt>
      <trkpt lat="46.515459" lon="7.771969">
      </trkpt>
      <trkpt lat="46.515423" lon="7.771981">
      </trkpt>
      <trkpt lat="46.515387" lon="7.771981">
      </trkpt>
      <trkpt lat="46.515316" lon="7.771981">
      </trkpt>
      <trkpt lat="46.515289" lon="7.771968">
      </trkpt>
      <trkpt lat="46.515262" lon="7.771954">
      </trkpt>
      <trkpt lat="46.515226" lon="7.771941">
      </trkpt>
      <trkpt lat="46.515199" lon="7.771954">
      </trkpt>
      <trkpt lat="46.515172" lon="7.771954">
      </trkpt>
      <trkpt lat="46.515163" lon="7.771954">
      </trkpt>
      <trkpt lat="46.515154" lon="7.771915">
      </trkpt>
      <trkpt lat="46.515145" lon="7.771914">
      </trkpt>
      <trkpt lat="46.515136" lon="7.771914">
      </trkpt>
      <trkpt lat="46.515127" lon="7.771914">
      </trkpt>
      <trkpt lat="46.515118" lon="7.771901">
      </trkpt>
      <trkpt lat="46.515109" lon="7.771875">
      </trkpt>
      <trkpt lat="46.5151" lon="7.771862">
      </trkpt>
      <trkpt lat="46.515073" lon="7.771862">
      </trkpt>
      <trkpt lat="46.515028" lon="7.771849">
      </trkpt>
      <trkpt lat="46.514992" lon="7.771835">
      </trkpt>
      <trkpt lat="46.514956" lon="7.771822">
      </trkpt>
      <trkpt lat="46.514929" lon="7.771796">
      </trkpt>
      <trkpt lat="46.514848" lon="7.771769">
      </trkpt>
      <trkpt lat="46.514767" lon="7.771756">
      </trkpt>
      <trkpt lat="46.514732" lon="7.77173">
      </trkpt>
      <trkpt lat="46.514696" lon="7.771716">
      </trkpt>
      <trkpt lat="46.51466" lon="7.771716">
      </trkpt>
      <trkpt lat="46.514633" lon="7.771703">
      </trkpt>
      <trkpt lat="46.514597" lon="7.771716">
      </trkpt>
      <trkpt lat="46.51457" lon="7.771716">
      </trkpt>
      <trkpt lat="46.514408" lon="7.771675">
      </trkpt>
      <trkpt lat="46.514372" lon="7.771688">
      </trkpt>
      <trkpt lat="46.514363" lon="7.771688">
      </trkpt>
      <trkpt lat="46.514345" lon="7.771662">
      </trkpt>
      <trkpt lat="46.514282" lon="7.771636">
      </trkpt>
      <trkpt lat="46.514264" lon="7.771596">
      </trkpt>
      <trkpt lat="46.514228" lon="7.771583">
      </trkpt>
      <trkpt lat="46.514201" lon="7.771557">
      </trkpt>
      <trkpt lat="46.514129" lon="7.771504">
      </trkpt>
      <trkpt lat="46.514112" lon="7.771478">
      </trkpt>
      <trkpt lat="46.514094" lon="7.771465">
      </trkpt>
      <trkpt lat="46.514031" lon="7.771413">
      </trkpt>
      <trkpt lat="46.513977" lon="7.771386">
      </trkpt>
      <trkpt lat="46.513932" lon="7.771347">
      </trkpt>
      <trkpt lat="46.513923" lon="7.771334">
      </trkpt>
      <trkpt lat="46.513923" lon="7.771321">
      </trkpt>
      <trkpt lat="46.513941" lon="7.771308">
      </trkpt>
      <trkpt lat="46.513968" lon="7.771282">
      </trkpt>
      <trkpt lat="46.514022" lon="7.771256">
      </trkpt>
      <trkpt lat="46.514049" lon="7.771269">
      </trkpt>
      <trkpt lat="46.514058" lon="7.771269">
      </trkpt>
      <trkpt lat="46.514076" lon="7.771269">
      </trkpt>
      <trkpt lat="46.514085" lon="7.77127">
      </trkpt>
      <trkpt lat="46.514094" lon="7.771257">
      </trkpt>
      <trkpt lat="46.514085" lon="7.77123">
      </trkpt>
      <trkpt lat="46.514067" lon="7.771204">
      </trkpt>
      <trkpt lat="46.514049" lon="7.771204">
      </trkpt>
      <trkpt lat="46.51404" lon="7.771191">
      </trkpt>
      <trkpt lat="46.51404" lon="7.771178">
      </trkpt>
      <trkpt lat="46.51405" lon="7.771165">
      </trkpt>
      <trkpt lat="46.514076" lon="7.771178">
      </trkpt>
      <trkpt lat="46.514094" lon="7.771178">
      </trkpt>
      <trkpt lat="46.514139" lon="7.771179">
      </trkpt>
      <trkpt lat="46.514148" lon="7.771179">
      </trkpt>
      <trkpt lat="46.514148" lon="7.771166">
      </trkpt>
      <trkpt lat="46.514122" lon="7.771152">
      </trkpt>
      <trkpt lat="46.514086" lon="7.771113">
      </trkpt>
      <trkpt lat="46.51405" lon="7.771126">
      </trkpt>
      <trkpt lat="46.514032" lon="7.771113">
      </trkpt>
      <trkpt lat="46.513969" lon="7.771125">
      </trkpt>
      <trkpt lat="46.513951" lon="7.771112">
      </trkpt>
      <trkpt lat="46.513933" lon="7.771086">
      </trkpt>
      <trkpt lat="46.513915" lon="7.771073">
      </trkpt>
      <trkpt lat="46.51387" lon="7.771047">
      </trkpt>
      <trkpt lat="46.513843" lon="7.77102">
      </trkpt>
      <trkpt lat="46.513798" lon="7.770981">
      </trkpt>
      <trkpt lat="46.513771" lon="7.770942">
      </trkpt>
      <trkpt lat="46.513744" lon="7.770929">
      </trkpt>
      <trkpt lat="46.513717" lon="7.770915">
      </trkpt>
      <trkpt lat="46.513681" lon="7.770915">
      </trkpt>
      <trkpt lat="46.513645" lon="7.770928">
      </trkpt>
      <trkpt lat="46.513582" lon="7.770915">
      </trkpt>
      <trkpt lat="46.513556" lon="7.770888">
      </trkpt>
      <trkpt lat="46.513511" lon="7.770875">
      </trkpt>
      <trkpt lat="46.513448" lon="7.770862">
      </trkpt>
      <trkpt lat="46.513403" lon="7.770874">
      </trkpt>
      <trkpt lat="46.513376" lon="7.770874">
      </trkpt>
      <trkpt lat="46.513304" lon="7.770861">
      </trkpt>
      <trkpt lat="46.513286" lon="7.770874">
      </trkpt>
      <trkpt lat="46.51325" lon="7.77086">
      </trkpt>
      <trkpt lat="46.513196" lon="7.77086">
      </trkpt>
      <trkpt lat="46.51316" lon="7.770847">
      </trkpt>
      <trkpt lat="46.513124" lon="7.770834">
      </trkpt>
      <trkpt lat="46.513079" lon="7.770833">
      </trkpt>
      <trkpt lat="46.513016" lon="7.77082">
      </trkpt>
      <trkpt lat="46.512944" lon="7.77082">
      </trkpt>
      <trkpt lat="46.512926" lon="7.770793">
      </trkpt>
      <trkpt lat="46.512899" lon="7.770793">
      </trkpt>
      <trkpt lat="46.51289" lon="7.77078">
      </trkpt>
      <trkpt lat="46.51289" lon="7.770767">
      </trkpt>
      <trkpt lat="46.512899" lon="7.770741">
      </trkpt>
      <trkpt lat="46.512917" lon="7.770728">
      </trkpt>
      <trkpt lat="46.512926" lon="7.770715">
      </trkpt>
      <trkpt lat="46.512953" lon="7.770728">
      </trkpt>
      <trkpt lat="46.512971" lon="7.770715">
      </trkpt>
      <trkpt lat="46.512989" lon="7.770703">
      </trkpt>
      <trkpt lat="46.512998" lon="7.77069">
      </trkpt>
      <trkpt lat="46.512989" lon="7.770689">
      </trkpt>
      <trkpt lat="46.512927" lon="7.77065">
      </trkpt>
      <trkpt lat="46.512837" lon="7.770597">
      </trkpt>
      <trkpt lat="46.512828" lon="7.770584">
      </trkpt>
      <trkpt lat="46.512819" lon="7.770571">
      </trkpt>
      <trkpt lat="46.512837" lon="7.770558">
      </trkpt>
      <trkpt lat="46.512882" lon="7.770506">
      </trkpt>
      <trkpt lat="46.512882" lon="7.770493">
      </trkpt>
      <trkpt lat="46.512837" lon="7.77048">
      </trkpt>
      <trkpt lat="46.512765" lon="7.770454">
      </trkpt>
      <trkpt lat="46.512711" lon="7.770427">
      </trkpt>
      <trkpt lat="46.512684" lon="7.770414">
      </trkpt>
      <trkpt lat="46.512648" lon="7.770427">
      </trkpt>
      <trkpt lat="46.512576" lon="7.770492">
      </trkpt>
      <trkpt lat="46.512567" lon="7.770491">
      </trkpt>
      <trkpt lat="46.512567" lon="7.770478">
      </trkpt>
      <trkpt lat="46.512576" lon="7.770439">
      </trkpt>
      <trkpt lat="46.512585" lon="7.770413">
      </trkpt>
      <trkpt lat="46.512585" lon="7.7704">
      </trkpt>
      <trkpt lat="46.512576" lon="7.770387">
      </trkpt>
      <trkpt lat="46.512549" lon="7.7704">
      </trkpt>
      <trkpt lat="46.512513" lon="7.770426">
      </trkpt>
      <trkpt lat="46.512468" lon="7.770439">
      </trkpt>
      <trkpt lat="46.512468" lon="7.770439">
      </trkpt>
      <trkpt lat="46.512468" lon="7.770426">
      </trkpt>
      <trkpt lat="46.512487" lon="7.770387">
      </trkpt>
      <trkpt lat="46.512496" lon="7.770348">
      </trkpt>
      <trkpt lat="46.512496" lon="7.770348">
      </trkpt>
      <trkpt lat="46.512487" lon="7.770348">
      </trkpt>
      <trkpt lat="46.512469" lon="7.770361">
      </trkpt>
      <trkpt lat="46.512397" lon="7.770386">
      </trkpt>
      <trkpt lat="46.512361" lon="7.770386">
      </trkpt>
      <trkpt lat="46.512334" lon="7.770373">
      </trkpt>
      <trkpt lat="46.512307" lon="7.77036">
      </trkpt>
      <trkpt lat="46.512289" lon="7.770359">
      </trkpt>
      <trkpt lat="46.512271" lon="7.770346">
      </trkpt>
      <trkpt lat="46.512244" lon="7.770359">
      </trkpt>
      <trkpt lat="46.512217" lon="7.770385">
      </trkpt>
      <trkpt lat="46.512208" lon="7.770385">
      </trkpt>
      <trkpt lat="46.512109" lon="7.770371">
      </trkpt>
      <trkpt lat="46.512073" lon="7.770384">
      </trkpt>
      <trkpt lat="46.512064" lon="7.770371">
      </trkpt>
      <trkpt lat="46.512019" lon="7.770345">
      </trkpt>
      <trkpt lat="46.511992" lon="7.770345">
      </trkpt>
      <trkpt lat="46.511956" lon="7.770331">
      </trkpt>
      <trkpt lat="46.51192" lon="7.770305">
      </trkpt>
      <trkpt lat="46.511875" lon="7.770266">
      </trkpt>
      <trkpt lat="46.511812" lon="7.770226">
      </trkpt>
      <trkpt lat="46.511803" lon="7.770213">
      </trkpt>
      <trkpt lat="46.511777" lon="7.770161">
      </trkpt>
      <trkpt lat="46.511777" lon="7.770135">
      </trkpt>
      <trkpt lat="46.511759" lon="7.770122">
      </trkpt>
      <trkpt lat="46.51157" lon="7.769977">
      </trkpt>
      <trkpt lat="46.511534" lon="7.769951">
      </trkpt>
      <trkpt lat="46.511489" lon="7.769938">
      </trkpt>
      <trkpt lat="46.511426" lon="7.76995">
      </trkpt>
      <trkpt lat="46.511381" lon="7.769989">
      </trkpt>
      <trkpt lat="46.511363" lon="7.770002">
      </trkpt>
      <trkpt lat="46.511336" lon="7.770041">
      </trkpt>
      <trkpt lat="46.511291" lon="7.770093">
      </trkpt>
      <trkpt lat="46.511219" lon="7.770144">
      </trkpt>
      <trkpt lat="46.511192" lon="7.77017">
      </trkpt>
      <trkpt lat="46.511156" lon="7.770209">
      </trkpt>
      <trkpt lat="46.511138" lon="7.770196">
      </trkpt>
      <trkpt lat="46.511129" lon="7.770183">
      </trkpt>
      <trkpt lat="46.511129" lon="7.770183">
      </trkpt>
      <trkpt lat="46.51112" lon="7.770183">
      </trkpt>
      <trkpt lat="46.511102" lon="7.770183">
      </trkpt>
      <trkpt lat="46.511075" lon="7.770209">
      </trkpt>
      <trkpt lat="46.511048" lon="7.770235">
      </trkpt>
      <trkpt lat="46.511021" lon="7.770247">
      </trkpt>
      <trkpt lat="46.510994" lon="7.77026">
      </trkpt>
      <trkpt lat="46.510994" lon="7.77026">
      </trkpt>
      <trkpt lat="46.510994" lon="7.770247">
      </trkpt>
      <trkpt lat="46.510985" lon="7.770221">
      </trkpt>
      <trkpt lat="46.510985" lon="7.770182">
      </trkpt>
      <trkpt lat="46.510985" lon="7.770169">
      </trkpt>
      <trkpt lat="46.511003" lon="7.77013">
      </trkpt>
      <trkpt lat="46.511012" lon="7.770104">
      </trkpt>
      <trkpt lat="46.511012" lon="7.770104">
      </trkpt>
      <trkpt lat="46.511012" lon="7.770104">
      </trkpt>
      <trkpt lat="46.510985" lon="7.770104">
      </trkpt>
      <trkpt lat="46.510958" lon="7.770104">
      </trkpt>
      <trkpt lat="46.510931" lon="7.770104">
      </trkpt>
      <trkpt lat="46.510913" lon="7.770103">
      </trkpt>
      <trkpt lat="46.510895" lon="7.770103">
      </trkpt>
      <trkpt lat="46.510877" lon="7.77009">
      </trkpt>
      <trkpt lat="46.510868" lon="7.770077">
      </trkpt>
      <trkpt lat="46.510868" lon="7.770064">
      </trkpt>
      <trkpt lat="46.510868" lon="7.770051">
      </trkpt>
      <trkpt lat="46.510913" lon="7.770038">
      </trkpt>
      <trkpt lat="46.510931" lon="7.770012">
      </trkpt>
      <trkpt lat="46.510958" lon="7.769986">
      </trkpt>
      <trkpt lat="46.510977" lon="7.769948">
      </trkpt>
      <trkpt lat="46.511049" lon="7.769792">
      </trkpt>
      <trkpt lat="46.511085" lon="7.76974">
      </trkpt>
      <trkpt lat="46.511085" lon="7.769727">
      </trkpt>
      <trkpt lat="46.511085" lon="7.769727">
      </trkpt>
      <trkpt lat="46.511013" lon="7.769726">
      </trkpt>
      <trkpt lat="46.510923" lon="7.769726">
      </trkpt>
      <trkpt lat="46.510914" lon="7.769713">
      </trkpt>
      <trkpt lat="46.510914" lon="7.769713">
      </trkpt>
      <trkpt lat="46.510923" lon="7.769674">
      </trkpt>
      <trkpt lat="46.510969" lon="7.769609">
      </trkpt>
      <trkpt lat="46.511113" lon="7.76944">
      </trkpt>
      <trkpt lat="46.511185" lon="7.769349">
      </trkpt>
      <trkpt lat="46.511203" lon="7.76935">
      </trkpt>
      <trkpt lat="46.511329" lon="7.769337">
      </trkpt>
      <trkpt lat="46.511356" lon="7.769337">
      </trkpt>
      <trkpt lat="46.511374" lon="7.769325">
      </trkpt>
      <trkpt lat="46.51141" lon="7.769247">
      </trkpt>
      <trkpt lat="46.511437" lon="7.769208">
      </trkpt>
      <trkpt lat="46.511447" lon="7.769182">
      </trkpt>
      <trkpt lat="46.511456" lon="7.769143">
      </trkpt>
      <trkpt lat="46.511465" lon="7.76913">
      </trkpt>
      <trkpt lat="46.511492" lon="7.769117">
      </trkpt>
      <trkpt lat="46.511519" lon="7.769104">
      </trkpt>
      <trkpt lat="46.511537" lon="7.769078">
      </trkpt>
      <trkpt lat="46.511564" lon="7.769026">
      </trkpt>
      <trkpt lat="46.511591" lon="7.768974">
      </trkpt>
      <trkpt lat="46.511591" lon="7.768961">
      </trkpt>
      <trkpt lat="46.5116" lon="7.768935">
      </trkpt>
      <trkpt lat="46.511627" lon="7.768896">
      </trkpt>
      <trkpt lat="46.511636" lon="7.768883">
      </trkpt>
      <trkpt lat="46.511627" lon="7.768831">
      </trkpt>
      <trkpt lat="46.511664" lon="7.768766">
      </trkpt>
      <trkpt lat="46.511664" lon="7.76874">
      </trkpt>
      <trkpt lat="46.511682" lon="7.768714">
      </trkpt>
      <trkpt lat="46.511691" lon="7.768701">
      </trkpt>
      <trkpt lat="46.5117" lon="7.768636">
      </trkpt>
      <trkpt lat="46.511709" lon="7.768623">
      </trkpt>
      <trkpt lat="46.511727" lon="7.76861">
      </trkpt>
      <trkpt lat="46.511772" lon="7.768571">
      </trkpt>
      <trkpt lat="46.511781" lon="7.768545">
      </trkpt>
      <trkpt lat="46.511799" lon="7.768506">
      </trkpt>
      <trkpt lat="46.511817" lon="7.768454">
      </trkpt>
      <trkpt lat="46.511845" lon="7.768402">
      </trkpt>
      <trkpt lat="46.511872" lon="7.768337">
      </trkpt>
      <trkpt lat="46.51189" lon="7.768298">
      </trkpt>
      <trkpt lat="46.511926" lon="7.768246">
      </trkpt>
      <trkpt lat="46.511953" lon="7.768181">
      </trkpt>
      <trkpt lat="46.511989" lon="7.768103">
      </trkpt>
      <trkpt lat="46.512026" lon="7.768039">
      </trkpt>
      <trkpt lat="46.512053" lon="7.767987">
      </trkpt>
      <trkpt lat="46.512089" lon="7.767922">
      </trkpt>
      <trkpt lat="46.512098" lon="7.76787">
      </trkpt>
      <trkpt lat="46.512098" lon="7.76787">
      </trkpt>
      <trkpt lat="46.512161" lon="7.767805">
      </trkpt>
      <trkpt lat="46.512161" lon="7.767805">
      </trkpt>
      <trkpt lat="46.51217" lon="7.767779">
      </trkpt>
      <trkpt lat="46.512179" lon="7.767753">
      </trkpt>
      <trkpt lat="46.512197" lon="7.767714">
      </trkpt>
      <trkpt lat="46.512216" lon="7.767688">
      </trkpt>
      <trkpt lat="46.512225" lon="7.767675">
      </trkpt>
      <trkpt lat="46.512225" lon="7.767675">
      </trkpt>
      <trkpt lat="46.512189" lon="7.767675">
      </trkpt>
      <trkpt lat="46.512171" lon="7.767688">
      </trkpt>
      <trkpt lat="46.512153" lon="7.767688">
      </trkpt>
      <trkpt lat="46.512144" lon="7.767687">
      </trkpt>
      <trkpt lat="46.512144" lon="7.767687">
      </trkpt>
      <trkpt lat="46.512144" lon="7.767674">
      </trkpt>
      <trkpt lat="46.512162" lon="7.767622">
      </trkpt>
      <trkpt lat="46.512207" lon="7.767505">
      </trkpt>
      <trkpt lat="46.512225" lon="7.76744">
      </trkpt>
      <trkpt lat="46.512225" lon="7.767401">
      </trkpt>
      <trkpt lat="46.512235" lon="7.767336">
      </trkpt>
      <trkpt lat="46.512253" lon="7.767245">
      </trkpt>
      <trkpt lat="46.512262" lon="7.76718">
      </trkpt>
      <trkpt lat="46.512262" lon="7.767154">
      </trkpt>
      <trkpt lat="46.512271" lon="7.767141">
      </trkpt>
      <trkpt lat="46.51228" lon="7.767115">
      </trkpt>
      <trkpt lat="46.51228" lon="7.767089">
      </trkpt>
      <trkpt lat="46.51228" lon="7.766998">
      </trkpt>
      <trkpt lat="46.512281" lon="7.766893">
      </trkpt>
      <trkpt lat="46.51229" lon="7.766815">
      </trkpt>
      <trkpt lat="46.51229" lon="7.766776">
      </trkpt>
      <trkpt lat="46.512299" lon="7.76675">
      </trkpt>
      <trkpt lat="46.512299" lon="7.766737">
      </trkpt>
      <trkpt lat="46.51229" lon="7.766737">
      </trkpt>
      <trkpt lat="46.512263" lon="7.766763">
      </trkpt>
      <trkpt lat="46.512245" lon="7.766789">
      </trkpt>
      <trkpt lat="46.512218" lon="7.766802">
      </trkpt>
      <trkpt lat="46.512218" lon="7.766802">
      </trkpt>
      <trkpt lat="46.512209" lon="7.76675">
      </trkpt>
      <trkpt lat="46.512209" lon="7.766672">
      </trkpt>
      <trkpt lat="46.512201" lon="7.766606">
      </trkpt>
      <trkpt lat="46.512201" lon="7.76658">
      </trkpt>
      <trkpt lat="46.51221" lon="7.766502">
      </trkpt>
      <trkpt lat="46.512201" lon="7.766476">
      </trkpt>
      <trkpt lat="46.512192" lon="7.766424">
      </trkpt>
      <trkpt lat="46.512192" lon="7.766372">
      </trkpt>
      <trkpt lat="46.512192" lon="7.766333">
      </trkpt>
      <trkpt lat="46.512202" lon="7.766242">
      </trkpt>
      <trkpt lat="46.512211" lon="7.766176">
      </trkpt>
      <trkpt lat="46.512211" lon="7.766033">
      </trkpt>
      <trkpt lat="46.512221" lon="7.765877">
      </trkpt>
      <trkpt lat="46.512212" lon="7.765759">
      </trkpt>
      <trkpt lat="46.512212" lon="7.765629">
      </trkpt>
      <trkpt lat="46.512222" lon="7.765525">
      </trkpt>
      <trkpt lat="46.512213" lon="7.765447">
      </trkpt>
      <trkpt lat="46.512232" lon="7.765199">
      </trkpt>
      <trkpt lat="46.512241" lon="7.765134">
      </trkpt>
      <trkpt lat="46.512259" lon="7.76503">
      </trkpt>
      <trkpt lat="46.512259" lon="7.764978">
      </trkpt>
      <trkpt lat="46.512278" lon="7.764887">
      </trkpt>
      <trkpt lat="46.512296" lon="7.764783">
      </trkpt>
      <trkpt lat="46.512305" lon="7.764666">
      </trkpt>
      <trkpt lat="46.512323" lon="7.764548">
      </trkpt>
      <trkpt lat="46.512324" lon="7.764483">
      </trkpt>
      <trkpt lat="46.512333" lon="7.764431">
      </trkpt>
      <trkpt lat="46.512342" lon="7.764366">
      </trkpt>
      <trkpt lat="46.512351" lon="7.764327">
      </trkpt>
      <trkpt lat="46.512351" lon="7.764314">
      </trkpt>
      <trkpt lat="46.512351" lon="7.764301">
      </trkpt>
      <trkpt lat="46.512342" lon="7.764301">
      </trkpt>
      <trkpt lat="46.512297" lon="7.764301">
      </trkpt>
      <trkpt lat="46.512252" lon="7.764287">
      </trkpt>
      <trkpt lat="46.512198" lon="7.764274">
      </trkpt>
      <trkpt lat="46.512189" lon="7.764261">
      </trkpt>
      <trkpt lat="46.512198" lon="7.764235">
      </trkpt>
      <trkpt lat="46.512217" lon="7.764196">
      </trkpt>
      <trkpt lat="46.512226" lon="7.764144">
      </trkpt>
      <trkpt lat="46.512244" lon="7.764092">
      </trkpt>
      <trkpt lat="46.51228" lon="7.764027">
      </trkpt>
      <trkpt lat="46.512298" lon="7.763988">
      </trkpt>
      <trkpt lat="46.512316" lon="7.763962">
      </trkpt>
      <trkpt lat="46.512334" lon="7.76391">
      </trkpt>
      <trkpt lat="46.512371" lon="7.763806">
      </trkpt>
      <trkpt lat="46.512371" lon="7.763793">
      </trkpt>
      <trkpt lat="46.512371" lon="7.76378">
      </trkpt>
      <trkpt lat="46.512353" lon="7.76378">
      </trkpt>
      <trkpt lat="46.512335" lon="7.763767">
      </trkpt>
      <trkpt lat="46.512308" lon="7.763753">
      </trkpt>
      <trkpt lat="46.512272" lon="7.763753">
      </trkpt>
      <trkpt lat="46.512254" lon="7.76374">
      </trkpt>
      <trkpt lat="46.512218" lon="7.763714">
      </trkpt>
      <trkpt lat="46.512209" lon="7.763701">
      </trkpt>
      <trkpt lat="46.512209" lon="7.763688">
      </trkpt>
      <trkpt lat="46.512209" lon="7.763662">
      </trkpt>
      <trkpt lat="46.512218" lon="7.763662">
      </trkpt>
      <trkpt lat="46.512245" lon="7.763636">
      </trkpt>
      <trkpt lat="46.512263" lon="7.763623">
      </trkpt>
      <trkpt lat="46.51229" lon="7.763584">
      </trkpt>
      <trkpt lat="46.512308" lon="7.763558">
      </trkpt>
      <trkpt lat="46.512389" lon="7.763519">
      </trkpt>
      <trkpt lat="46.512398" lon="7.763519">
      </trkpt>
      <trkpt lat="46.512416" lon="7.76352">
      </trkpt>
      <trkpt lat="46.512425" lon="7.763507">
      </trkpt>
      <trkpt lat="46.512434" lon="7.763481">
      </trkpt>
      <trkpt lat="46.512435" lon="7.763442">
      </trkpt>
      <trkpt lat="46.512435" lon="7.763376">
      </trkpt>
      <trkpt lat="46.512453" lon="7.763324">
      </trkpt>
      <trkpt lat="46.512462" lon="7.763298">
      </trkpt>
      <trkpt lat="46.512462" lon="7.763272">
      </trkpt>
      <trkpt lat="46.512462" lon="7.763259">
      </trkpt>
      <trkpt lat="46.512462" lon="7.763246">
      </trkpt>
      <trkpt lat="46.512435" lon="7.763194">
      </trkpt>
      <trkpt lat="46.512417" lon="7.763142">
      </trkpt>
      <trkpt lat="46.512409" lon="7.76309">
      </trkpt>
      <trkpt lat="46.512409" lon="7.762998">
      </trkpt>
      <trkpt lat="46.512418" lon="7.762972">
      </trkpt>
      <trkpt lat="46.512427" lon="7.762946">
      </trkpt>
      <trkpt lat="46.512427" lon="7.76292">
      </trkpt>
      <trkpt lat="46.512436" lon="7.762881">
      </trkpt>
      <trkpt lat="46.512427" lon="7.762842">
      </trkpt>
      <trkpt lat="46.512427" lon="7.762803">
      </trkpt>
      <trkpt lat="46.512455" lon="7.762673">
      </trkpt>
      <trkpt lat="46.512473" lon="7.762608">
      </trkpt>
      <trkpt lat="46.512482" lon="7.762543">
      </trkpt>
      <trkpt lat="46.512482" lon="7.762504">
      </trkpt>
      <trkpt lat="46.5125" lon="7.762452">
      </trkpt>
      <trkpt lat="46.5125" lon="7.762413">
      </trkpt>
      <trkpt lat="46.512501" lon="7.76236">
      </trkpt>
      <trkpt lat="46.512483" lon="7.762256">
      </trkpt>
      <trkpt lat="46.512465" lon="7.76223">
      </trkpt>
      <trkpt lat="46.512465" lon="7.762191">
      </trkpt>
      <trkpt lat="46.512465" lon="7.762152">
      </trkpt>
      <trkpt lat="46.512474" lon="7.7621">
      </trkpt>
      <trkpt lat="46.512492" lon="7.762074">
      </trkpt>
      <trkpt lat="46.512493" lon="7.762035">
      </trkpt>
      <trkpt lat="46.512502" lon="7.761996">
      </trkpt>
      <trkpt lat="46.512493" lon="7.76197">
      </trkpt>
      <trkpt lat="46.512484" lon="7.76193">
      </trkpt>
      <trkpt lat="46.512466" lon="7.761904">
      </trkpt>
      <trkpt lat="46.512457" lon="7.761878">
      </trkpt>
      <trkpt lat="46.512448" lon="7.761826">
      </trkpt>
      <trkpt lat="46.512448" lon="7.7618">
      </trkpt>
      <trkpt lat="46.512421" lon="7.761761">
      </trkpt>
      <trkpt lat="46.512421" lon="7.761735">
      </trkpt>
      <trkpt lat="46.512413" lon="7.761656">
      </trkpt>
      <trkpt lat="46.512377" lon="7.761474">
      </trkpt>
      <trkpt lat="46.512378" lon="7.761265">
      </trkpt>
      <trkpt lat="46.51236" lon="7.7612">
      </trkpt>
      <trkpt lat="46.512297" lon="7.761082">
      </trkpt>
      <trkpt lat="46.512253" lon="7.760887">
      </trkpt>
      <trkpt lat="46.512208" lon="7.760743">
      </trkpt>
      <trkpt lat="46.512155" lon="7.760612">
      </trkpt>
      <trkpt lat="46.51211" lon="7.76056">
      </trkpt>
      <trkpt lat="46.512029" lon="7.760429">
      </trkpt>
      <trkpt lat="46.511985" lon="7.760364">
      </trkpt>
      <trkpt lat="46.511949" lon="7.760285">
      </trkpt>
      <trkpt lat="46.511922" lon="7.760168">
      </trkpt>
      <trkpt lat="46.511931" lon="7.760077">
      </trkpt>
      <trkpt lat="46.51186" lon="7.759972">
      </trkpt>
      <trkpt lat="46.511797" lon="7.759881">
      </trkpt>
      <trkpt lat="46.511645" lon="7.759567">
      </trkpt>
      <trkpt lat="46.511636" lon="7.759463">
      </trkpt>
      <trkpt lat="46.511646" lon="7.759332">
      </trkpt>
      <trkpt lat="46.511664" lon="7.759254">
      </trkpt>
      <trkpt lat="46.511628" lon="7.759202">
      </trkpt>
      <trkpt lat="46.511592" lon="7.759176">
      </trkpt>
      <trkpt lat="46.511547" lon="7.759189">
      </trkpt>
      <trkpt lat="46.511475" lon="7.759149">
      </trkpt>
      <trkpt lat="46.511403" lon="7.75907">
      </trkpt>
      <trkpt lat="46.511332" lon="7.759005">
      </trkpt>
      <trkpt lat="46.511296" lon="7.7589">
      </trkpt>
      <trkpt lat="46.511269" lon="7.758783">
      </trkpt>
      <trkpt lat="46.511234" lon="7.758692">
      </trkpt>
      <trkpt lat="46.511216" lon="7.758692">
      </trkpt>
      <trkpt lat="46.511206" lon="7.75877">
      </trkpt>
      <trkpt lat="46.511188" lon="7.758822">
      </trkpt>
      <trkpt lat="46.511125" lon="7.758808">
      </trkpt>
      <trkpt lat="46.511081" lon="7.7586">
      </trkpt>
      <trkpt lat="46.511036" lon="7.758508">
      </trkpt>
      <trkpt lat="46.511037" lon="7.758352">
      </trkpt>
      <trkpt lat="46.511046" lon="7.758287">
      </trkpt>
      <trkpt lat="46.511037" lon="7.758169">
      </trkpt>
      <trkpt lat="46.511046" lon="7.758104">
      </trkpt>
      <trkpt lat="46.51102" lon="7.758013">
      </trkpt>
      <trkpt lat="46.511029" lon="7.75787">
      </trkpt>
      <trkpt lat="46.511056" lon="7.757765">
      </trkpt>
      <trkpt lat="46.511128" lon="7.757714">
      </trkpt>
      <trkpt lat="46.511147" lon="7.757662">
      </trkpt>
      <trkpt lat="46.51112" lon="7.757636">
      </trkpt>
      <trkpt lat="46.511066" lon="7.757622">
      </trkpt>
      <trkpt lat="46.511039" lon="7.757609">
      </trkpt>
      <trkpt lat="46.511075" lon="7.757518">
      </trkpt>
      <trkpt lat="46.511084" lon="7.757479">
      </trkpt>
      <trkpt lat="46.510994" lon="7.757465">
      </trkpt>
      <trkpt lat="46.510931" lon="7.757517">
      </trkpt>
      <trkpt lat="46.510895" lon="7.757634">
      </trkpt>
      <trkpt lat="46.510858" lon="7.757764">
      </trkpt>
      <trkpt lat="46.510805" lon="7.757634">
      </trkpt>
      <trkpt lat="46.510751" lon="7.757464">
      </trkpt>
      <trkpt lat="46.510724" lon="7.757399">
      </trkpt>
      <trkpt lat="46.510689" lon="7.757333">
      </trkpt>
      <trkpt lat="46.510653" lon="7.757281">
      </trkpt>
      <trkpt lat="46.510626" lon="7.757242">
      </trkpt>
      <trkpt lat="46.51059" lon="7.757189">
      </trkpt>
      <trkpt lat="46.510563" lon="7.757137">
      </trkpt>
      <trkpt lat="46.510573" lon="7.757033">
      </trkpt>
      <trkpt lat="46.510528" lon="7.756928">
      </trkpt>
      <trkpt lat="46.510483" lon="7.756837">
      </trkpt>
      <trkpt lat="46.510439" lon="7.75672">
      </trkpt>
      <trkpt lat="46.510412" lon="7.75655">
      </trkpt>
      <trkpt lat="46.510385" lon="7.756459">
      </trkpt>
      <trkpt lat="46.510341" lon="7.756354">
      </trkpt>
      <trkpt lat="46.510314" lon="7.756237">
      </trkpt>
      <trkpt lat="46.510296" lon="7.756184">
      </trkpt>
      <trkpt lat="46.51026" lon="7.756158">
      </trkpt>
      <trkpt lat="46.510224" lon="7.756145">
      </trkpt>
      <trkpt lat="46.510188" lon="7.756132">
      </trkpt>
      <trkpt lat="46.51017" lon="7.756106">
      </trkpt>
      <trkpt lat="46.510117" lon="7.755988">
      </trkpt>
      <trkpt lat="46.510099" lon="7.755792">
      </trkpt>
      <trkpt lat="46.510072" lon="7.755753">
      </trkpt>
      <trkpt lat="46.510027" lon="7.75574">
      </trkpt>
      <trkpt lat="46.509956" lon="7.755739">
      </trkpt>
      <trkpt lat="46.509884" lon="7.755726">
      </trkpt>
      <trkpt lat="46.509794" lon="7.755647">
      </trkpt>
      <trkpt lat="46.509669" lon="7.755347">
      </trkpt>
      <trkpt lat="46.509588" lon="7.755086">
      </trkpt>
      <trkpt lat="46.509544" lon="7.754929">
      </trkpt>
      <trkpt lat="46.509491" lon="7.754707">
      </trkpt>
      <trkpt lat="46.509464" lon="7.754616">
      </trkpt>
      <trkpt lat="46.509418" lon="7.754538">
      </trkpt>
      <trkpt lat="46.509337" lon="7.754459">
      </trkpt>
      <trkpt lat="46.509283" lon="7.754433">
      </trkpt>
      <trkpt lat="46.509248" lon="7.754393">
      </trkpt>
      <trkpt lat="46.509212" lon="7.75425">
      </trkpt>
      <trkpt lat="46.509025" lon="7.753702">
      </trkpt>
      <trkpt lat="46.508802" lon="7.753023">
      </trkpt>
      <trkpt lat="46.508686" lon="7.752631">
      </trkpt>
      <trkpt lat="46.508677" lon="7.752501">
      </trkpt>
      <trkpt lat="46.508624" lon="7.752331">
      </trkpt>
      <trkpt lat="46.508624" lon="7.752292">
      </trkpt>
      <trkpt lat="46.508615" lon="7.752279">
      </trkpt>
      <trkpt lat="46.508624" lon="7.752266">
      </trkpt>
      <trkpt lat="46.508642" lon="7.752253">
      </trkpt>
      <trkpt lat="46.508651" lon="7.752253">
      </trkpt>
      <trkpt lat="46.508651" lon="7.752201">
      </trkpt>
      <trkpt lat="46.508633" lon="7.752136">
      </trkpt>
      <trkpt lat="46.508624" lon="7.752084">
      </trkpt>
      <trkpt lat="46.508606" lon="7.752005">
      </trkpt>
      <trkpt lat="46.50858" lon="7.751888">
      </trkpt>
      <trkpt lat="46.508562" lon="7.751875">
      </trkpt>
      <trkpt lat="46.508553" lon="7.751849">
      </trkpt>
      <trkpt lat="46.508535" lon="7.751796">
      </trkpt>
      <trkpt lat="46.508535" lon="7.751757">
      </trkpt>
      <trkpt lat="46.508535" lon="7.751705">
      </trkpt>
      <trkpt lat="46.508535" lon="7.751666">
      </trkpt>
      <trkpt lat="46.508527" lon="7.75164">
      </trkpt>
      <trkpt lat="46.508518" lon="7.751601">
      </trkpt>
      <trkpt lat="46.508509" lon="7.751549">
      </trkpt>
      <trkpt lat="46.508491" lon="7.751471">
      </trkpt>
      <trkpt lat="46.508491" lon="7.751431">
      </trkpt>
      <trkpt lat="46.5085" lon="7.751353">
      </trkpt>
      <trkpt lat="46.508501" lon="7.751288">
      </trkpt>
      <trkpt lat="46.50851" lon="7.751275">
      </trkpt>
      <trkpt lat="46.508519" lon="7.751275">
      </trkpt>
      <trkpt lat="46.50851" lon="7.751262">
      </trkpt>
      <trkpt lat="46.508483" lon="7.751275">
      </trkpt>
      <trkpt lat="46.508465" lon="7.751262">
      </trkpt>
      <trkpt lat="46.508465" lon="7.751249">
      </trkpt>
      <trkpt lat="46.508465" lon="7.75121">
      </trkpt>
      <trkpt lat="46.508456" lon="7.751184">
      </trkpt>
      <trkpt lat="46.508429" lon="7.751144">
      </trkpt>
      <trkpt lat="46.508393" lon="7.751079">
      </trkpt>
      <trkpt lat="46.508375" lon="7.75104">
      </trkpt>
      <trkpt lat="46.508357" lon="7.751027">
      </trkpt>
      <trkpt lat="46.508348" lon="7.750988">
      </trkpt>
      <trkpt lat="46.508322" lon="7.750909">
      </trkpt>
      <trkpt lat="46.508313" lon="7.750883">
      </trkpt>
      <trkpt lat="46.508295" lon="7.750857">
      </trkpt>
      <trkpt lat="46.508277" lon="7.750831">
      </trkpt>
      <trkpt lat="46.508277" lon="7.750805">
      </trkpt>
      <trkpt lat="46.508286" lon="7.750805">
      </trkpt>
      <trkpt lat="46.508349" lon="7.750792">
      </trkpt>
      <trkpt lat="46.508403" lon="7.750793">
      </trkpt>
      <trkpt lat="46.50843" lon="7.75078">
      </trkpt>
      <trkpt lat="46.508457" lon="7.750754">
      </trkpt>
      <trkpt lat="46.508466" lon="7.750728">
      </trkpt>
      <trkpt lat="46.508475" lon="7.750715">
      </trkpt>
      <trkpt lat="46.508484" lon="7.750689">
      </trkpt>
      <trkpt lat="46.508493" lon="7.750676">
      </trkpt>
      <trkpt lat="46.508493" lon="7.750663">
      </trkpt>
      <trkpt lat="46.508511" lon="7.75065">
      </trkpt>
      <trkpt lat="46.508511" lon="7.750585">
      </trkpt>
      <trkpt lat="46.508521" lon="7.750533">
      </trkpt>
      <trkpt lat="46.508548" lon="7.750442">
      </trkpt>
      <trkpt lat="46.508548" lon="7.750402">
      </trkpt>
      <trkpt lat="46.508557" lon="7.75035">
      </trkpt>
      <trkpt lat="46.508575" lon="7.750324">
      </trkpt>
      <trkpt lat="46.508593" lon="7.750194">
      </trkpt>
      <trkpt lat="46.508603" lon="7.750116">
      </trkpt>
      <trkpt lat="46.508621" lon="7.750077">
      </trkpt>
      <trkpt lat="46.50863" lon="7.750051">
      </trkpt>
      <trkpt lat="46.508621" lon="7.750038">
      </trkpt>
      <trkpt lat="46.508621" lon="7.750012">
      </trkpt>
      <trkpt lat="46.508621" lon="7.749973">
      </trkpt>
      <trkpt lat="46.508658" lon="7.749726">
      </trkpt>
      <trkpt lat="46.508667" lon="7.749674">
      </trkpt>
      <trkpt lat="46.508667" lon="7.749621">
      </trkpt>
      <trkpt lat="46.508667" lon="7.749504">
      </trkpt>
      <trkpt lat="46.508604" lon="7.749582">
      </trkpt>
      <trkpt lat="46.508559" lon="7.749647">
      </trkpt>
      <trkpt lat="46.508469" lon="7.749711">
      </trkpt>
      <trkpt lat="46.508451" lon="7.749737">
      </trkpt>
      <trkpt lat="46.508433" lon="7.749763">
      </trkpt>
      <trkpt lat="46.508406" lon="7.749763">
      </trkpt>
      <trkpt lat="46.508388" lon="7.749776">
      </trkpt>
      <trkpt lat="46.508361" lon="7.749776">
      </trkpt>
      <trkpt lat="46.508316" lon="7.74975">
      </trkpt>
      <trkpt lat="46.508289" lon="7.749723">
      </trkpt>
      <trkpt lat="46.508262" lon="7.749671">
      </trkpt>
      <trkpt lat="46.508244" lon="7.749632">
      </trkpt>
      <trkpt lat="46.508226" lon="7.749619">
      </trkpt>
      <trkpt lat="46.508199" lon="7.749606">
      </trkpt>
      <trkpt lat="46.508154" lon="7.749592">
      </trkpt>
      <trkpt lat="46.508127" lon="7.749579">
      </trkpt>
      <trkpt lat="46.508118" lon="7.749566">
      </trkpt>
      <trkpt lat="46.508101" lon="7.749527">
      </trkpt>
      <trkpt lat="46.508083" lon="7.749527">
      </trkpt>
      <trkpt lat="46.508065" lon="7.749527">
      </trkpt>
      <trkpt lat="46.508056" lon="7.749527">
      </trkpt>
      <trkpt lat="46.508056" lon="7.749501">
      </trkpt>
      <trkpt lat="46.508056" lon="7.749501">
      </trkpt>
      <trkpt lat="46.508119" lon="7.749423">
      </trkpt>
      <trkpt lat="46.508155" lon="7.749423">
      </trkpt>
      <trkpt lat="46.508173" lon="7.749423">
      </trkpt>
      <trkpt lat="46.508227" lon="7.749371">
      </trkpt>
      <trkpt lat="46.508245" lon="7.749332">
      </trkpt>
      <trkpt lat="46.508263" lon="7.749319">
      </trkpt>
      <trkpt lat="46.50829" lon="7.74932">
      </trkpt>
      <trkpt lat="46.508308" lon="7.74932">
      </trkpt>
      <trkpt lat="46.508326" lon="7.749307">
      </trkpt>
      <trkpt lat="46.508362" lon="7.749216">
      </trkpt>
      <trkpt lat="46.508398" lon="7.749138">
      </trkpt>
      <trkpt lat="46.508426" lon="7.749112">
      </trkpt>
      <trkpt lat="46.508453" lon="7.749086">
      </trkpt>
      <trkpt lat="46.508471" lon="7.74906">
      </trkpt>
      <trkpt lat="46.50848" lon="7.749034">
      </trkpt>
      <trkpt lat="46.50848" lon="7.749021">
      </trkpt>
      <trkpt lat="46.508471" lon="7.749021">
      </trkpt>
      <trkpt lat="46.508462" lon="7.749021">
      </trkpt>
      <trkpt lat="46.508444" lon="7.749021">
      </trkpt>
      <trkpt lat="46.508426" lon="7.749008">
      </trkpt>
      <trkpt lat="46.508417" lon="7.749008">
      </trkpt>
      <trkpt lat="46.508408" lon="7.748995">
      </trkpt>
      <trkpt lat="46.508399" lon="7.748968">
      </trkpt>
      <trkpt lat="46.50839" lon="7.748955">
      </trkpt>
      <trkpt lat="46.508381" lon="7.748942">
      </trkpt>
      <trkpt lat="46.508363" lon="7.748942">
      </trkpt>
      <trkpt lat="46.508345" lon="7.748929">
      </trkpt>
      <trkpt lat="46.508345" lon="7.748929">
      </trkpt>
      <trkpt lat="46.508336" lon="7.748916">
      </trkpt>
      <trkpt lat="46.508345" lon="7.748903">
      </trkpt>
      <trkpt lat="46.508354" lon="7.74889">
      </trkpt>
      <trkpt lat="46.508381" lon="7.748877">
      </trkpt>
      <trkpt lat="46.508408" lon="7.748877">
      </trkpt>
      <trkpt lat="46.508444" lon="7.748878">
      </trkpt>
      <trkpt lat="46.508462" lon="7.748865">
      </trkpt>
      <trkpt lat="46.50848" lon="7.748839">
      </trkpt>
      <trkpt lat="46.508498" lon="7.748813">
      </trkpt>
      <trkpt lat="46.508507" lon="7.748774">
      </trkpt>
      <trkpt lat="46.508525" lon="7.748761">
      </trkpt>
      <trkpt lat="46.508543" lon="7.748748">
      </trkpt>
      <trkpt lat="46.508553" lon="7.748722">
      </trkpt>
      <trkpt lat="46.50858" lon="7.748683">
      </trkpt>
      <trkpt lat="46.50858" lon="7.748644">
      </trkpt>
      <trkpt lat="46.508589" lon="7.748631">
      </trkpt>
      <trkpt lat="46.508616" lon="7.748605">
      </trkpt>
      <trkpt lat="46.508634" lon="7.748579">
      </trkpt>
      <trkpt lat="46.508652" lon="7.748527">
      </trkpt>
      <trkpt lat="46.508679" lon="7.748488">
      </trkpt>
      <trkpt lat="46.508679" lon="7.748475">
      </trkpt>
      <trkpt lat="46.508679" lon="7.748462">
      </trkpt>
      <trkpt lat="46.50867" lon="7.748462">
      </trkpt>
      <trkpt lat="46.508652" lon="7.748462">
      </trkpt>
      <trkpt lat="46.508643" lon="7.748449">
      </trkpt>
      <trkpt lat="46.508634" lon="7.748436">
      </trkpt>
      <trkpt lat="46.508634" lon="7.748423">
      </trkpt>
      <trkpt lat="46.508634" lon="7.748397">
      </trkpt>
      <trkpt lat="46.508652" lon="7.748371">
      </trkpt>
      <trkpt lat="46.508671" lon="7.748293">
      </trkpt>
      <trkpt lat="46.50868" lon="7.74824">
      </trkpt>
      <trkpt lat="46.50868" lon="7.748214">
      </trkpt>
      <trkpt lat="46.508689" lon="7.748188">
      </trkpt>
      <trkpt lat="46.508707" lon="7.748162">
      </trkpt>
      <trkpt lat="46.508707" lon="7.748136">
      </trkpt>
      <trkpt lat="46.508707" lon="7.748123">
      </trkpt>
      <trkpt lat="46.50868" lon="7.748123">
      </trkpt>
      <trkpt lat="46.508617" lon="7.748149">
      </trkpt>
      <trkpt lat="46.508599" lon="7.748175">
      </trkpt>
      <trkpt lat="46.508572" lon="7.748175">
      </trkpt>
      <trkpt lat="46.508545" lon="7.748161">
      </trkpt>
      <trkpt lat="46.508527" lon="7.748161">
      </trkpt>
      <trkpt lat="46.508473" lon="7.748122">
      </trkpt>
      <trkpt lat="46.508464" lon="7.748096">
      </trkpt>
      <trkpt lat="46.508428" lon="7.74807">
      </trkpt>
      <trkpt lat="46.508428" lon="7.748057">
      </trkpt>
      <trkpt lat="46.508428" lon="7.748044">
      </trkpt>
      <trkpt lat="46.508482" lon="7.748018">
      </trkpt>
      <trkpt lat="46.50851" lon="7.747992">
      </trkpt>
      <trkpt lat="46.508519" lon="7.747966">
      </trkpt>
      <trkpt lat="46.508528" lon="7.747966">
      </trkpt>
      <trkpt lat="46.508537" lon="7.74794">
      </trkpt>
      <trkpt lat="46.508546" lon="7.747901">
      </trkpt>
      <trkpt lat="46.508555" lon="7.747862">
      </trkpt>
      <trkpt lat="46.508618" lon="7.747745">
      </trkpt>
      <trkpt lat="46.508654" lon="7.747654">
      </trkpt>
      <trkpt lat="46.5087" lon="7.747485">
      </trkpt>
      <trkpt lat="46.5087" lon="7.747355">
      </trkpt>
      <trkpt lat="46.508709" lon="7.74729">
      </trkpt>
      <trkpt lat="46.508736" lon="7.747238">
      </trkpt>
      <trkpt lat="46.508746" lon="7.747212">
      </trkpt>
      <trkpt lat="46.508755" lon="7.747146">
      </trkpt>
      <trkpt lat="46.508764" lon="7.74712">
      </trkpt>
      <trkpt lat="46.508755" lon="7.747107">
      </trkpt>
      <trkpt lat="46.508746" lon="7.747107">
      </trkpt>
      <trkpt lat="46.508728" lon="7.74712">
      </trkpt>
      <trkpt lat="46.50871" lon="7.74712">
      </trkpt>
      <trkpt lat="46.508701" lon="7.74712">
      </trkpt>
      <trkpt lat="46.508701" lon="7.747094">
      </trkpt>
      <trkpt lat="46.50871" lon="7.747029">
      </trkpt>
      <trkpt lat="46.508728" lon="7.74699">
      </trkpt>
      <trkpt lat="46.508728" lon="7.746977">
      </trkpt>
      <trkpt lat="46.508719" lon="7.746964">
      </trkpt>
      <trkpt lat="46.508719" lon="7.746938">
      </trkpt>
      <trkpt lat="46.508728" lon="7.746925">
      </trkpt>
      <trkpt lat="46.508737" lon="7.746912">
      </trkpt>
      <trkpt lat="46.508728" lon="7.746873">
      </trkpt>
      <trkpt lat="46.508719" lon="7.74686">
      </trkpt>
      <trkpt lat="46.508711" lon="7.746847">
      </trkpt>
      <trkpt lat="46.50872" lon="7.746834">
      </trkpt>
      <trkpt lat="46.508747" lon="7.746821">
      </trkpt>
      <trkpt lat="46.508765" lon="7.746808">
      </trkpt>
      <trkpt lat="46.508774" lon="7.746808">
      </trkpt>
      <trkpt lat="46.508774" lon="7.746769">
      </trkpt>
      <trkpt lat="46.508783" lon="7.746756">
      </trkpt>
      <trkpt lat="46.508792" lon="7.746743">
      </trkpt>
      <trkpt lat="46.508801" lon="7.746743">
      </trkpt>
      <trkpt lat="46.508819" lon="7.746704">
      </trkpt>
      <trkpt lat="46.508837" lon="7.746678">
      </trkpt>
      <trkpt lat="46.508837" lon="7.746639">
      </trkpt>
      <trkpt lat="46.508837" lon="7.746613">
      </trkpt>
      <trkpt lat="46.508828" lon="7.7466">
      </trkpt>
      <trkpt lat="46.508828" lon="7.746495">
      </trkpt>
      <trkpt lat="46.508829" lon="7.746456">
      </trkpt>
      <trkpt lat="46.508838" lon="7.746404">
      </trkpt>
      <trkpt lat="46.508838" lon="7.746339">
      </trkpt>
      <trkpt lat="46.508838" lon="7.746326">
      </trkpt>
      <trkpt lat="46.508856" lon="7.7463">
      </trkpt>
      <trkpt lat="46.508865" lon="7.746248">
      </trkpt>
      <trkpt lat="46.508865" lon="7.74617">
      </trkpt>
      <trkpt lat="46.508856" lon="7.746105">
      </trkpt>
      <trkpt lat="46.508848" lon="7.74604">
      </trkpt>
      <trkpt lat="46.508839" lon="7.746">
      </trkpt>
      <trkpt lat="46.508839" lon="7.745961">
      </trkpt>
      <trkpt lat="46.508839" lon="7.745935">
      </trkpt>
      <trkpt lat="46.50883" lon="7.745883">
      </trkpt>
      <trkpt lat="46.508821" lon="7.745792">
      </trkpt>
      <trkpt lat="46.508803" lon="7.745766">
      </trkpt>
      <trkpt lat="46.508803" lon="7.745753">
      </trkpt>
      <trkpt lat="46.508803" lon="7.74574">
      </trkpt>
      <trkpt lat="46.508804" lon="7.745727">
      </trkpt>
      <trkpt lat="46.508804" lon="7.745714">
      </trkpt>
      <trkpt lat="46.508795" lon="7.745713">
      </trkpt>
      <trkpt lat="46.508777" lon="7.7457">
      </trkpt>
      <trkpt lat="46.508777" lon="7.745674">
      </trkpt>
      <trkpt lat="46.508786" lon="7.745635">
      </trkpt>
      <trkpt lat="46.508786" lon="7.745609">
      </trkpt>
      <trkpt lat="46.508768" lon="7.745557">
      </trkpt>
      <trkpt lat="46.508768" lon="7.745518">
      </trkpt>
      <trkpt lat="46.508777" lon="7.745479">
      </trkpt>
      <trkpt lat="46.508786" lon="7.745453">
      </trkpt>
      <trkpt lat="46.508787" lon="7.745323">
      </trkpt>
      <trkpt lat="46.508778" lon="7.745283">
      </trkpt>
      <trkpt lat="46.508769" lon="7.745244">
      </trkpt>
      <trkpt lat="46.508769" lon="7.745166">
      </trkpt>
      <trkpt lat="46.50876" lon="7.745075">
      </trkpt>
      <trkpt lat="46.50876" lon="7.745036">
      </trkpt>
      <trkpt lat="46.50877" lon="7.744945">
      </trkpt>
      <trkpt lat="46.508761" lon="7.744879">
      </trkpt>
      <trkpt lat="46.508761" lon="7.744801">
      </trkpt>
      <trkpt lat="46.508779" lon="7.744749">
      </trkpt>
      <trkpt lat="46.508797" lon="7.744671">
      </trkpt>
      <trkpt lat="46.508797" lon="7.744632">
      </trkpt>
      <trkpt lat="46.508789" lon="7.74458">
      </trkpt>
      <trkpt lat="46.508789" lon="7.744554">
      </trkpt>
      <trkpt lat="46.508798" lon="7.744541">
      </trkpt>
      <trkpt lat="46.508816" lon="7.744528">
      </trkpt>
      <trkpt lat="46.508834" lon="7.744476">
      </trkpt>
      <trkpt lat="46.508843" lon="7.74445">
      </trkpt>
      <trkpt lat="46.508834" lon="7.744385">
      </trkpt>
      <trkpt lat="46.508843" lon="7.744294">
      </trkpt>
      <trkpt lat="46.508852" lon="7.744268">
      </trkpt>
      <trkpt lat="46.508852" lon="7.744242">
      </trkpt>
      <trkpt lat="46.508862" lon="7.744189">
      </trkpt>
      <trkpt lat="46.508862" lon="7.744163">
      </trkpt>
      <trkpt lat="46.508844" lon="7.744124">
      </trkpt>
      <trkpt lat="46.508853" lon="7.744111">
      </trkpt>
      <trkpt lat="46.508853" lon="7.744059">
      </trkpt>
      <trkpt lat="46.508853" lon="7.744046">
      </trkpt>
      <trkpt lat="46.508844" lon="7.744033">
      </trkpt>
      <trkpt lat="46.508844" lon="7.743968">
      </trkpt>
      <trkpt lat="46.508853" lon="7.743942">
      </trkpt>
      <trkpt lat="46.508853" lon="7.743916">
      </trkpt>
      <trkpt lat="46.508862" lon="7.74389">
      </trkpt>
      <trkpt lat="46.508863" lon="7.743825">
      </trkpt>
      <trkpt lat="46.508872" lon="7.743799">
      </trkpt>
      <trkpt lat="46.50889" lon="7.743786">
      </trkpt>
      <trkpt lat="46.50889" lon="7.74376">
      </trkpt>
      <trkpt lat="46.50889" lon="7.743747">
      </trkpt>
      <trkpt lat="46.508872" lon="7.743721">
      </trkpt>
      <trkpt lat="46.508872" lon="7.743694">
      </trkpt>
      <trkpt lat="46.508863" lon="7.743681">
      </trkpt>
      <trkpt lat="46.508854" lon="7.743655">
      </trkpt>
      <trkpt lat="46.508854" lon="7.743629">
      </trkpt>
      <trkpt lat="46.508863" lon="7.74359">
      </trkpt>
      <trkpt lat="46.508872" lon="7.743538">
      </trkpt>
      <trkpt lat="46.508891" lon="7.743473">
      </trkpt>
      <trkpt lat="46.5089" lon="7.743434">
      </trkpt>
      <trkpt lat="46.5089" lon="7.743421">
      </trkpt>
      <trkpt lat="46.5089" lon="7.743395">
      </trkpt>
      <trkpt lat="46.5089" lon="7.743382">
      </trkpt>
      <trkpt lat="46.508891" lon="7.743356">
      </trkpt>
      <trkpt lat="46.508882" lon="7.743317">
      </trkpt>
      <trkpt lat="46.508864" lon="7.743277">
      </trkpt>
      <trkpt lat="46.508855" lon="7.743238">
      </trkpt>
      <trkpt lat="46.508846" lon="7.743225">
      </trkpt>
      <trkpt lat="46.508837" lon="7.743212">
      </trkpt>
      <trkpt lat="46.508837" lon="7.743186">
      </trkpt>
      <trkpt lat="46.508837" lon="7.743173">
      </trkpt>
      <trkpt lat="46.508828" lon="7.74316">
      </trkpt>
      <trkpt lat="46.508828" lon="7.743147">
      </trkpt>
      <trkpt lat="46.508837" lon="7.743121">
      </trkpt>
      <trkpt lat="46.508829" lon="7.743108">
      </trkpt>
      <trkpt lat="46.50882" lon="7.743082">
      </trkpt>
      <trkpt lat="46.508811" lon="7.743095">
      </trkpt>
      <trkpt lat="46.508802" lon="7.743095">
      </trkpt>
      <trkpt lat="46.508793" lon="7.743095">
      </trkpt>
      <trkpt lat="46.508793" lon="7.743069">
      </trkpt>
      <trkpt lat="46.508793" lon="7.743043">
      </trkpt>
      <trkpt lat="46.508784" lon="7.743016">
      </trkpt>
      <trkpt lat="46.508775" lon="7.743003">
      </trkpt>
      <trkpt lat="46.508757" lon="7.74299">
      </trkpt>
      <trkpt lat="46.50873" lon="7.742977">
      </trkpt>
      <trkpt lat="46.508712" lon="7.74299">
      </trkpt>
      <trkpt lat="46.508703" lon="7.743003">
      </trkpt>
      <trkpt lat="46.508685" lon="7.743042">
      </trkpt>
      <trkpt lat="46.508685" lon="7.743042">
      </trkpt>
      <trkpt lat="46.508676" lon="7.743042">
      </trkpt>
      <trkpt lat="46.508667" lon="7.743029">
      </trkpt>
      <trkpt lat="46.508658" lon="7.743003">
      </trkpt>
      <trkpt lat="46.508649" lon="7.742964">
      </trkpt>
      <trkpt lat="46.50864" lon="7.742937">
      </trkpt>
      <trkpt lat="46.508622" lon="7.742911">
      </trkpt>
      <trkpt lat="46.508604" lon="7.742872">
      </trkpt>
      <trkpt lat="46.508595" lon="7.74282">
      </trkpt>
      <trkpt lat="46.508577" lon="7.742807">
      </trkpt>
      <trkpt lat="46.508568" lon="7.742794">
      </trkpt>
      <trkpt lat="46.508578" lon="7.742768">
      </trkpt>
      <trkpt lat="46.508578" lon="7.742755">
      </trkpt>
      <trkpt lat="46.508569" lon="7.742716">
      </trkpt>
      <trkpt lat="46.50856" lon="7.742702">
      </trkpt>
      <trkpt lat="46.50856" lon="7.742663">
      </trkpt>
      <trkpt lat="46.508551" lon="7.742585">
      </trkpt>
      <trkpt lat="46.50856" lon="7.742559">
      </trkpt>
      <trkpt lat="46.508578" lon="7.742533">
      </trkpt>
      <trkpt lat="46.508578" lon="7.742507">
      </trkpt>
      <trkpt lat="46.508569" lon="7.742494">
      </trkpt>
      <trkpt lat="46.50856" lon="7.742481">
      </trkpt>
      <trkpt lat="46.508551" lon="7.742468">
      </trkpt>
      <trkpt lat="46.508542" lon="7.742455">
      </trkpt>
      <trkpt lat="46.508524" lon="7.742442">
      </trkpt>
      <trkpt lat="46.508516" lon="7.742416">
      </trkpt>
      <trkpt lat="46.508516" lon="7.74239">
      </trkpt>
      <trkpt lat="46.508525" lon="7.742351">
      </trkpt>
      <trkpt lat="46.508489" lon="7.742337">
      </trkpt>
      <trkpt lat="46.508489" lon="7.742324">
      </trkpt>
      <trkpt lat="46.508489" lon="7.742311">
      </trkpt>
      <trkpt lat="46.50848" lon="7.742285">
      </trkpt>
      <trkpt lat="46.508462" lon="7.742285">
      </trkpt>
      <trkpt lat="46.508435" lon="7.742259">
      </trkpt>
      <trkpt lat="46.508417" lon="7.742259">
      </trkpt>
      <trkpt lat="46.508399" lon="7.742246">
      </trkpt>
      <trkpt lat="46.508381" lon="7.742206">
      </trkpt>
      <trkpt lat="46.508372" lon="7.742206">
      </trkpt>
      <trkpt lat="46.508354" lon="7.74218">
      </trkpt>
      <trkpt lat="46.508354" lon="7.742167">
      </trkpt>
      <trkpt lat="46.508345" lon="7.742141">
      </trkpt>
      <trkpt lat="46.508363" lon="7.742089">
      </trkpt>
      <trkpt lat="46.508364" lon="7.742076">
      </trkpt>
      <trkpt lat="46.508355" lon="7.742063">
      </trkpt>
      <trkpt lat="46.508337" lon="7.742037">
      </trkpt>
      <trkpt lat="46.508337" lon="7.742037">
      </trkpt>
      <trkpt lat="46.508328" lon="7.741998">
      </trkpt>
      <trkpt lat="46.508337" lon="7.741959">
      </trkpt>
      <trkpt lat="46.508328" lon="7.741946">
      </trkpt>
      <trkpt lat="46.508301" lon="7.741932">
      </trkpt>
      <trkpt lat="46.508292" lon="7.741919">
      </trkpt>
      <trkpt lat="46.508283" lon="7.74188">
      </trkpt>
      <trkpt lat="46.508283" lon="7.741854">
      </trkpt>
      <trkpt lat="46.50831" lon="7.741789">
      </trkpt>
      <trkpt lat="46.508311" lon="7.741711">
      </trkpt>
      <trkpt lat="46.508311" lon="7.741594">
      </trkpt>
      <trkpt lat="46.508275" lon="7.741528">
      </trkpt>
      <trkpt lat="46.508204" lon="7.74115">
      </trkpt>
      <trkpt lat="46.508186" lon="7.740994">
      </trkpt>
      <trkpt lat="46.508178" lon="7.740772">
      </trkpt>
      <trkpt lat="46.50817" lon="7.740564">
      </trkpt>
      <trkpt lat="46.50817" lon="7.740342">
      </trkpt>
      <trkpt lat="46.508162" lon="7.740042">
      </trkpt>
      <trkpt lat="46.508172" lon="7.739847">
      </trkpt>
      <trkpt lat="46.508199" lon="7.739704">
      </trkpt>
      <trkpt lat="46.508298" lon="7.739548">
      </trkpt>
      <trkpt lat="46.508361" lon="7.739444">
      </trkpt>
      <trkpt lat="46.508398" lon="7.739379">
      </trkpt>
      <trkpt lat="46.508443" lon="7.739327">
      </trkpt>
      <trkpt lat="46.508479" lon="7.739288">
      </trkpt>
      <trkpt lat="46.508461" lon="7.739262">
      </trkpt>
      <trkpt lat="46.508416" lon="7.739262">
      </trkpt>
      <trkpt lat="46.508389" lon="7.739249">
      </trkpt>
      <trkpt lat="46.508416" lon="7.739223">
      </trkpt>
      <trkpt lat="46.508488" lon="7.739171">
      </trkpt>
      <trkpt lat="46.508515" lon="7.739132">
      </trkpt>
      <trkpt lat="46.50856" lon="7.739094">
      </trkpt>
      <trkpt lat="46.508578" lon="7.739068">
      </trkpt>
      <trkpt lat="46.508605" lon="7.739029">
      </trkpt>
      <trkpt lat="46.508633" lon="7.739003">
      </trkpt>
      <trkpt lat="46.508642" lon="7.739003">
      </trkpt>
      <trkpt lat="46.508651" lon="7.73899">
      </trkpt>
      <trkpt lat="46.508669" lon="7.738964">
      </trkpt>
      <trkpt lat="46.508696" lon="7.738925">
      </trkpt>
      <trkpt lat="46.508705" lon="7.738899">
      </trkpt>
      <trkpt lat="46.508714" lon="7.738847">
      </trkpt>
      <trkpt lat="46.508732" lon="7.738808">
      </trkpt>
      <trkpt lat="46.508795" lon="7.738704">
      </trkpt>
      <trkpt lat="46.508822" lon="7.738678">
      </trkpt>
      <trkpt lat="46.508858" lon="7.738639">
      </trkpt>
      <trkpt lat="46.508948" lon="7.738588">
      </trkpt>
      <trkpt lat="46.508957" lon="7.738575">
      </trkpt>
      <trkpt lat="46.508967" lon="7.738562">
      </trkpt>
      <trkpt lat="46.508985" lon="7.738523">
      </trkpt>
      <trkpt lat="46.509012" lon="7.738458">
      </trkpt>
      <trkpt lat="46.509057" lon="7.738393">
      </trkpt>
      <trkpt lat="46.509084" lon="7.738354">
      </trkpt>
      <trkpt lat="46.509129" lon="7.738289">
      </trkpt>
      <trkpt lat="46.509147" lon="7.738237">
      </trkpt>
      <trkpt lat="46.509165" lon="7.738198">
      </trkpt>
      <trkpt lat="46.509192" lon="7.738159">
      </trkpt>
      <trkpt lat="46.509202" lon="7.738146">
      </trkpt>
      <trkpt lat="46.50922" lon="7.738107">
      </trkpt>
      <trkpt lat="46.509238" lon="7.738081">
      </trkpt>
      <trkpt lat="46.509247" lon="7.738042">
      </trkpt>
      <trkpt lat="46.509265" lon="7.73799">
      </trkpt>
      <trkpt lat="46.509274" lon="7.737964">
      </trkpt>
      <trkpt lat="46.50931" lon="7.737964">
      </trkpt>
      <trkpt lat="46.509328" lon="7.737938">
      </trkpt>
      <trkpt lat="46.509337" lon="7.737886">
      </trkpt>
      <trkpt lat="46.509346" lon="7.737847">
      </trkpt>
      <trkpt lat="46.509355" lon="7.737821">
      </trkpt>
      <trkpt lat="46.509391" lon="7.737795">
      </trkpt>
      <trkpt lat="46.5094" lon="7.737769">
      </trkpt>
      <trkpt lat="46.509428" lon="7.737704">
      </trkpt>
      <trkpt lat="46.509428" lon="7.737691">
      </trkpt>
      <trkpt lat="46.509419" lon="7.737665">
      </trkpt>
      <trkpt lat="46.509419" lon="7.737652">
      </trkpt>
      <trkpt lat="46.509419" lon="7.737626">
      </trkpt>
      <trkpt lat="46.509446" lon="7.737613">
      </trkpt>
      <trkpt lat="46.509482" lon="7.737587">
      </trkpt>
      <trkpt lat="46.5095" lon="7.737561">
      </trkpt>
      <trkpt lat="46.509509" lon="7.737535">
      </trkpt>
      <trkpt lat="46.509509" lon="7.737522">
      </trkpt>
      <trkpt lat="46.509491" lon="7.737483">
      </trkpt>
      <trkpt lat="46.509482" lon="7.737444">
      </trkpt>
      <trkpt lat="46.509482" lon="7.737418">
      </trkpt>
      <trkpt lat="46.5095" lon="7.737379">
      </trkpt>
      <trkpt lat="46.509527" lon="7.73734">
      </trkpt>
      <trkpt lat="46.509555" lon="7.737288">
      </trkpt>
      <trkpt lat="46.509555" lon="7.737197">
      </trkpt>
      <trkpt lat="46.509537" lon="7.737132">
      </trkpt>
      <trkpt lat="46.509528" lon="7.737079">
      </trkpt>
      <trkpt lat="46.509528" lon="7.737027">
      </trkpt>
      <trkpt lat="46.50951" lon="7.737001">
      </trkpt>
      <trkpt lat="46.509501" lon="7.737001">
      </trkpt>
      <trkpt lat="46.509502" lon="7.736949">
      </trkpt>
      <trkpt lat="46.509538" lon="7.73691">
      </trkpt>
      <trkpt lat="46.509538" lon="7.736884">
      </trkpt>
      <trkpt lat="46.509538" lon="7.736832">
      </trkpt>
      <trkpt lat="46.509529" lon="7.736806">
      </trkpt>
      <trkpt lat="46.50952" lon="7.736793">
      </trkpt>
      <trkpt lat="46.509493" lon="7.736766">
      </trkpt>
      <trkpt lat="46.509475" lon="7.736779">
      </trkpt>
      <trkpt lat="46.509448" lon="7.736766">
      </trkpt>
      <trkpt lat="46.509439" lon="7.736753">
      </trkpt>
      <trkpt lat="46.50943" lon="7.73674">
      </trkpt>
      <trkpt lat="46.509448" lon="7.736714">
      </trkpt>
      <trkpt lat="46.509448" lon="7.736688">
      </trkpt>
      <trkpt lat="46.509448" lon="7.736649">
      </trkpt>
      <trkpt lat="46.509439" lon="7.736623">
      </trkpt>
      <trkpt lat="46.509341" lon="7.736505">
      </trkpt>
      <trkpt lat="46.509305" lon="7.736479">
      </trkpt>
      <trkpt lat="46.509278" lon="7.736466">
      </trkpt>
      <trkpt lat="46.509179" lon="7.736465">
      </trkpt>
      <trkpt lat="46.509107" lon="7.736465">
      </trkpt>
      <trkpt lat="46.509089" lon="7.736465">
      </trkpt>
      <trkpt lat="46.509053" lon="7.736464">
      </trkpt>
      <trkpt lat="46.509026" lon="7.736464">
      </trkpt>
      <trkpt lat="46.509017" lon="7.736451">
      </trkpt>
      <trkpt lat="46.508999" lon="7.736451">
      </trkpt>
      <trkpt lat="46.508999" lon="7.736451">
      </trkpt>
      <trkpt lat="46.508927" lon="7.736386">
      </trkpt>
      <trkpt lat="46.508927" lon="7.736386">
      </trkpt>
      <trkpt lat="46.508918" lon="7.736372">
      </trkpt>
      <trkpt lat="46.508909" lon="7.736359">
      </trkpt>
      <trkpt lat="46.508892" lon="7.736294">
      </trkpt>
      <trkpt lat="46.508874" lon="7.736255">
      </trkpt>
      <trkpt lat="46.508883" lon="7.736229">
      </trkpt>
      <trkpt lat="46.508901" lon="7.736138">
      </trkpt>
      <trkpt lat="46.50891" lon="7.736125">
      </trkpt>
      <trkpt lat="46.508937" lon="7.736112">
      </trkpt>
      <trkpt lat="46.508946" lon="7.736099">
      </trkpt>
      <trkpt lat="46.508946" lon="7.73606">
      </trkpt>
      <trkpt lat="46.508946" lon="7.736034">
      </trkpt>
      <trkpt lat="46.508955" lon="7.736021">
      </trkpt>
      <trkpt lat="46.508946" lon="7.736008">
      </trkpt>
      <trkpt lat="46.508937" lon="7.735969">
      </trkpt>
      <trkpt lat="46.508946" lon="7.735943">
      </trkpt>
      <trkpt lat="46.508946" lon="7.735917">
      </trkpt>
      <trkpt lat="46.508938" lon="7.735877">
      </trkpt>
      <trkpt lat="46.50892" lon="7.735864">
      </trkpt>
      <trkpt lat="46.508902" lon="7.735838">
      </trkpt>
      <trkpt lat="46.508875" lon="7.735838">
      </trkpt>
      <trkpt lat="46.508866" lon="7.735825">
      </trkpt>
      <trkpt lat="46.508857" lon="7.735812">
      </trkpt>
      <trkpt lat="46.508839" lon="7.735812">
      </trkpt>
      <trkpt lat="46.508821" lon="7.735786">
      </trkpt>
      <trkpt lat="46.508785" lon="7.735772">
      </trkpt>
      <trkpt lat="46.508776" lon="7.735759">
      </trkpt>
      <trkpt lat="46.508776" lon="7.735733">
      </trkpt>
      <trkpt lat="46.508767" lon="7.735694">
      </trkpt>
      <trkpt lat="46.508767" lon="7.73559">
      </trkpt>
      <trkpt lat="46.508777" lon="7.735486">
      </trkpt>
      <trkpt lat="46.508786" lon="7.73546">
      </trkpt>
      <trkpt lat="46.508804" lon="7.735408">
      </trkpt>
      <trkpt lat="46.508795" lon="7.735382">
      </trkpt>
      <trkpt lat="46.508786" lon="7.735303">
      </trkpt>
      <trkpt lat="46.508786" lon="7.735277">
      </trkpt>
      <trkpt lat="46.508786" lon="7.735251">
      </trkpt>
      <trkpt lat="46.508769" lon="7.735134">
      </trkpt>
      <trkpt lat="46.508742" lon="7.735056">
      </trkpt>
      <trkpt lat="46.508742" lon="7.735043">
      </trkpt>
      <trkpt lat="46.508742" lon="7.73503">
      </trkpt>
      <trkpt lat="46.508751" lon="7.735004">
      </trkpt>
      <trkpt lat="46.50876" lon="7.734977">
      </trkpt>
      <trkpt lat="46.50876" lon="7.734951">
      </trkpt>
      <trkpt lat="46.50876" lon="7.734951">
      </trkpt>
      <trkpt lat="46.508751" lon="7.734886">
      </trkpt>
      <trkpt lat="46.508751" lon="7.734821">
      </trkpt>
      <trkpt lat="46.508752" lon="7.734678">
      </trkpt>
      <trkpt lat="46.508761" lon="7.734639">
      </trkpt>
      <trkpt lat="46.508779" lon="7.734587">
      </trkpt>
      <trkpt lat="46.508806" lon="7.734535">
      </trkpt>
      <trkpt lat="46.508824" lon="7.734496">
      </trkpt>
      <trkpt lat="46.508851" lon="7.734431">
      </trkpt>
      <trkpt lat="46.508851" lon="7.734418">
      </trkpt>
      <trkpt lat="46.508851" lon="7.734392">
      </trkpt>
      <trkpt lat="46.508843" lon="7.734353">
      </trkpt>
      <trkpt lat="46.508843" lon="7.734327">
      </trkpt>
      <trkpt lat="46.508861" lon="7.734288">
      </trkpt>
      <trkpt lat="46.508888" lon="7.734262">
      </trkpt>
      <trkpt lat="46.508915" lon="7.734197">
      </trkpt>
      <trkpt lat="46.508915" lon="7.734184">
      </trkpt>
      <trkpt lat="46.508915" lon="7.734171">
      </trkpt>
      <trkpt lat="46.508906" lon="7.734131">
      </trkpt>
      <trkpt lat="46.508897" lon="7.734118">
      </trkpt>
      <trkpt lat="46.508888" lon="7.734105">
      </trkpt>
      <trkpt lat="46.508888" lon="7.734092">
      </trkpt>
      <trkpt lat="46.508888" lon="7.734066">
      </trkpt>
      <trkpt lat="46.508915" lon="7.734014">
      </trkpt>
      <trkpt lat="46.508925" lon="7.733988">
      </trkpt>
      <trkpt lat="46.508916" lon="7.733949">
      </trkpt>
      <trkpt lat="46.508898" lon="7.733871">
      </trkpt>
      <trkpt lat="46.508898" lon="7.733845">
      </trkpt>
      <trkpt lat="46.508907" lon="7.733793">
      </trkpt>
      <trkpt lat="46.508934" lon="7.733715">
      </trkpt>
      <trkpt lat="46.508997" lon="7.73365">
      </trkpt>
      <trkpt lat="46.509006" lon="7.733624">
      </trkpt>
      <trkpt lat="46.509016" lon="7.733585">
      </trkpt>
      <trkpt lat="46.509016" lon="7.733559">
      </trkpt>
      <trkpt lat="46.509007" lon="7.733533">
      </trkpt>
      <trkpt lat="46.508989" lon="7.733493">
      </trkpt>
      <trkpt lat="46.508971" lon="7.733454">
      </trkpt>
      <trkpt lat="46.508935" lon="7.733428">
      </trkpt>
      <trkpt lat="46.508917" lon="7.733415">
      </trkpt>
      <trkpt lat="46.508908" lon="7.733415">
      </trkpt>
      <trkpt lat="46.508872" lon="7.733467">
      </trkpt>
      <trkpt lat="46.508863" lon="7.73348">
      </trkpt>
      <trkpt lat="46.508845" lon="7.733493">
      </trkpt>
      <trkpt lat="46.508827" lon="7.73348">
      </trkpt>
      <trkpt lat="46.5088" lon="7.733492">
      </trkpt>
      <trkpt lat="46.508773" lon="7.733518">
      </trkpt>
      <trkpt lat="46.508755" lon="7.733557">
      </trkpt>
      <trkpt lat="46.508719" lon="7.733609">
      </trkpt>
      <trkpt lat="46.508683" lon="7.733635">
      </trkpt>
      <trkpt lat="46.508655" lon="7.733674">
      </trkpt>
      <trkpt lat="46.508628" lon="7.733687">
      </trkpt>
      <trkpt lat="46.508592" lon="7.7337">
      </trkpt>
      <trkpt lat="46.508556" lon="7.7337">
      </trkpt>
      <trkpt lat="46.508538" lon="7.733712">
      </trkpt>
      <trkpt lat="46.508502" lon="7.733738">
      </trkpt>
      <trkpt lat="46.508475" lon="7.733751">
      </trkpt>
      <trkpt lat="46.508421" lon="7.733764">
      </trkpt>
      <trkpt lat="46.508394" lon="7.733751">
      </trkpt>
      <trkpt lat="46.508367" lon="7.733738">
      </trkpt>
      <trkpt lat="46.508358" lon="7.733725">
      </trkpt>
      <trkpt lat="46.50835" lon="7.733698">
      </trkpt>
      <trkpt lat="46.50835" lon="7.733646">
      </trkpt>
      <trkpt lat="46.508341" lon="7.73362">
      </trkpt>
      <trkpt lat="46.508323" lon="7.733594">
      </trkpt>
      <trkpt lat="46.508305" lon="7.733581">
      </trkpt>
      <trkpt lat="46.508278" lon="7.733581">
      </trkpt>
      <trkpt lat="46.508269" lon="7.733581">
      </trkpt>
      <trkpt lat="46.508242" lon="7.733633">
      </trkpt>
      <trkpt lat="46.508187" lon="7.73375">
      </trkpt>
      <trkpt lat="46.508151" lon="7.733776">
      </trkpt>
      <trkpt lat="46.508115" lon="7.73384">
      </trkpt>
      <trkpt lat="46.508106" lon="7.73388">
      </trkpt>
      <trkpt lat="46.508088" lon="7.733945">
      </trkpt>
      <trkpt lat="46.50807" lon="7.733984">
      </trkpt>
      <trkpt lat="46.508034" lon="7.734009">
      </trkpt>
      <trkpt lat="46.507935" lon="7.734061">
      </trkpt>
      <trkpt lat="46.50789" lon="7.734087">
      </trkpt>
      <trkpt lat="46.507818" lon="7.734178">
      </trkpt>
      <trkpt lat="46.507808" lon="7.734204">
      </trkpt>
      <trkpt lat="46.507799" lon="7.73423">
      </trkpt>
      <trkpt lat="46.50779" lon="7.734321">
      </trkpt>
      <trkpt lat="46.507781" lon="7.73436">
      </trkpt>
      <trkpt lat="46.507763" lon="7.734386">
      </trkpt>
      <trkpt lat="46.507736" lon="7.734438">
      </trkpt>
      <trkpt lat="46.507718" lon="7.734464">
      </trkpt>
      <trkpt lat="46.5077" lon="7.734477">
      </trkpt>
      <trkpt lat="46.507682" lon="7.734463">
      </trkpt>
      <trkpt lat="46.507664" lon="7.734463">
      </trkpt>
      <trkpt lat="46.507637" lon="7.73445">
      </trkpt>
      <trkpt lat="46.507637" lon="7.734437">
      </trkpt>
      <trkpt lat="46.507628" lon="7.734424">
      </trkpt>
      <trkpt lat="46.507637" lon="7.734398">
      </trkpt>
      <trkpt lat="46.507646" lon="7.734385">
      </trkpt>
      <trkpt lat="46.507673" lon="7.734359">
      </trkpt>
      <trkpt lat="46.507691" lon="7.734346">
      </trkpt>
      <trkpt lat="46.507709" lon="7.734333">
      </trkpt>
      <trkpt lat="46.507727" lon="7.734281">
      </trkpt>
      <trkpt lat="46.507745" lon="7.734229">
      </trkpt>
      <trkpt lat="46.507791" lon="7.734086">
      </trkpt>
      <trkpt lat="46.507818" lon="7.734047">
      </trkpt>
      <trkpt lat="46.507827" lon="7.734021">
      </trkpt>
      <trkpt lat="46.507845" lon="7.733995">
      </trkpt>
      <trkpt lat="46.507854" lon="7.733982">
      </trkpt>
      <trkpt lat="46.507854" lon="7.733956">
      </trkpt>
      <trkpt lat="46.507836" lon="7.733943">
      </trkpt>
      <trkpt lat="46.507809" lon="7.733943">
      </trkpt>
      <trkpt lat="46.507737" lon="7.733982">
      </trkpt>
      <trkpt lat="46.507719" lon="7.733982">
      </trkpt>
      <trkpt lat="46.50771" lon="7.733969">
      </trkpt>
      <trkpt lat="46.50771" lon="7.733956">
      </trkpt>
      <trkpt lat="46.507719" lon="7.733916">
      </trkpt>
      <trkpt lat="46.507746" lon="7.733865">
      </trkpt>
      <trkpt lat="46.507774" lon="7.733813">
      </trkpt>
      <trkpt lat="46.507828" lon="7.733748">
      </trkpt>
      <trkpt lat="46.507909" lon="7.733644">
      </trkpt>
      <trkpt lat="46.507927" lon="7.733618">
      </trkpt>
      <trkpt lat="46.507945" lon="7.733566">
      </trkpt>
      <trkpt lat="46.507954" lon="7.733501">
      </trkpt>
      <trkpt lat="46.507963" lon="7.733475">
      </trkpt>
      <trkpt lat="46.507954" lon="7.733449">
      </trkpt>
      <trkpt lat="46.507936" lon="7.733436">
      </trkpt>
      <trkpt lat="46.507918" lon="7.733449">
      </trkpt>
      <trkpt lat="46.507882" lon="7.733474">
      </trkpt>
      <trkpt lat="46.507855" lon="7.733474">
      </trkpt>
      <trkpt lat="46.507819" lon="7.733461">
      </trkpt>
      <trkpt lat="46.507757" lon="7.733422">
      </trkpt>
      <trkpt lat="46.507685" lon="7.733408">
      </trkpt>
      <trkpt lat="46.507649" lon="7.733395">
      </trkpt>
      <trkpt lat="46.507604" lon="7.733395">
      </trkpt>
      <trkpt lat="46.507532" lon="7.73342">
      </trkpt>
      <trkpt lat="46.507514" lon="7.73342">
      </trkpt>
      <trkpt lat="46.507459" lon="7.733524">
      </trkpt>
      <trkpt lat="46.507441" lon="7.733524">
      </trkpt>
      <trkpt lat="46.507405" lon="7.73355">
      </trkpt>
      <trkpt lat="46.507351" lon="7.733589">
      </trkpt>
      <trkpt lat="46.507279" lon="7.733667">
      </trkpt>
      <trkpt lat="46.507252" lon="7.733719">
      </trkpt>
      <trkpt lat="46.507234" lon="7.733744">
      </trkpt>
      <trkpt lat="46.507207" lon="7.733783">
      </trkpt>
      <trkpt lat="46.50718" lon="7.733835">
      </trkpt>
      <trkpt lat="46.507162" lon="7.733835">
      </trkpt>
      <trkpt lat="46.507144" lon="7.733861">
      </trkpt>
      <trkpt lat="46.507117" lon="7.7339">
      </trkpt>
      <trkpt lat="46.50709" lon="7.733939">
      </trkpt>
      <trkpt lat="46.507062" lon="7.733965">
      </trkpt>
      <trkpt lat="46.506963" lon="7.73403">
      </trkpt>
      <trkpt lat="46.506927" lon="7.734042">
      </trkpt>
      <trkpt lat="46.506882" lon="7.734068">
      </trkpt>
      <trkpt lat="46.506855" lon="7.734081">
      </trkpt>
      <trkpt lat="46.506837" lon="7.734081">
      </trkpt>
      <trkpt lat="46.506819" lon="7.734081">
      </trkpt>
      <trkpt lat="46.506819" lon="7.734068">
      </trkpt>
      <trkpt lat="46.506819" lon="7.734029">
      </trkpt>
      <trkpt lat="46.506865" lon="7.733938">
      </trkpt>
      <trkpt lat="46.506937" lon="7.733782">
      </trkpt>
      <trkpt lat="46.506946" lon="7.733743">
      </trkpt>
      <trkpt lat="46.506964" lon="7.733678">
      </trkpt>
      <trkpt lat="46.506973" lon="7.733639">
      </trkpt>
      <trkpt lat="46.506992" lon="7.733574">
      </trkpt>
      <trkpt lat="46.506992" lon="7.733522">
      </trkpt>
      <trkpt lat="46.50701" lon="7.73347">
      </trkpt>
      <trkpt lat="46.507019" lon="7.733431">
      </trkpt>
      <trkpt lat="46.507046" lon="7.733392">
      </trkpt>
      <trkpt lat="46.507091" lon="7.733327">
      </trkpt>
      <trkpt lat="46.5071" lon="7.733301">
      </trkpt>
      <trkpt lat="46.507101" lon="7.733171">
      </trkpt>
      <trkpt lat="46.507119" lon="7.733105">
      </trkpt>
      <trkpt lat="46.507128" lon="7.73304">
      </trkpt>
      <trkpt lat="46.507146" lon="7.733014">
      </trkpt>
      <trkpt lat="46.507155" lon="7.732988">
      </trkpt>
      <trkpt lat="46.507164" lon="7.732962">
      </trkpt>
      <trkpt lat="46.507155" lon="7.732949">
      </trkpt>
      <trkpt lat="46.507137" lon="7.732936">
      </trkpt>
      <trkpt lat="46.507074" lon="7.732949">
      </trkpt>
      <trkpt lat="46.507002" lon="7.732975">
      </trkpt>
      <trkpt lat="46.506939" lon="7.732974">
      </trkpt>
      <trkpt lat="46.506894" lon="7.732974">
      </trkpt>
      <trkpt lat="46.506822" lon="7.732948">
      </trkpt>
      <trkpt lat="46.506741" lon="7.732934">
      </trkpt>
      <trkpt lat="46.50666" lon="7.732934">
      </trkpt>
      <trkpt lat="46.506525" lon="7.732946">
      </trkpt>
      <trkpt lat="46.506417" lon="7.732958">
      </trkpt>
      <trkpt lat="46.506354" lon="7.732984">
      </trkpt>
      <trkpt lat="46.5063" lon="7.732997">
      </trkpt>
      <trkpt lat="46.506246" lon="7.733036">
      </trkpt>
      <trkpt lat="46.50621" lon="7.733048">
      </trkpt>
      <trkpt lat="46.506174" lon="7.733048">
      </trkpt>
      <trkpt lat="46.506138" lon="7.733048">
      </trkpt>
      <trkpt lat="46.506111" lon="7.733035">
      </trkpt>
      <trkpt lat="46.506111" lon="7.733035">
      </trkpt>
      <trkpt lat="46.506129" lon="7.73297">
      </trkpt>
      <trkpt lat="46.50613" lon="7.732931">
      </trkpt>
      <trkpt lat="46.50613" lon="7.732879">
      </trkpt>
      <trkpt lat="46.506139" lon="7.73284">
      </trkpt>
      <trkpt lat="46.506157" lon="7.732788">
      </trkpt>
      <trkpt lat="46.506157" lon="7.732762">
      </trkpt>
      <trkpt lat="46.506157" lon="7.732748">
      </trkpt>
      <trkpt lat="46.506157" lon="7.732735">
      </trkpt>
      <trkpt lat="46.506148" lon="7.732722">
      </trkpt>
      <trkpt lat="46.50613" lon="7.732722">
      </trkpt>
      <trkpt lat="46.506094" lon="7.732735">
      </trkpt>
      <trkpt lat="46.506031" lon="7.732761">
      </trkpt>
      <trkpt lat="46.505932" lon="7.732773">
      </trkpt>
      <trkpt lat="46.505806" lon="7.732747">
      </trkpt>
      <trkpt lat="46.505779" lon="7.732733">
      </trkpt>
      <trkpt lat="46.505761" lon="7.732707">
      </trkpt>
      <trkpt lat="46.505735" lon="7.732603">
      </trkpt>
      <trkpt lat="46.505735" lon="7.732564">
      </trkpt>
      <trkpt lat="46.505735" lon="7.732512">
      </trkpt>
      <trkpt lat="46.505735" lon="7.73246">
      </trkpt>
      <trkpt lat="46.505717" lon="7.732381">
      </trkpt>
      <trkpt lat="46.505717" lon="7.732277">
      </trkpt>
      <trkpt lat="46.5057" lon="7.732225">
      </trkpt>
      <trkpt lat="46.505682" lon="7.732186">
      </trkpt>
      <trkpt lat="46.505655" lon="7.732133">
      </trkpt>
      <trkpt lat="46.505628" lon="7.732107">
      </trkpt>
      <trkpt lat="46.505592" lon="7.732094">
      </trkpt>
      <trkpt lat="46.505556" lon="7.732081">
      </trkpt>
      <trkpt lat="46.50552" lon="7.732068">
      </trkpt>
      <trkpt lat="46.505493" lon="7.732028">
      </trkpt>
      <trkpt lat="46.505457" lon="7.732002">
      </trkpt>
      <trkpt lat="46.50543" lon="7.731976">
      </trkpt>
      <trkpt lat="46.505421" lon="7.73195">
      </trkpt>
      <trkpt lat="46.505413" lon="7.731924">
      </trkpt>
      <trkpt lat="46.505413" lon="7.731898">
      </trkpt>
      <trkpt lat="46.505422" lon="7.731846">
      </trkpt>
      <trkpt lat="46.505431" lon="7.731807">
      </trkpt>
      <trkpt lat="46.505458" lon="7.731729">
      </trkpt>
      <trkpt lat="46.505458" lon="7.731702">
      </trkpt>
      <trkpt lat="46.505449" lon="7.731611">
      </trkpt>
      <trkpt lat="46.505432" lon="7.73152">
      </trkpt>
      <trkpt lat="46.505423" lon="7.731468">
      </trkpt>
      <trkpt lat="46.505414" lon="7.731442">
      </trkpt>
      <trkpt lat="46.505405" lon="7.731403">
      </trkpt>
      <trkpt lat="46.505387" lon="7.731389">
      </trkpt>
      <trkpt lat="46.505378" lon="7.731376">
      </trkpt>
      <trkpt lat="46.505369" lon="7.731324">
      </trkpt>
      <trkpt lat="46.505351" lon="7.731272">
      </trkpt>
      <trkpt lat="46.505333" lon="7.731207">
      </trkpt>
      <trkpt lat="46.505315" lon="7.731181">
      </trkpt>
      <trkpt lat="46.505289" lon="7.731141">
      </trkpt>
      <trkpt lat="46.505253" lon="7.731115">
      </trkpt>
      <trkpt lat="46.505235" lon="7.731089">
      </trkpt>
      <trkpt lat="46.505226" lon="7.731063">
      </trkpt>
      <trkpt lat="46.505217" lon="7.731037">
      </trkpt>
      <trkpt lat="46.505208" lon="7.731011">
      </trkpt>
      <trkpt lat="46.505199" lon="7.731011">
      </trkpt>
      <trkpt lat="46.505145" lon="7.730997">
      </trkpt>
      <trkpt lat="46.505118" lon="7.730971">
      </trkpt>
      <trkpt lat="46.505091" lon="7.730945">
      </trkpt>
      <trkpt lat="46.505073" lon="7.730906">
      </trkpt>
      <trkpt lat="46.505047" lon="7.730827">
      </trkpt>
      <trkpt lat="46.505038" lon="7.730723">
      </trkpt>
      <trkpt lat="46.505038" lon="7.730645">
      </trkpt>
      <trkpt lat="46.505038" lon="7.730606">
      </trkpt>
      <trkpt lat="46.505029" lon="7.730541">
      </trkpt>
      <trkpt lat="46.505011" lon="7.730462">
      </trkpt>
      <trkpt lat="46.504994" lon="7.730436">
      </trkpt>
      <trkpt lat="46.504949" lon="7.730397">
      </trkpt>
      <trkpt lat="46.504931" lon="7.730371">
      </trkpt>
      <trkpt lat="46.504913" lon="7.730332">
      </trkpt>
      <trkpt lat="46.504913" lon="7.730306">
      </trkpt>
      <trkpt lat="46.504913" lon="7.730266">
      </trkpt>
      <trkpt lat="46.504913" lon="7.730227">
      </trkpt>
      <trkpt lat="46.504895" lon="7.730175">
      </trkpt>
      <trkpt lat="46.504877" lon="7.730136">
      </trkpt>
      <trkpt lat="46.504806" lon="7.730018">
      </trkpt>
      <trkpt lat="46.50477" lon="7.729953">
      </trkpt>
      <trkpt lat="46.504743" lon="7.729901">
      </trkpt>
      <trkpt lat="46.504734" lon="7.729757">
      </trkpt>
      <trkpt lat="46.504744" lon="7.729614">
      </trkpt>
      <trkpt lat="46.504753" lon="7.729601">
      </trkpt>
      <trkpt lat="46.504771" lon="7.729588">
      </trkpt>
      <trkpt lat="46.504825" lon="7.729562">
      </trkpt>
      <trkpt lat="46.504852" lon="7.729524">
      </trkpt>
      <trkpt lat="46.504852" lon="7.729524">
      </trkpt>
      <trkpt lat="46.504915" lon="7.729459">
      </trkpt>
      <trkpt lat="46.504915" lon="7.729459">
      </trkpt>
      <trkpt lat="46.504915" lon="7.729446">
      </trkpt>
      <trkpt lat="46.504924" lon="7.729433">
      </trkpt>
      <trkpt lat="46.504915" lon="7.729407">
      </trkpt>
      <trkpt lat="46.504915" lon="7.729381">
      </trkpt>
      <trkpt lat="46.504888" lon="7.729328">
      </trkpt>
      <trkpt lat="46.504862" lon="7.72925">
      </trkpt>
      <trkpt lat="46.504835" lon="7.729185">
      </trkpt>
      <trkpt lat="46.504826" lon="7.729159">
      </trkpt>
      <trkpt lat="46.504853" lon="7.729068">
      </trkpt>
      <trkpt lat="46.504853" lon="7.729041">
      </trkpt>
      <trkpt lat="46.504844" lon="7.729002">
      </trkpt>
      <trkpt lat="46.504835" lon="7.728976">
      </trkpt>
      <trkpt lat="46.504844" lon="7.728924">
      </trkpt>
      <trkpt lat="46.504845" lon="7.728885">
      </trkpt>
      <trkpt lat="46.504845" lon="7.728833">
      </trkpt>
      <trkpt lat="46.504836" lon="7.728794">
      </trkpt>
      <trkpt lat="46.504818" lon="7.728742">
      </trkpt>
      <trkpt lat="46.5048" lon="7.728716">
      </trkpt>
      <trkpt lat="46.504773" lon="7.728676">
      </trkpt>
      <trkpt lat="46.504746" lon="7.728663">
      </trkpt>
      <trkpt lat="46.504719" lon="7.728663">
      </trkpt>
      <trkpt lat="46.504683" lon="7.728624">
      </trkpt>
      <trkpt lat="46.504674" lon="7.728598">
      </trkpt>
      <trkpt lat="46.504666" lon="7.728558">
      </trkpt>
      <trkpt lat="46.504666" lon="7.72848">
      </trkpt>
      <trkpt lat="46.504657" lon="7.728415">
      </trkpt>
      <trkpt lat="46.504639" lon="7.728337">
      </trkpt>
      <trkpt lat="46.504639" lon="7.728298">
      </trkpt>
      <trkpt lat="46.504657" lon="7.728233">
      </trkpt>
      <trkpt lat="46.504684" lon="7.728168">
      </trkpt>
      <trkpt lat="46.504694" lon="7.728116">
      </trkpt>
      <trkpt lat="46.504694" lon="7.72809">
      </trkpt>
      <trkpt lat="46.504685" lon="7.728064">
      </trkpt>
      <trkpt lat="46.504676" lon="7.72805">
      </trkpt>
      <trkpt lat="46.50464" lon="7.728037">
      </trkpt>
      <trkpt lat="46.504604" lon="7.728037">
      </trkpt>
      <trkpt lat="46.504568" lon="7.72805">
      </trkpt>
      <trkpt lat="46.50455" lon="7.728037">
      </trkpt>
      <trkpt lat="46.504514" lon="7.72801">
      </trkpt>
      <trkpt lat="46.504406" lon="7.727867">
      </trkpt>
      <trkpt lat="46.504371" lon="7.727814">
      </trkpt>
      <trkpt lat="46.504335" lon="7.727736">
      </trkpt>
      <trkpt lat="46.504299" lon="7.727671">
      </trkpt>
      <trkpt lat="46.504263" lon="7.727605">
      </trkpt>
      <trkpt lat="46.504236" lon="7.727501">
      </trkpt>
      <trkpt lat="46.504201" lon="7.727397">
      </trkpt>
      <trkpt lat="46.504174" lon="7.727331">
      </trkpt>
      <trkpt lat="46.504156" lon="7.727292">
      </trkpt>
      <trkpt lat="46.504147" lon="7.727188">
      </trkpt>
      <trkpt lat="46.504148" lon="7.727058">
      </trkpt>
      <trkpt lat="46.504094" lon="7.726875">
      </trkpt>
      <trkpt lat="46.504058" lon="7.726783">
      </trkpt>
      <trkpt lat="46.50404" lon="7.726757">
      </trkpt>
      <trkpt lat="46.50404" lon="7.726731">
      </trkpt>
      <trkpt lat="46.50405" lon="7.726705">
      </trkpt>
      <trkpt lat="46.504077" lon="7.726679">
      </trkpt>
      <trkpt lat="46.504086" lon="7.726653">
      </trkpt>
      <trkpt lat="46.504095" lon="7.726614">
      </trkpt>
      <trkpt lat="46.504095" lon="7.726588">
      </trkpt>
      <trkpt lat="46.504077" lon="7.726562">
      </trkpt>
      <trkpt lat="46.504059" lon="7.726536">
      </trkpt>
      <trkpt lat="46.504041" lon="7.726536">
      </trkpt>
      <trkpt lat="46.503996" lon="7.726523">
      </trkpt>
      <trkpt lat="46.50396" lon="7.726509">
      </trkpt>
      <trkpt lat="46.503933" lon="7.72647">
      </trkpt>
      <trkpt lat="46.50387" lon="7.726392">
      </trkpt>
      <trkpt lat="46.503835" lon="7.726352">
      </trkpt>
      <trkpt lat="46.503781" lon="7.7263">
      </trkpt>
      <trkpt lat="46.503718" lon="7.726182">
      </trkpt>
      <trkpt lat="46.503709" lon="7.726156">
      </trkpt>
      <trkpt lat="46.5037" lon="7.726091">
      </trkpt>
      <trkpt lat="46.503673" lon="7.726013">
      </trkpt>
      <trkpt lat="46.503647" lon="7.725934">
      </trkpt>
      <trkpt lat="46.503602" lon="7.725843">
      </trkpt>
      <trkpt lat="46.503575" lon="7.725765">
      </trkpt>
      <trkpt lat="46.503548" lon="7.725673">
      </trkpt>
      <trkpt lat="46.503513" lon="7.725608">
      </trkpt>
      <trkpt lat="46.503504" lon="7.725569">
      </trkpt>
      <trkpt lat="46.503504" lon="7.725504">
      </trkpt>
      <trkpt lat="46.503504" lon="7.725426">
      </trkpt>
      <trkpt lat="46.503504" lon="7.725374">
      </trkpt>
      <trkpt lat="46.503522" lon="7.725256">
      </trkpt>
      <trkpt lat="46.503522" lon="7.72523">
      </trkpt>
      <trkpt lat="46.503523" lon="7.725204">
      </trkpt>
      <trkpt lat="46.503505" lon="7.725191">
      </trkpt>
      <trkpt lat="46.503478" lon="7.725178">
      </trkpt>
      <trkpt lat="46.503451" lon="7.725178">
      </trkpt>
      <trkpt lat="46.503415" lon="7.725178">
      </trkpt>
      <trkpt lat="46.503388" lon="7.725164">
      </trkpt>
      <trkpt lat="46.503361" lon="7.725125">
      </trkpt>
      <trkpt lat="46.503343" lon="7.725086">
      </trkpt>
      <trkpt lat="46.503325" lon="7.725021">
      </trkpt>
      <trkpt lat="46.503325" lon="7.724969">
      </trkpt>
      <trkpt lat="46.503334" lon="7.724891">
      </trkpt>
      <trkpt lat="46.50338" lon="7.724695">
      </trkpt>
      <trkpt lat="46.503389" lon="7.724591">
      </trkpt>
      <trkpt lat="46.503398" lon="7.724526">
      </trkpt>
      <trkpt lat="46.503399" lon="7.724448">
      </trkpt>
      <trkpt lat="46.503399" lon="7.724383">
      </trkpt>
      <trkpt lat="46.503417" lon="7.724266">
      </trkpt>
      <trkpt lat="46.503408" lon="7.724227">
      </trkpt>
      <trkpt lat="46.50339" lon="7.7242">
      </trkpt>
      <trkpt lat="46.503372" lon="7.724187">
      </trkpt>
      <trkpt lat="46.503318" lon="7.724148">
      </trkpt>
      <trkpt lat="46.5033" lon="7.724135">
      </trkpt>
      <trkpt lat="46.503291" lon="7.724096">
      </trkpt>
      <trkpt lat="46.503283" lon="7.723991">
      </trkpt>
      <trkpt lat="46.503274" lon="7.723848">
      </trkpt>
      <trkpt lat="46.503265" lon="7.723783">
      </trkpt>
      <trkpt lat="46.503247" lon="7.723718">
      </trkpt>
      <trkpt lat="46.503239" lon="7.723652">
      </trkpt>
      <trkpt lat="46.503239" lon="7.723587">
      </trkpt>
      <trkpt lat="46.503221" lon="7.723535">
      </trkpt>
      <trkpt lat="46.503212" lon="7.723457">
      </trkpt>
      <trkpt lat="46.503203" lon="7.723366">
      </trkpt>
      <trkpt lat="46.503185" lon="7.723313">
      </trkpt>
      <trkpt lat="46.503168" lon="7.723274">
      </trkpt>
      <trkpt lat="46.50306" lon="7.723143">
      </trkpt>
      <trkpt lat="46.503015" lon="7.723065">
      </trkpt>
      <trkpt lat="46.502979" lon="7.722987">
      </trkpt>
      <trkpt lat="46.502962" lon="7.722921">
      </trkpt>
      <trkpt lat="46.502962" lon="7.722882">
      </trkpt>
      <trkpt lat="46.502971" lon="7.722817">
      </trkpt>
      <trkpt lat="46.502971" lon="7.722739">
      </trkpt>
      <trkpt lat="46.502944" lon="7.722622">
      </trkpt>
      <trkpt lat="46.502926" lon="7.72257">
      </trkpt>
      <trkpt lat="46.502909" lon="7.722478">
      </trkpt>
      <trkpt lat="46.502882" lon="7.722387">
      </trkpt>
      <trkpt lat="46.502864" lon="7.722361">
      </trkpt>
      <trkpt lat="46.502837" lon="7.722335">
      </trkpt>
      <trkpt lat="46.50272" lon="7.722295">
      </trkpt>
      <trkpt lat="46.502675" lon="7.722269">
      </trkpt>
      <trkpt lat="46.502639" lon="7.722229">
      </trkpt>
      <trkpt lat="46.502604" lon="7.722177">
      </trkpt>
      <trkpt lat="46.502568" lon="7.722112">
      </trkpt>
      <trkpt lat="46.50255" lon="7.722033">
      </trkpt>
      <trkpt lat="46.502523" lon="7.721929">
      </trkpt>
      <trkpt lat="46.502523" lon="7.721864">
      </trkpt>
      <trkpt lat="46.502515" lon="7.721773">
      </trkpt>
      <trkpt lat="46.502506" lon="7.721682">
      </trkpt>
      <trkpt lat="46.502488" lon="7.721616">
      </trkpt>
      <trkpt lat="46.502461" lon="7.721525">
      </trkpt>
      <trkpt lat="46.502408" lon="7.72142">
      </trkpt>
      <trkpt lat="46.502372" lon="7.721329">
      </trkpt>
      <trkpt lat="46.502354" lon="7.721251">
      </trkpt>
      <trkpt lat="46.502354" lon="7.721199">
      </trkpt>
      <trkpt lat="46.502363" lon="7.721134">
      </trkpt>
      <trkpt lat="46.502363" lon="7.721055">
      </trkpt>
      <trkpt lat="46.502355" lon="7.721003">
      </trkpt>
      <trkpt lat="46.502301" lon="7.720873">
      </trkpt>
      <trkpt lat="46.502292" lon="7.720808">
      </trkpt>
      <trkpt lat="46.502257" lon="7.720664">
      </trkpt>
      <trkpt lat="46.502248" lon="7.720573">
      </trkpt>
      <trkpt lat="46.502248" lon="7.720534">
      </trkpt>
      <trkpt lat="46.50223" lon="7.720442">
      </trkpt>
      <trkpt lat="46.50223" lon="7.72039">
      </trkpt>
      <trkpt lat="46.50223" lon="7.720351">
      </trkpt>
      <trkpt lat="46.502285" lon="7.720156">
      </trkpt>
      <trkpt lat="46.502339" lon="7.720039">
      </trkpt>
      <trkpt lat="46.502339" lon="7.720013">
      </trkpt>
      <trkpt lat="46.50233" lon="7.719987">
      </trkpt>
      <trkpt lat="46.502321" lon="7.719974">
      </trkpt>
      <trkpt lat="46.502294" lon="7.719948">
      </trkpt>
      <trkpt lat="46.502285" lon="7.719935">
      </trkpt>
      <trkpt lat="46.502267" lon="7.719896">
      </trkpt>
      <trkpt lat="46.502241" lon="7.71983">
      </trkpt>
      <trkpt lat="46.502178" lon="7.719726">
      </trkpt>
      <trkpt lat="46.502169" lon="7.719674">
      </trkpt>
      <trkpt lat="46.502151" lon="7.719582">
      </trkpt>
      <trkpt lat="46.502142" lon="7.71953">
      </trkpt>
      <trkpt lat="46.502125" lon="7.719452">
      </trkpt>
      <trkpt lat="46.502107" lon="7.719321">
      </trkpt>
      <trkpt lat="46.502107" lon="7.719269">
      </trkpt>
      <trkpt lat="46.502107" lon="7.719204">
      </trkpt>
      <trkpt lat="46.502125" lon="7.719126">
      </trkpt>
      <trkpt lat="46.502135" lon="7.719048">
      </trkpt>
      <trkpt lat="46.502126" lon="7.718944">
      </trkpt>
      <trkpt lat="46.502126" lon="7.718892">
      </trkpt>
      <trkpt lat="46.502126" lon="7.718853">
      </trkpt>
      <trkpt lat="46.502135" lon="7.718814">
      </trkpt>
      <trkpt lat="46.502117" lon="7.718748">
      </trkpt>
      <trkpt lat="46.502118" lon="7.718631">
      </trkpt>
      <trkpt lat="46.502109" lon="7.718553">
      </trkpt>
      <trkpt lat="46.502091" lon="7.718449">
      </trkpt>
      <trkpt lat="46.502073" lon="7.718383">
      </trkpt>
      <trkpt lat="46.502064" lon="7.718318">
      </trkpt>
      <trkpt lat="46.502065" lon="7.71824">
      </trkpt>
      <trkpt lat="46.50202" lon="7.717979">
      </trkpt>
      <trkpt lat="46.501949" lon="7.717849">
      </trkpt>
      <trkpt lat="46.501922" lon="7.717757">
      </trkpt>
      <trkpt lat="46.501922" lon="7.717614">
      </trkpt>
      <trkpt lat="46.501949" lon="7.71751">
      </trkpt>
      <trkpt lat="46.501959" lon="7.717471">
      </trkpt>
      <trkpt lat="46.501959" lon="7.717419">
      </trkpt>
      <trkpt lat="46.501959" lon="7.717419">
      </trkpt>
      <trkpt lat="46.501914" lon="7.717392">
      </trkpt>
      <trkpt lat="46.501869" lon="7.71734">
      </trkpt>
      <trkpt lat="46.501842" lon="7.717288">
      </trkpt>
      <trkpt lat="46.501788" lon="7.717196">
      </trkpt>
      <trkpt lat="46.501744" lon="7.717092">
      </trkpt>
      <trkpt lat="46.501708" lon="7.717027">
      </trkpt>
      <trkpt lat="46.501681" lon="7.716974">
      </trkpt>
      <trkpt lat="46.501645" lon="7.716922">
      </trkpt>
      <trkpt lat="46.501618" lon="7.716896">
      </trkpt>
      <trkpt lat="46.501618" lon="7.716896">
      </trkpt>
      <trkpt lat="46.501528" lon="7.71683">
      </trkpt>
      <trkpt lat="46.501448" lon="7.716726">
      </trkpt>
      <trkpt lat="46.501385" lon="7.716621">
      </trkpt>
      <trkpt lat="46.50134" lon="7.716517">
      </trkpt>
      <trkpt lat="46.501304" lon="7.716399">
      </trkpt>
      <trkpt lat="46.501278" lon="7.716321">
      </trkpt>
      <trkpt lat="46.501242" lon="7.716256">
      </trkpt>
      <trkpt lat="46.501197" lon="7.716203">
      </trkpt>
      <trkpt lat="46.501152" lon="7.71619">
      </trkpt>
      <trkpt lat="46.501107" lon="7.716203">
      </trkpt>
      <trkpt lat="46.500972" lon="7.716267">
      </trkpt>
      <trkpt lat="46.500927" lon="7.716267">
      </trkpt>
      <trkpt lat="46.500882" lon="7.71628">
      </trkpt>
      <trkpt lat="46.500837" lon="7.716293">
      </trkpt>
      <trkpt lat="46.500801" lon="7.716319">
      </trkpt>
      <trkpt lat="46.500765" lon="7.716331">
      </trkpt>
      <trkpt lat="46.500729" lon="7.716344">
      </trkpt>
      <trkpt lat="46.500702" lon="7.716331">
      </trkpt>
      <trkpt lat="46.500666" lon="7.716305">
      </trkpt>
      <trkpt lat="46.500594" lon="7.716252">
      </trkpt>
      <trkpt lat="46.500594" lon="7.716252">
      </trkpt>
      <trkpt lat="46.50054" lon="7.716252">
      </trkpt>
      <trkpt lat="46.500486" lon="7.716265">
      </trkpt>
      <trkpt lat="46.500432" lon="7.716265">
      </trkpt>
      <trkpt lat="46.500351" lon="7.716277">
      </trkpt>
      <trkpt lat="46.500306" lon="7.71629">
      </trkpt>
      <trkpt lat="46.500261" lon="7.716303">
      </trkpt>
      <trkpt lat="46.500225" lon="7.716316">
      </trkpt>
      <trkpt lat="46.500225" lon="7.716316">
      </trkpt>
      <trkpt lat="46.500063" lon="7.716432">
      </trkpt>
      <trkpt lat="46.499946" lon="7.716549">
      </trkpt>
      <trkpt lat="46.499801" lon="7.716704">
      </trkpt>
      <trkpt lat="46.499684" lon="7.716847">
      </trkpt>
      <trkpt lat="46.499531" lon="7.717029">
      </trkpt>
      <trkpt lat="46.499396" lon="7.717145">
      </trkpt>
      <trkpt lat="46.499287" lon="7.717223">
      </trkpt>
      <trkpt lat="46.499197" lon="7.717261">
      </trkpt>
      <trkpt lat="46.499098" lon="7.717274">
      </trkpt>
      <trkpt lat="46.499008" lon="7.71726">
      </trkpt>
      <trkpt lat="46.498883" lon="7.717221">
      </trkpt>
      <trkpt lat="46.498802" lon="7.717142">
      </trkpt>
      <trkpt lat="46.49873" lon="7.71705">
      </trkpt>
      <trkpt lat="46.498623" lon="7.716881">
      </trkpt>
      <trkpt lat="46.498569" lon="7.716776">
      </trkpt>
      <trkpt lat="46.498524" lon="7.716685">
      </trkpt>
      <trkpt lat="46.498497" lon="7.716567">
      </trkpt>
      <trkpt lat="46.49848" lon="7.716463">
      </trkpt>
      <trkpt lat="46.498471" lon="7.716346">
      </trkpt>
      <trkpt lat="46.498444" lon="7.716176">
      </trkpt>
      <trkpt lat="46.498418" lon="7.716046">
      </trkpt>
      <trkpt lat="46.498364" lon="7.715772">
      </trkpt>
      <trkpt lat="46.498329" lon="7.715707">
      </trkpt>
      <trkpt lat="46.498275" lon="7.715628">
      </trkpt>
      <trkpt lat="46.498212" lon="7.715563">
      </trkpt>
      <trkpt lat="46.498131" lon="7.715497">
      </trkpt>
      <trkpt lat="46.498041" lon="7.715432">
      </trkpt>
      <trkpt lat="46.497844" lon="7.7153">
      </trkpt>
      <trkpt lat="46.497727" lon="7.71513">
      </trkpt>
      <trkpt lat="46.497548" lon="7.714882">
      </trkpt>
      <trkpt lat="46.49753" lon="7.714778">
      </trkpt>
      <trkpt lat="46.49753" lon="7.714687">
      </trkpt>
      <trkpt lat="46.497531" lon="7.714582">
      </trkpt>
      <trkpt lat="46.497513" lon="7.714504">
      </trkpt>
      <trkpt lat="46.497504" lon="7.714452">
      </trkpt>
      <trkpt lat="46.497495" lon="7.714387">
      </trkpt>
      <trkpt lat="46.497495" lon="7.714387">
      </trkpt>
      <trkpt lat="46.49745" lon="7.714348">
      </trkpt>
      <trkpt lat="46.497378" lon="7.714282">
      </trkpt>
      <trkpt lat="46.497289" lon="7.714177">
      </trkpt>
      <trkpt lat="46.497262" lon="7.714112">
      </trkpt>
      <trkpt lat="46.497253" lon="7.714034">
      </trkpt>
      <trkpt lat="46.49729" lon="7.713734">
      </trkpt>
      <trkpt lat="46.497281" lon="7.713604">
      </trkpt>
      <trkpt lat="46.497281" lon="7.713604">
      </trkpt>
      <trkpt lat="46.497245" lon="7.713526">
      </trkpt>
      <trkpt lat="46.497219" lon="7.713474">
      </trkpt>
      <trkpt lat="46.497219" lon="7.713448">
      </trkpt>
      <trkpt lat="46.497219" lon="7.713448">
      </trkpt>
      <trkpt lat="46.497156" lon="7.713356">
      </trkpt>
      <trkpt lat="46.497039" lon="7.713238">
      </trkpt>
      <trkpt lat="46.496985" lon="7.713147">
      </trkpt>
      <trkpt lat="46.496923" lon="7.712977">
      </trkpt>
      <trkpt lat="46.496923" lon="7.712977">
      </trkpt>
      <trkpt lat="46.496923" lon="7.712964">
      </trkpt>
      <trkpt lat="46.496878" lon="7.712873">
      </trkpt>
      <trkpt lat="46.496842" lon="7.71282">
      </trkpt>
      <trkpt lat="46.496753" lon="7.712729">
      </trkpt>
      <trkpt lat="46.49669" lon="7.712611">
      </trkpt>
      <trkpt lat="46.496645" lon="7.712481">
      </trkpt>
      <trkpt lat="46.49661" lon="7.712324">
      </trkpt>
      <trkpt lat="46.496592" lon="7.712129">
      </trkpt>
      <trkpt lat="46.496565" lon="7.711998">
      </trkpt>
      <trkpt lat="46.49653" lon="7.711894">
      </trkpt>
      <trkpt lat="46.496467" lon="7.711763">
      </trkpt>
      <trkpt lat="46.496369" lon="7.711568">
      </trkpt>
      <trkpt lat="46.496288" lon="7.711359">
      </trkpt>
      <trkpt lat="46.496288" lon="7.711359">
      </trkpt>
      <trkpt lat="46.496252" lon="7.711241">
      </trkpt>
      <trkpt lat="46.496181" lon="7.711098">
      </trkpt>
      <trkpt lat="46.496163" lon="7.711019">
      </trkpt>
      <trkpt lat="46.496163" lon="7.711019">
      </trkpt>
      <trkpt lat="46.496154" lon="7.710889">
      </trkpt>
      <trkpt lat="46.496128" lon="7.710641">
      </trkpt>
      <trkpt lat="46.49611" lon="7.710459">
      </trkpt>
      <trkpt lat="46.496119" lon="7.710368">
      </trkpt>
      <trkpt lat="46.496147" lon="7.710277">
      </trkpt>
      <trkpt lat="46.49621" lon="7.710134">
      </trkpt>
      <trkpt lat="46.496291" lon="7.709965">
      </trkpt>
      <trkpt lat="46.496346" lon="7.709796">
      </trkpt>
      <trkpt lat="46.496382" lon="7.709718">
      </trkpt>
      <trkpt lat="46.496436" lon="7.709627">
      </trkpt>
      <trkpt lat="46.496472" lon="7.709549">
      </trkpt>
      <trkpt lat="46.496481" lon="7.709458">
      </trkpt>
      <trkpt lat="46.496482" lon="7.709367">
      </trkpt>
      <trkpt lat="46.496464" lon="7.709106">
      </trkpt>
      <trkpt lat="46.496464" lon="7.709106">
      </trkpt>
      <trkpt lat="46.496447" lon="7.70895">
      </trkpt>
      <trkpt lat="46.496429" lon="7.708871">
      </trkpt>
      <trkpt lat="46.496393" lon="7.70878">
      </trkpt>
      <trkpt lat="46.496393" lon="7.70878">
      </trkpt>
      <trkpt lat="46.496357" lon="7.708702">
      </trkpt>
      <trkpt lat="46.496313" lon="7.708636">
      </trkpt>
      <trkpt lat="46.496313" lon="7.708636">
      </trkpt>
      <trkpt lat="46.496259" lon="7.708532">
      </trkpt>
      <trkpt lat="46.496232" lon="7.708454">
      </trkpt>
      <trkpt lat="46.496223" lon="7.708362">
      </trkpt>
      <trkpt lat="46.496197" lon="7.708193">
      </trkpt>
      <trkpt lat="46.496161" lon="7.708049">
      </trkpt>
      <trkpt lat="46.49609" lon="7.70775">
      </trkpt>
      <trkpt lat="46.496036" lon="7.707606">
      </trkpt>
      <trkpt lat="46.496" lon="7.707528">
      </trkpt>
      <trkpt lat="46.495956" lon="7.707449">
      </trkpt>
      <trkpt lat="46.495956" lon="7.707449">
      </trkpt>
      <trkpt lat="46.495974" lon="7.707423">
      </trkpt>
      <trkpt lat="46.495974" lon="7.707384">
      </trkpt>
      <trkpt lat="46.495974" lon="7.707319">
      </trkpt>
      <trkpt lat="46.495938" lon="7.707254">
      </trkpt>
      <trkpt lat="46.495866" lon="7.707123">
      </trkpt>
      <trkpt lat="46.495606" lon="7.706718">
      </trkpt>
      <trkpt lat="46.495409" lon="7.706418">
      </trkpt>
      <trkpt lat="46.495275" lon="7.706248">
      </trkpt>
      <trkpt lat="46.495149" lon="7.706117">
      </trkpt>
      <trkpt lat="46.495041" lon="7.706012">
      </trkpt>
      <trkpt lat="46.494952" lon="7.705842">
      </trkpt>
      <trkpt lat="46.494791" lon="7.705385">
      </trkpt>
      <trkpt lat="46.494648" lon="7.70502">
      </trkpt>
      <trkpt lat="46.494532" lon="7.704642">
      </trkpt>
      <trkpt lat="46.494398" lon="7.704289">
      </trkpt>
      <trkpt lat="46.494362" lon="7.704159">
      </trkpt>
      <trkpt lat="46.494335" lon="7.704068">
      </trkpt>
      <trkpt lat="46.494335" lon="7.704068">
      </trkpt>
      <trkpt lat="46.494326" lon="7.70395">
      </trkpt>
      <trkpt lat="46.494318" lon="7.703807">
      </trkpt>
      <trkpt lat="46.494318" lon="7.703573">
      </trkpt>
      <trkpt lat="46.49431" lon="7.703299">
      </trkpt>
      <trkpt lat="46.494311" lon="7.703065">
      </trkpt>
      <trkpt lat="46.494338" lon="7.70283">
      </trkpt>
      <trkpt lat="46.494374" lon="7.702674">
      </trkpt>
      <trkpt lat="46.494429" lon="7.702557">
      </trkpt>
      <trkpt lat="46.494528" lon="7.702506">
      </trkpt>
      <trkpt lat="46.494717" lon="7.702506">
      </trkpt>
      <trkpt lat="46.494798" lon="7.702494">
      </trkpt>
      <trkpt lat="46.494852" lon="7.702481">
      </trkpt>
      <trkpt lat="46.494906" lon="7.702416">
      </trkpt>
      <trkpt lat="46.495077" lon="7.70217">
      </trkpt>
      <trkpt lat="46.495077" lon="7.70217">
      </trkpt>
      <trkpt lat="46.495104" lon="7.70217">
      </trkpt>
      <trkpt lat="46.49514" lon="7.702157">
      </trkpt>
      <trkpt lat="46.495176" lon="7.702105">
      </trkpt>
      <trkpt lat="46.495203" lon="7.702053">
      </trkpt>
      <trkpt lat="46.495231" lon="7.701975">
      </trkpt>
      <trkpt lat="46.495258" lon="7.70191">
      </trkpt>
      <trkpt lat="46.495303" lon="7.701884">
      </trkpt>
      <trkpt lat="46.49533" lon="7.701845">
      </trkpt>
      <trkpt lat="46.495366" lon="7.701754">
      </trkpt>
      <trkpt lat="46.495402" lon="7.701624">
      </trkpt>
      <trkpt lat="46.495457" lon="7.701533">
      </trkpt>
      <trkpt lat="46.495538" lon="7.701403">
      </trkpt>
      <trkpt lat="46.495592" lon="7.701325">
      </trkpt>
      <trkpt lat="46.495637" lon="7.701195">
      </trkpt>
      <trkpt lat="46.495728" lon="7.701026">
      </trkpt>
      <trkpt lat="46.495773" lon="7.700909">
      </trkpt>
      <trkpt lat="46.495782" lon="7.700805">
      </trkpt>
      <trkpt lat="46.495773" lon="7.700766">
      </trkpt>
      <trkpt lat="46.495728" lon="7.700675">
      </trkpt>
      <trkpt lat="46.495693" lon="7.700596">
      </trkpt>
      <trkpt lat="46.495684" lon="7.700531">
      </trkpt>
      <trkpt lat="46.495684" lon="7.700427">
      </trkpt>
      <trkpt lat="46.495675" lon="7.700349">
      </trkpt>
      <trkpt lat="46.495631" lon="7.700179">
      </trkpt>
      <trkpt lat="46.495613" lon="7.700062">
      </trkpt>
      <trkpt lat="46.495524" lon="7.699801">
      </trkpt>
      <trkpt lat="46.495479" lon="7.699645">
      </trkpt>
      <trkpt lat="46.495452" lon="7.699527">
      </trkpt>
      <trkpt lat="46.495452" lon="7.699501">
      </trkpt>
      <trkpt lat="46.49547" lon="7.699449">
      </trkpt>
      <trkpt lat="46.495525" lon="7.699332">
      </trkpt>
      <trkpt lat="46.495552" lon="7.699215">
      </trkpt>
      <trkpt lat="46.495561" lon="7.699124">
      </trkpt>
      <trkpt lat="46.495561" lon="7.69902">
      </trkpt>
      <trkpt lat="46.49557" lon="7.698981">
      </trkpt>
      <trkpt lat="46.495606" lon="7.698942">
      </trkpt>
      <trkpt lat="46.495669" lon="7.698903">
      </trkpt>
      <trkpt lat="46.495733" lon="7.698825">
      </trkpt>
      <trkpt lat="46.495805" lon="7.698773">
      </trkpt>
      <trkpt lat="46.49585" lon="7.698669">
      </trkpt>
      <trkpt lat="46.495868" lon="7.698591">
      </trkpt>
      <trkpt lat="46.49586" lon="7.69837">
      </trkpt>
      <trkpt lat="46.49586" lon="7.698279">
      </trkpt>
      <trkpt lat="46.495887" lon="7.698253">
      </trkpt>
      <trkpt lat="46.495932" lon="7.698214">
      </trkpt>
      <trkpt lat="46.495932" lon="7.698214">
      </trkpt>
      <trkpt lat="46.495968" lon="7.698123">
      </trkpt>
      <trkpt lat="46.496031" lon="7.698058">
      </trkpt>
      <trkpt lat="46.496085" lon="7.697967">
      </trkpt>
      <trkpt lat="46.496122" lon="7.697876">
      </trkpt>
      <trkpt lat="46.496122" lon="7.697837">
      </trkpt>
      <trkpt lat="46.496104" lon="7.697837">
      </trkpt>
      <trkpt lat="46.496068" lon="7.697902">
      </trkpt>
      <trkpt lat="46.495996" lon="7.697941">
      </trkpt>
      <trkpt lat="46.495905" lon="7.697979">
      </trkpt>
      <trkpt lat="46.495797" lon="7.698018">
      </trkpt>
      <trkpt lat="46.495716" lon="7.698044">
      </trkpt>
      <trkpt lat="46.495662" lon="7.698082">
      </trkpt>
      <trkpt lat="46.495644" lon="7.698069">
      </trkpt>
      <trkpt lat="46.495653" lon="7.69803">
      </trkpt>
      <trkpt lat="46.49569" lon="7.697978">
      </trkpt>
      <trkpt lat="46.495753" lon="7.6979">
      </trkpt>
      <trkpt lat="46.495861" lon="7.697823">
      </trkpt>
      <trkpt lat="46.495933" lon="7.69768">
      </trkpt>
      <trkpt lat="46.495969" lon="7.697576">
      </trkpt>
      <trkpt lat="46.496015" lon="7.697381">
      </trkpt>
      <trkpt lat="46.496078" lon="7.697173">
      </trkpt>
      <trkpt lat="46.496124" lon="7.697042">
      </trkpt>
      <trkpt lat="46.496196" lon="7.696795">
      </trkpt>
      <trkpt lat="46.496232" lon="7.696717">
      </trkpt>
      <trkpt lat="46.496286" lon="7.696613">
      </trkpt>
      <trkpt lat="46.496332" lon="7.696509">
      </trkpt>
      <trkpt lat="46.496386" lon="7.696418">
      </trkpt>
      <trkpt lat="46.496449" lon="7.696276">
      </trkpt>
      <trkpt lat="46.496603" lon="7.695912">
      </trkpt>
      <trkpt lat="46.496639" lon="7.695794">
      </trkpt>
      <trkpt lat="46.49663" lon="7.695742">
      </trkpt>
      <trkpt lat="46.496621" lon="7.695729">
      </trkpt>
      <trkpt lat="46.496576" lon="7.69582">
      </trkpt>
      <trkpt lat="46.496513" lon="7.695885">
      </trkpt>
      <trkpt lat="46.496432" lon="7.696002">
      </trkpt>
      <trkpt lat="46.496342" lon="7.696093">
      </trkpt>
      <trkpt lat="46.496306" lon="7.696105">
      </trkpt>
      <trkpt lat="46.496278" lon="7.69621">
      </trkpt>
      <trkpt lat="46.496215" lon="7.696287">
      </trkpt>
      <trkpt lat="46.496134" lon="7.696339">
      </trkpt>
      <trkpt lat="46.496053" lon="7.696365">
      </trkpt>
      <trkpt lat="46.49599" lon="7.69643">
      </trkpt>
      <trkpt lat="46.495936" lon="7.696534">
      </trkpt>
      <trkpt lat="46.495891" lon="7.696572">
      </trkpt>
      <trkpt lat="46.495828" lon="7.69665">
      </trkpt>
      <trkpt lat="46.495755" lon="7.696702">
      </trkpt>
      <trkpt lat="46.495737" lon="7.696702">
      </trkpt>
      <trkpt lat="46.495729" lon="7.696676">
      </trkpt>
      <trkpt lat="46.495792" lon="7.696507">
      </trkpt>
      <trkpt lat="46.495873" lon="7.696273">
      </trkpt>
      <trkpt lat="46.495937" lon="7.696169">
      </trkpt>
      <trkpt lat="46.496009" lon="7.696104">
      </trkpt>
      <trkpt lat="46.496063" lon="7.696052">
      </trkpt>
      <trkpt lat="46.496081" lon="7.696">
      </trkpt>
      <trkpt lat="46.496063" lon="7.695987">
      </trkpt>
      <trkpt lat="46.496027" lon="7.696026">
      </trkpt>
      <trkpt lat="46.495991" lon="7.696065">
      </trkpt>
      <trkpt lat="46.495964" lon="7.696065">
      </trkpt>
      <trkpt lat="46.495955" lon="7.696039">
      </trkpt>
      <trkpt lat="46.496108" lon="7.695779">
      </trkpt>
      <trkpt lat="46.496154" lon="7.69561">
      </trkpt>
      <trkpt lat="46.496226" lon="7.695493">
      </trkpt>
      <trkpt lat="46.496298" lon="7.695324">
      </trkpt>
      <trkpt lat="46.496389" lon="7.695077">
      </trkpt>
      <trkpt lat="46.496497" lon="7.694804">
      </trkpt>
      <trkpt lat="46.496561" lon="7.694648">
      </trkpt>
      <trkpt lat="46.496588" lon="7.694544">
      </trkpt>
      <trkpt lat="46.496651" lon="7.694375">
      </trkpt>
      <trkpt lat="46.496697" lon="7.694206">
      </trkpt>
      <trkpt lat="46.496751" lon="7.694128">
      </trkpt>
      <trkpt lat="46.49685" lon="7.694024">
      </trkpt>
      <trkpt lat="46.496895" lon="7.693829">
      </trkpt>
      <trkpt lat="46.496914" lon="7.693738">
      </trkpt>
      <trkpt lat="46.496905" lon="7.693699">
      </trkpt>
      <trkpt lat="46.496833" lon="7.693724">
      </trkpt>
      <trkpt lat="46.49677" lon="7.693789">
      </trkpt>
      <trkpt lat="46.496688" lon="7.693841">
      </trkpt>
      <trkpt lat="46.496616" lon="7.693958">
      </trkpt>
      <trkpt lat="46.496535" lon="7.694075">
      </trkpt>
      <trkpt lat="46.496436" lon="7.694152">
      </trkpt>
      <trkpt lat="46.496328" lon="7.694269">
      </trkpt>
      <trkpt lat="46.496255" lon="7.694373">
      </trkpt>
      <trkpt lat="46.496156" lon="7.694437">
      </trkpt>
      <trkpt lat="46.496093" lon="7.694528">
      </trkpt>
      <trkpt lat="46.496039" lon="7.694541">
      </trkpt>
      <trkpt lat="46.495994" lon="7.694567">
      </trkpt>
      <trkpt lat="46.495949" lon="7.694684">
      </trkpt>
      <trkpt lat="46.495913" lon="7.694749">
      </trkpt>
      <trkpt lat="46.49585" lon="7.694801">
      </trkpt>
      <trkpt lat="46.495742" lon="7.694865">
      </trkpt>
      <trkpt lat="46.495651" lon="7.694969">
      </trkpt>
      <trkpt lat="46.49557" lon="7.695034">
      </trkpt>
      <trkpt lat="46.495525" lon="7.695034">
      </trkpt>
      <trkpt lat="46.495408" lon="7.695202">
      </trkpt>
      <trkpt lat="46.495327" lon="7.695293">
      </trkpt>
      <trkpt lat="46.495327" lon="7.695293">
      </trkpt>
      <trkpt lat="46.495309" lon="7.695293">
      </trkpt>
      <trkpt lat="46.495237" lon="7.695397">
      </trkpt>
      <trkpt lat="46.495183" lon="7.695475">
      </trkpt>
      <trkpt lat="46.495138" lon="7.695488">
      </trkpt>
      <trkpt lat="46.494966" lon="7.695643">
      </trkpt>
      <trkpt lat="46.494948" lon="7.695643">
      </trkpt>
      <trkpt lat="46.494921" lon="7.69563">
      </trkpt>
      <trkpt lat="46.494921" lon="7.695617">
      </trkpt>
      <trkpt lat="46.494921" lon="7.695565">
      </trkpt>
      <trkpt lat="46.494985" lon="7.695435">
      </trkpt>
      <trkpt lat="46.495003" lon="7.695357">
      </trkpt>
      <trkpt lat="46.49503" lon="7.695279">
      </trkpt>
      <trkpt lat="46.49503" lon="7.695149">
      </trkpt>
      <trkpt lat="46.495048" lon="7.695097">
      </trkpt>
      <trkpt lat="46.495048" lon="7.695071">
      </trkpt>
      <trkpt lat="46.495031" lon="7.695018">
      </trkpt>
      <trkpt lat="46.495031" lon="7.694966">
      </trkpt>
      <trkpt lat="46.49504" lon="7.694875">
      </trkpt>
      <trkpt lat="46.495049" lon="7.694758">
      </trkpt>
      <trkpt lat="46.495104" lon="7.694511">
      </trkpt>
      <trkpt lat="46.495149" lon="7.694289">
      </trkpt>
      <trkpt lat="46.495194" lon="7.694172">
      </trkpt>
      <trkpt lat="46.495231" lon="7.694121">
      </trkpt>
      <trkpt lat="46.495258" lon="7.694095">
      </trkpt>
      <trkpt lat="46.495276" lon="7.694043">
      </trkpt>
      <trkpt lat="46.495267" lon="7.693964">
      </trkpt>
      <trkpt lat="46.495285" lon="7.693886">
      </trkpt>
      <trkpt lat="46.495294" lon="7.693808">
      </trkpt>
      <trkpt lat="46.49533" lon="7.693717">
      </trkpt>
      <trkpt lat="46.495349" lon="7.693626">
      </trkpt>
      <trkpt lat="46.495349" lon="7.6936">
      </trkpt>
      <trkpt lat="46.495331" lon="7.693522">
      </trkpt>
      <trkpt lat="46.495304" lon="7.693483">
      </trkpt>
      <trkpt lat="46.495277" lon="7.693469">
      </trkpt>
      <trkpt lat="46.495232" lon="7.693443">
      </trkpt>
      <trkpt lat="46.495205" lon="7.693404">
      </trkpt>
      <trkpt lat="46.495178" lon="7.693326">
      </trkpt>
      <trkpt lat="46.495178" lon="7.693287">
      </trkpt>
      <trkpt lat="46.495179" lon="7.693235">
      </trkpt>
      <trkpt lat="46.49517" lon="7.693195">
      </trkpt>
      <trkpt lat="46.495161" lon="7.693156">
      </trkpt>
      <trkpt lat="46.495107" lon="7.693117">
      </trkpt>
      <trkpt lat="46.495089" lon="7.693065">
      </trkpt>
      <trkpt lat="46.49508" lon="7.693039">
      </trkpt>
      <trkpt lat="46.495089" lon="7.692948">
      </trkpt>
      <trkpt lat="46.495107" lon="7.692869">
      </trkpt>
      <trkpt lat="46.495117" lon="7.692687">
      </trkpt>
      <trkpt lat="46.495135" lon="7.692622">
      </trkpt>
      <trkpt lat="46.495135" lon="7.69257">
      </trkpt>
      <trkpt lat="46.495135" lon="7.692492">
      </trkpt>
      <trkpt lat="46.495135" lon="7.692492">
      </trkpt>
      <trkpt lat="46.495208" lon="7.692336">
      </trkpt>
      <trkpt lat="46.495253" lon="7.692206">
      </trkpt>
      <trkpt lat="46.49528" lon="7.692115">
      </trkpt>
      <trkpt lat="46.495316" lon="7.691985">
      </trkpt>
      <trkpt lat="46.495353" lon="7.691776">
      </trkpt>
      <trkpt lat="46.495398" lon="7.691516">
      </trkpt>
      <trkpt lat="46.495435" lon="7.69136">
      </trkpt>
      <trkpt lat="46.495471" lon="7.69123">
      </trkpt>
      <trkpt lat="46.495516" lon="7.691113">
      </trkpt>
      <trkpt lat="46.495543" lon="7.691022">
      </trkpt>
      <trkpt lat="46.495543" lon="7.691022">
      </trkpt>
      <trkpt lat="46.495552" lon="7.690944">
      </trkpt>
      <trkpt lat="46.495553" lon="7.690879">
      </trkpt>
      <trkpt lat="46.495544" lon="7.690826">
      </trkpt>
      <trkpt lat="46.495535" lon="7.690774">
      </trkpt>
      <trkpt lat="46.495535" lon="7.690774">
      </trkpt>
      <trkpt lat="46.495499" lon="7.690735">
      </trkpt>
      <trkpt lat="46.495392" lon="7.690448">
      </trkpt>
      <trkpt lat="46.495338" lon="7.690331">
      </trkpt>
      <trkpt lat="46.49532" lon="7.690252">
      </trkpt>
      <trkpt lat="46.495284" lon="7.690148">
      </trkpt>
      <trkpt lat="46.495267" lon="7.690044">
      </trkpt>
      <trkpt lat="46.49524" lon="7.689952">
      </trkpt>
      <trkpt lat="46.495222" lon="7.689861">
      </trkpt>
      <trkpt lat="46.495204" lon="7.689783">
      </trkpt>
      <trkpt lat="46.495195" lon="7.689705">
      </trkpt>
      <trkpt lat="46.495196" lon="7.689587">
      </trkpt>
      <trkpt lat="46.495196" lon="7.689483">
      </trkpt>
      <trkpt lat="46.495187" lon="7.68921">
      </trkpt>
      <trkpt lat="46.495197" lon="7.689171">
      </trkpt>
      <trkpt lat="46.495206" lon="7.689132">
      </trkpt>
      <trkpt lat="46.495206" lon="7.689053">
      </trkpt>
      <trkpt lat="46.495197" lon="7.688793">
      </trkpt>
      <trkpt lat="46.495206" lon="7.688741">
      </trkpt>
      <trkpt lat="46.495225" lon="7.688663">
      </trkpt>
      <trkpt lat="46.495243" lon="7.688624">
      </trkpt>
      <trkpt lat="46.495243" lon="7.688624">
      </trkpt>
      <trkpt lat="46.495234" lon="7.688611">
      </trkpt>
      <trkpt lat="46.495234" lon="7.68852">
      </trkpt>
      <trkpt lat="46.495234" lon="7.688376">
      </trkpt>
      <trkpt lat="46.495234" lon="7.688376">
      </trkpt>
      <trkpt lat="46.495244" lon="7.688246">
      </trkpt>
      <trkpt lat="46.495253" lon="7.688116">
      </trkpt>
      <trkpt lat="46.495253" lon="7.688051">
      </trkpt>
      <trkpt lat="46.495253" lon="7.687986">
      </trkpt>
      <trkpt lat="46.495226" lon="7.687829">
      </trkpt>
      <trkpt lat="46.495218" lon="7.687738">
      </trkpt>
      <trkpt lat="46.495218" lon="7.68766">
      </trkpt>
      <trkpt lat="46.495236" lon="7.687477">
      </trkpt>
      <trkpt lat="46.495245" lon="7.687438">
      </trkpt>
      <trkpt lat="46.495282" lon="7.687334">
      </trkpt>
      <trkpt lat="46.495327" lon="7.687139">
      </trkpt>
      <trkpt lat="46.495336" lon="7.6871">
      </trkpt>
      <trkpt lat="46.495381" lon="7.686983">
      </trkpt>
      <trkpt lat="46.49539" lon="7.686944">
      </trkpt>
      <trkpt lat="46.495409" lon="7.686632">
      </trkpt>
      <trkpt lat="46.495427" lon="7.686514">
      </trkpt>
      <trkpt lat="46.495436" lon="7.686423">
      </trkpt>
      <trkpt lat="46.495446" lon="7.686202">
      </trkpt>
      <trkpt lat="46.495527" lon="7.685994">
      </trkpt>
      <trkpt lat="46.495528" lon="7.685903">
      </trkpt>
      <trkpt lat="46.495528" lon="7.685759">
      </trkpt>
      <trkpt lat="46.49551" lon="7.68559">
      </trkpt>
      <trkpt lat="46.495502" lon="7.685382">
      </trkpt>
      <trkpt lat="46.495476" lon="7.685004">
      </trkpt>
      <trkpt lat="46.495485" lon="7.68486">
      </trkpt>
      <trkpt lat="46.495494" lon="7.684834">
      </trkpt>
      <trkpt lat="46.495494" lon="7.684834">
      </trkpt>
      <trkpt lat="46.495485" lon="7.684808">
      </trkpt>
      <trkpt lat="46.495467" lon="7.684808">
      </trkpt>
      <trkpt lat="46.495458" lon="7.684808">
      </trkpt>
      <trkpt lat="46.495431" lon="7.684821">
      </trkpt>
      <trkpt lat="46.495431" lon="7.684821">
      </trkpt>
      <trkpt lat="46.495332" lon="7.684847">
      </trkpt>
      <trkpt lat="46.495332" lon="7.684847">
      </trkpt>
      <trkpt lat="46.495287" lon="7.684847">
      </trkpt>
      <trkpt lat="46.495242" lon="7.684833">
      </trkpt>
      <trkpt lat="46.495134" lon="7.68482">
      </trkpt>
      <trkpt lat="46.495134" lon="7.68482">
      </trkpt>
      <trkpt lat="46.495062" lon="7.684806">
      </trkpt>
      <trkpt lat="46.495062" lon="7.684806">
      </trkpt>
      <trkpt lat="46.494954" lon="7.684793">
      </trkpt>
      <trkpt lat="46.494954" lon="7.684793">
      </trkpt>
      <trkpt lat="46.494973" lon="7.68465">
      </trkpt>
      <trkpt lat="46.494982" lon="7.684585">
      </trkpt>
      <trkpt lat="46.494982" lon="7.684533">
      </trkpt>
      <trkpt lat="46.494973" lon="7.684415">
      </trkpt>
      <trkpt lat="46.494973" lon="7.684415">
      </trkpt>
      <trkpt lat="46.494982" lon="7.68422">
      </trkpt>
      <trkpt lat="46.495001" lon="7.684116">
      </trkpt>
      <trkpt lat="46.49501" lon="7.684051">
      </trkpt>
      <trkpt lat="46.495028" lon="7.684012">
      </trkpt>
      <trkpt lat="46.495064" lon="7.683908">
      </trkpt>
      <trkpt lat="46.495272" lon="7.683466">
      </trkpt>
      <trkpt lat="46.495308" lon="7.683375">
      </trkpt>
      <trkpt lat="46.495335" lon="7.683297">
      </trkpt>
      <trkpt lat="46.495344" lon="7.683245">
      </trkpt>
      <trkpt lat="46.495335" lon="7.683193">
      </trkpt>
      <trkpt lat="46.495327" lon="7.683127">
      </trkpt>
      <trkpt lat="46.495282" lon="7.68301">
      </trkpt>
      <trkpt lat="46.495264" lon="7.682906">
      </trkpt>
      <trkpt lat="46.495246" lon="7.682814">
      </trkpt>
      <trkpt lat="46.495238" lon="7.682658">
      </trkpt>
      <trkpt lat="46.495238" lon="7.682541">
      </trkpt>
      <trkpt lat="46.49522" lon="7.68228">
      </trkpt>
      <trkpt lat="46.49522" lon="7.68228">
      </trkpt>
      <trkpt lat="46.495212" lon="7.682163">
      </trkpt>
      <trkpt lat="46.495212" lon="7.682163">
      </trkpt>
      <trkpt lat="46.495178" lon="7.681342">
      </trkpt>
      <trkpt lat="46.49516" lon="7.681082">
      </trkpt>
      <trkpt lat="46.495142" lon="7.680951">
      </trkpt>
      <trkpt lat="46.495125" lon="7.680795">
      </trkpt>
      <trkpt lat="46.495107" lon="7.680638">
      </trkpt>
      <trkpt lat="46.495098" lon="7.680534">
      </trkpt>
      <trkpt lat="46.495098" lon="7.680534">
      </trkpt>
      <trkpt lat="46.495144" lon="7.680144">
      </trkpt>
      <trkpt lat="46.49519" lon="7.679805">
      </trkpt>
      <trkpt lat="46.49519" lon="7.679805">
      </trkpt>
      <trkpt lat="46.495217" lon="7.679597">
      </trkpt>
      <trkpt lat="46.495226" lon="7.679532">
      </trkpt>
      <trkpt lat="46.495226" lon="7.679532">
      </trkpt>
      <trkpt lat="46.495245" lon="7.679389">
      </trkpt>
      <trkpt lat="46.495254" lon="7.679324">
      </trkpt>
      <trkpt lat="46.495254" lon="7.679324">
      </trkpt>
      <trkpt lat="46.495128" lon="7.679089">
      </trkpt>
      <trkpt lat="46.49511" lon="7.679036">
      </trkpt>
      <trkpt lat="46.495102" lon="7.678984">
      </trkpt>
      <trkpt lat="46.495111" lon="7.678932">
      </trkpt>
      <trkpt lat="46.495129" lon="7.678841">
      </trkpt>
      <trkpt lat="46.495156" lon="7.678711">
      </trkpt>
      <trkpt lat="46.495165" lon="7.678607">
      </trkpt>
      <trkpt lat="46.495166" lon="7.678516">
      </trkpt>
      <trkpt lat="46.495166" lon="7.678424">
      </trkpt>
      <trkpt lat="46.49513" lon="7.678177">
      </trkpt>
      <trkpt lat="46.49513" lon="7.678177">
      </trkpt>
      <trkpt lat="46.495121" lon="7.678072">
      </trkpt>
      <trkpt lat="46.495086" lon="7.677747">
      </trkpt>
      <trkpt lat="46.49506" lon="7.677447">
      </trkpt>
      <trkpt lat="46.495043" lon="7.677056">
      </trkpt>
      <trkpt lat="46.495034" lon="7.676757">
      </trkpt>
      <trkpt lat="46.495044" lon="7.6766">
      </trkpt>
      <trkpt lat="46.495053" lon="7.676522">
      </trkpt>
      <trkpt lat="46.495053" lon="7.67647">
      </trkpt>
      <trkpt lat="46.495053" lon="7.67647">
      </trkpt>
      <trkpt lat="46.49508" lon="7.676405">
      </trkpt>
      <trkpt lat="46.495279" lon="7.675742">
      </trkpt>
      <trkpt lat="46.495325" lon="7.675586">
      </trkpt>
      <trkpt lat="46.495379" lon="7.675273">
      </trkpt>
      <trkpt lat="46.495434" lon="7.674883">
      </trkpt>
      <trkpt lat="46.495434" lon="7.6747">
      </trkpt>
      <trkpt lat="46.495435" lon="7.674531">
      </trkpt>
      <trkpt lat="46.495426" lon="7.674414">
      </trkpt>
      <trkpt lat="46.495426" lon="7.674414">
      </trkpt>
      <trkpt lat="46.495066" lon="7.674464">
      </trkpt>
      <trkpt lat="46.494967" lon="7.674477">
      </trkpt>
      <trkpt lat="46.494877" lon="7.674463">
      </trkpt>
      <trkpt lat="46.494724" lon="7.674437">
      </trkpt>
      <trkpt lat="46.494724" lon="7.674437">
      </trkpt>
      <trkpt lat="46.494761" lon="7.674228">
      </trkpt>
      <trkpt lat="46.494761" lon="7.674228">
      </trkpt>
      <trkpt lat="46.494779" lon="7.674111">
      </trkpt>
      <trkpt lat="46.494779" lon="7.674111">
      </trkpt>
      <trkpt lat="46.494815" lon="7.673877">
      </trkpt>
      <trkpt lat="46.494815" lon="7.673877">
      </trkpt>
      <trkpt lat="46.494824" lon="7.673838">
      </trkpt>
      <trkpt lat="46.494824" lon="7.673838">
      </trkpt>
      <trkpt lat="46.494916" lon="7.673291">
      </trkpt>
      <trkpt lat="46.494916" lon="7.673291">
      </trkpt>
      <trkpt lat="46.49497" lon="7.672966">
      </trkpt>
      <trkpt lat="46.495061" lon="7.672406">
      </trkpt>
      <trkpt lat="46.495116" lon="7.672055">
      </trkpt>
      <trkpt lat="46.495152" lon="7.67182">
      </trkpt>
      <trkpt lat="46.495152" lon="7.67182">
      </trkpt>
      <trkpt lat="46.495162" lon="7.671755">
      </trkpt>
      <trkpt lat="46.495171" lon="7.671664">
      </trkpt>
    </trkseg>
  </trk>
</gpx>