<?xml version="1.0" encoding="UTF-8"?>
<gpx xmlns="http://www.topografix.com/GPX/1/1" xmlns:xsi="http://www.w3.org/2001/XMLSchema-instance" xsi:schemaLocation="http://www.topografix.com/GPX/1/1 http://www.topografix.com/GPX/1/1/gpx.xsd" version="1.1" creator="Bergbot — https://github.com/suchipizza/BergBot">
  <metadata>
    <name>Vier-Seen-Wanderung (Melchsee-Frutt - Engelberg (Trübsee))</name>
  </metadata>
  <trk>
    <name>Vier-Seen-Wanderung (Melchsee-Frutt - Engelberg (Trübsee))</name>
    <trkseg>
      <trkpt lat="46.775537" lon="8.268918">
      </trkpt>
      <trkpt lat="46.775483" lon="8.268878">
      </trkpt>
      <trkpt lat="46.775439" lon="8.268785">
      </trkpt>
      <trkpt lat="46.775305" lon="8.268561">
      </trkpt>
      <trkpt lat="46.77527" lon="8.268534">
      </trkpt>
      <trkpt lat="46.775234" lon="8.26852">
      </trkpt>
      <trkpt lat="46.77518" lon="8.26852">
      </trkpt>
      <trkpt lat="46.775135" lon="8.268493">
      </trkpt>
      <trkpt lat="46.775099" lon="8.26844">
      </trkpt>
      <trkpt lat="46.775063" lon="8.268439">
      </trkpt>
      <trkpt lat="46.775036" lon="8.268439">
      </trkpt>
      <trkpt lat="46.774946" lon="8.26849">
      </trkpt>
      <trkpt lat="46.774792" lon="8.268592">
      </trkpt>
      <trkpt lat="46.77463" lon="8.268708">
      </trkpt>
      <trkpt lat="46.774575" lon="8.268798">
      </trkpt>
      <trkpt lat="46.774547" lon="8.268863">
      </trkpt>
      <trkpt lat="46.774511" lon="8.268955">
      </trkpt>
      <trkpt lat="46.774483" lon="8.26902">
      </trkpt>
      <trkpt lat="46.774447" lon="8.269045">
      </trkpt>
      <trkpt lat="46.774411" lon="8.269071">
      </trkpt>
      <trkpt lat="46.774375" lon="8.269096">
      </trkpt>
      <trkpt lat="46.774357" lon="8.269109">
      </trkpt>
      <trkpt lat="46.774312" lon="8.269109">
      </trkpt>
      <trkpt lat="46.774294" lon="8.269108">
      </trkpt>
      <trkpt lat="46.774276" lon="8.269095">
      </trkpt>
      <trkpt lat="46.774267" lon="8.269069">
      </trkpt>
      <trkpt lat="46.774267" lon="8.269042">
      </trkpt>
      <trkpt lat="46.774268" lon="8.26899">
      </trkpt>
      <trkpt lat="46.774268" lon="8.26899">
      </trkpt>
      <trkpt lat="46.774278" lon="8.268872">
      </trkpt>
      <trkpt lat="46.774278" lon="8.268833">
      </trkpt>
      <trkpt lat="46.774269" lon="8.268807">
      </trkpt>
      <trkpt lat="46.774233" lon="8.268767">
      </trkpt>
      <trkpt lat="46.774206" lon="8.268753">
      </trkpt>
      <trkpt lat="46.774206" lon="8.268753">
      </trkpt>
      <trkpt lat="46.774207" lon="8.268662">
      </trkpt>
      <trkpt lat="46.77418" lon="8.268609">
      </trkpt>
      <trkpt lat="46.774145" lon="8.268569">
      </trkpt>
      <trkpt lat="46.7741" lon="8.268516">
      </trkpt>
      <trkpt lat="46.7741" lon="8.268516">
      </trkpt>
      <trkpt lat="46.774073" lon="8.268503">
      </trkpt>
      <trkpt lat="46.774028" lon="8.268489">
      </trkpt>
      <trkpt lat="46.773993" lon="8.268475">
      </trkpt>
      <trkpt lat="46.773993" lon="8.268475">
      </trkpt>
      <trkpt lat="46.773885" lon="8.268369">
      </trkpt>
      <trkpt lat="46.773885" lon="8.268369">
      </trkpt>
      <trkpt lat="46.773858" lon="8.268421">
      </trkpt>
      <trkpt lat="46.773658" lon="8.268745">
      </trkpt>
      <trkpt lat="46.773658" lon="8.268745">
      </trkpt>
      <trkpt lat="46.773621" lon="8.26881">
      </trkpt>
      <trkpt lat="46.773449" lon="8.269043">
      </trkpt>
      <trkpt lat="46.773367" lon="8.269146">
      </trkpt>
      <trkpt lat="46.773367" lon="8.269146">
      </trkpt>
      <trkpt lat="46.77333" lon="8.269224">
      </trkpt>
      <trkpt lat="46.773294" lon="8.269302">
      </trkpt>
      <trkpt lat="46.773275" lon="8.269368">
      </trkpt>
      <trkpt lat="46.773275" lon="8.269407">
      </trkpt>
      <trkpt lat="46.773275" lon="8.269407">
      </trkpt>
      <trkpt lat="46.773266" lon="8.269472">
      </trkpt>
      <trkpt lat="46.773283" lon="8.269616">
      </trkpt>
      <trkpt lat="46.773317" lon="8.269826">
      </trkpt>
      <trkpt lat="46.773491" lon="8.270628">
      </trkpt>
      <trkpt lat="46.773569" lon="8.271035">
      </trkpt>
      <trkpt lat="46.773656" lon="8.271442">
      </trkpt>
      <trkpt lat="46.773726" lon="8.271771">
      </trkpt>
      <trkpt lat="46.773795" lon="8.272073">
      </trkpt>
      <trkpt lat="46.773795" lon="8.272073">
      </trkpt>
      <trkpt lat="46.773839" lon="8.272218">
      </trkpt>
      <trkpt lat="46.773901" lon="8.272441">
      </trkpt>
      <trkpt lat="46.773962" lon="8.272691">
      </trkpt>
      <trkpt lat="46.774014" lon="8.272901">
      </trkpt>
      <trkpt lat="46.774058" lon="8.273111">
      </trkpt>
      <trkpt lat="46.774118" lon="8.273453">
      </trkpt>
      <trkpt lat="46.774118" lon="8.273453">
      </trkpt>
      <trkpt lat="46.774144" lon="8.273623">
      </trkpt>
      <trkpt lat="46.774144" lon="8.273623">
      </trkpt>
      <trkpt lat="46.774153" lon="8.273663">
      </trkpt>
      <trkpt lat="46.774153" lon="8.273663">
      </trkpt>
      <trkpt lat="46.774187" lon="8.27386">
      </trkpt>
      <trkpt lat="46.774222" lon="8.27403">
      </trkpt>
      <trkpt lat="46.774221" lon="8.274122">
      </trkpt>
      <trkpt lat="46.77423" lon="8.274201">
      </trkpt>
      <trkpt lat="46.774229" lon="8.274332">
      </trkpt>
      <trkpt lat="46.774229" lon="8.274332">
      </trkpt>
      <trkpt lat="46.774228" lon="8.27445">
      </trkpt>
      <trkpt lat="46.774218" lon="8.274515">
      </trkpt>
      <trkpt lat="46.774209" lon="8.274567">
      </trkpt>
      <trkpt lat="46.774209" lon="8.274567">
      </trkpt>
      <trkpt lat="46.774235" lon="8.274646">
      </trkpt>
      <trkpt lat="46.774262" lon="8.274686">
      </trkpt>
      <trkpt lat="46.774333" lon="8.274805">
      </trkpt>
      <trkpt lat="46.774413" lon="8.274937">
      </trkpt>
      <trkpt lat="46.77444" lon="8.27499">
      </trkpt>
      <trkpt lat="46.774475" lon="8.275056">
      </trkpt>
      <trkpt lat="46.774493" lon="8.275095">
      </trkpt>
      <trkpt lat="46.774511" lon="8.275122">
      </trkpt>
      <trkpt lat="46.774528" lon="8.275174">
      </trkpt>
      <trkpt lat="46.774537" lon="8.275227">
      </trkpt>
      <trkpt lat="46.774537" lon="8.275266">
      </trkpt>
      <trkpt lat="46.77456" lon="8.275712">
      </trkpt>
      <trkpt lat="46.77456" lon="8.275803">
      </trkpt>
      <trkpt lat="46.774568" lon="8.275869">
      </trkpt>
      <trkpt lat="46.774595" lon="8.275948">
      </trkpt>
      <trkpt lat="46.774612" lon="8.276001">
      </trkpt>
      <trkpt lat="46.77463" lon="8.276066">
      </trkpt>
      <trkpt lat="46.774638" lon="8.276132">
      </trkpt>
      <trkpt lat="46.774638" lon="8.276132">
      </trkpt>
      <trkpt lat="46.774638" lon="8.276224">
      </trkpt>
      <trkpt lat="46.774637" lon="8.276276">
      </trkpt>
      <trkpt lat="46.774637" lon="8.276328">
      </trkpt>
      <trkpt lat="46.774636" lon="8.276394">
      </trkpt>
      <trkpt lat="46.774618" lon="8.276446">
      </trkpt>
      <trkpt lat="46.774618" lon="8.276485">
      </trkpt>
      <trkpt lat="46.774625" lon="8.276682">
      </trkpt>
      <trkpt lat="46.774634" lon="8.27676">
      </trkpt>
      <trkpt lat="46.774634" lon="8.276787">
      </trkpt>
      <trkpt lat="46.774624" lon="8.276839">
      </trkpt>
      <trkpt lat="46.774615" lon="8.276917">
      </trkpt>
      <trkpt lat="46.774614" lon="8.277009">
      </trkpt>
      <trkpt lat="46.774632" lon="8.277061">
      </trkpt>
      <trkpt lat="46.77464" lon="8.277114">
      </trkpt>
      <trkpt lat="46.774631" lon="8.277153">
      </trkpt>
      <trkpt lat="46.77463" lon="8.277232">
      </trkpt>
      <trkpt lat="46.774621" lon="8.277271">
      </trkpt>
      <trkpt lat="46.77463" lon="8.27731">
      </trkpt>
      <trkpt lat="46.774639" lon="8.277337">
      </trkpt>
      <trkpt lat="46.774665" lon="8.277363">
      </trkpt>
      <trkpt lat="46.774683" lon="8.277403">
      </trkpt>
      <trkpt lat="46.774692" lon="8.277442">
      </trkpt>
      <trkpt lat="46.774682" lon="8.277494">
      </trkpt>
      <trkpt lat="46.774673" lon="8.27756">
      </trkpt>
      <trkpt lat="46.774653" lon="8.277821">
      </trkpt>
      <trkpt lat="46.774643" lon="8.277939">
      </trkpt>
      <trkpt lat="46.774634" lon="8.277991">
      </trkpt>
      <trkpt lat="46.774625" lon="8.278017">
      </trkpt>
      <trkpt lat="46.774597" lon="8.278069">
      </trkpt>
      <trkpt lat="46.774579" lon="8.278121">
      </trkpt>
      <trkpt lat="46.774523" lon="8.278304">
      </trkpt>
      <trkpt lat="46.774505" lon="8.278382">
      </trkpt>
      <trkpt lat="46.774505" lon="8.278434">
      </trkpt>
      <trkpt lat="46.774504" lon="8.278539">
      </trkpt>
      <trkpt lat="46.774503" lon="8.278578">
      </trkpt>
      <trkpt lat="46.774485" lon="8.278644">
      </trkpt>
      <trkpt lat="46.774476" lon="8.278709">
      </trkpt>
      <trkpt lat="46.774475" lon="8.278748">
      </trkpt>
      <trkpt lat="46.774475" lon="8.278814">
      </trkpt>
      <trkpt lat="46.774465" lon="8.278905">
      </trkpt>
      <trkpt lat="46.774419" lon="8.279075">
      </trkpt>
      <trkpt lat="46.774391" lon="8.279153">
      </trkpt>
      <trkpt lat="46.774373" lon="8.279205">
      </trkpt>
      <trkpt lat="46.774354" lon="8.27927">
      </trkpt>
      <trkpt lat="46.774318" lon="8.279374">
      </trkpt>
      <trkpt lat="46.774308" lon="8.279439">
      </trkpt>
      <trkpt lat="46.77429" lon="8.279518">
      </trkpt>
      <trkpt lat="46.77428" lon="8.279557">
      </trkpt>
      <trkpt lat="46.774262" lon="8.279596">
      </trkpt>
      <trkpt lat="46.774244" lon="8.279648">
      </trkpt>
      <trkpt lat="46.774234" lon="8.279726">
      </trkpt>
      <trkpt lat="46.774215" lon="8.279844">
      </trkpt>
      <trkpt lat="46.774205" lon="8.279975">
      </trkpt>
      <trkpt lat="46.774177" lon="8.280092">
      </trkpt>
      <trkpt lat="46.774177" lon="8.280131">
      </trkpt>
      <trkpt lat="46.774132" lon="8.280196">
      </trkpt>
      <trkpt lat="46.774113" lon="8.280261">
      </trkpt>
      <trkpt lat="46.774095" lon="8.280327">
      </trkpt>
      <trkpt lat="46.774076" lon="8.280405">
      </trkpt>
      <trkpt lat="46.774058" lon="8.280483">
      </trkpt>
      <trkpt lat="46.774039" lon="8.280588">
      </trkpt>
      <trkpt lat="46.774029" lon="8.280653">
      </trkpt>
      <trkpt lat="46.774038" lon="8.280692">
      </trkpt>
      <trkpt lat="46.774047" lon="8.280758">
      </trkpt>
      <trkpt lat="46.774055" lon="8.28085">
      </trkpt>
      <trkpt lat="46.774054" lon="8.28102">
      </trkpt>
      <trkpt lat="46.774062" lon="8.281125">
      </trkpt>
      <trkpt lat="46.774052" lon="8.281229">
      </trkpt>
      <trkpt lat="46.77405" lon="8.281491">
      </trkpt>
      <trkpt lat="46.77405" lon="8.281583">
      </trkpt>
      <trkpt lat="46.774049" lon="8.281622">
      </trkpt>
      <trkpt lat="46.774067" lon="8.281649">
      </trkpt>
      <trkpt lat="46.774085" lon="8.281688">
      </trkpt>
      <trkpt lat="46.774191" lon="8.28186">
      </trkpt>
      <trkpt lat="46.774218" lon="8.281913">
      </trkpt>
      <trkpt lat="46.77428" lon="8.282019">
      </trkpt>
      <trkpt lat="46.774298" lon="8.282058">
      </trkpt>
      <trkpt lat="46.774333" lon="8.28215">
      </trkpt>
      <trkpt lat="46.774395" lon="8.282282">
      </trkpt>
      <trkpt lat="46.774422" lon="8.282335">
      </trkpt>
      <trkpt lat="46.774448" lon="8.282388">
      </trkpt>
      <trkpt lat="46.774475" lon="8.282441">
      </trkpt>
      <trkpt lat="46.774502" lon="8.28248">
      </trkpt>
      <trkpt lat="46.774537" lon="8.282533">
      </trkpt>
      <trkpt lat="46.774555" lon="8.282573">
      </trkpt>
      <trkpt lat="46.774555" lon="8.282612">
      </trkpt>
      <trkpt lat="46.774554" lon="8.282664">
      </trkpt>
      <trkpt lat="46.774554" lon="8.282704">
      </trkpt>
      <trkpt lat="46.774554" lon="8.282756">
      </trkpt>
      <trkpt lat="46.774571" lon="8.282835">
      </trkpt>
      <trkpt lat="46.774615" lon="8.283006">
      </trkpt>
      <trkpt lat="46.774632" lon="8.283085">
      </trkpt>
      <trkpt lat="46.774632" lon="8.283124">
      </trkpt>
      <trkpt lat="46.774632" lon="8.28315">
      </trkpt>
      <trkpt lat="46.774613" lon="8.283202">
      </trkpt>
      <trkpt lat="46.774585" lon="8.283333">
      </trkpt>
      <trkpt lat="46.774558" lon="8.283424">
      </trkpt>
      <trkpt lat="46.774557" lon="8.283476">
      </trkpt>
      <trkpt lat="46.774557" lon="8.283516">
      </trkpt>
      <trkpt lat="46.774548" lon="8.283555">
      </trkpt>
      <trkpt lat="46.77452" lon="8.283659">
      </trkpt>
      <trkpt lat="46.774501" lon="8.283724">
      </trkpt>
      <trkpt lat="46.774501" lon="8.283777">
      </trkpt>
      <trkpt lat="46.774501" lon="8.283803">
      </trkpt>
      <trkpt lat="46.774518" lon="8.283868">
      </trkpt>
      <trkpt lat="46.774536" lon="8.283934">
      </trkpt>
      <trkpt lat="46.774554" lon="8.283974">
      </trkpt>
      <trkpt lat="46.774571" lon="8.284026">
      </trkpt>
      <trkpt lat="46.774589" lon="8.284079">
      </trkpt>
      <trkpt lat="46.774598" lon="8.284118">
      </trkpt>
      <trkpt lat="46.774606" lon="8.284158">
      </trkpt>
      <trkpt lat="46.774597" lon="8.28421">
      </trkpt>
      <trkpt lat="46.774605" lon="8.284289">
      </trkpt>
      <trkpt lat="46.774605" lon="8.284328">
      </trkpt>
      <trkpt lat="46.774622" lon="8.284433">
      </trkpt>
      <trkpt lat="46.774622" lon="8.284472">
      </trkpt>
      <trkpt lat="46.774613" lon="8.284525">
      </trkpt>
      <trkpt lat="46.774594" lon="8.28459">
      </trkpt>
      <trkpt lat="46.774567" lon="8.284642">
      </trkpt>
      <trkpt lat="46.774557" lon="8.284681">
      </trkpt>
      <trkpt lat="46.774557" lon="8.284746">
      </trkpt>
      <trkpt lat="46.774601" lon="8.284826">
      </trkpt>
      <trkpt lat="46.774619" lon="8.284852">
      </trkpt>
      <trkpt lat="46.774664" lon="8.284905">
      </trkpt>
      <trkpt lat="46.774681" lon="8.284958">
      </trkpt>
      <trkpt lat="46.774717" lon="8.285037">
      </trkpt>
      <trkpt lat="46.774743" lon="8.285142">
      </trkpt>
      <trkpt lat="46.774751" lon="8.285221">
      </trkpt>
      <trkpt lat="46.774777" lon="8.285326">
      </trkpt>
      <trkpt lat="46.77483" lon="8.285484">
      </trkpt>
      <trkpt lat="46.774874" lon="8.285681">
      </trkpt>
      <trkpt lat="46.774891" lon="8.285747">
      </trkpt>
      <trkpt lat="46.774909" lon="8.285826">
      </trkpt>
      <trkpt lat="46.774926" lon="8.285931">
      </trkpt>
      <trkpt lat="46.774943" lon="8.286023">
      </trkpt>
      <trkpt lat="46.774952" lon="8.286088">
      </trkpt>
      <trkpt lat="46.774951" lon="8.286127">
      </trkpt>
      <trkpt lat="46.77496" lon="8.286193">
      </trkpt>
      <trkpt lat="46.774968" lon="8.286272">
      </trkpt>
      <trkpt lat="46.774977" lon="8.286337">
      </trkpt>
      <trkpt lat="46.774986" lon="8.286364">
      </trkpt>
      <trkpt lat="46.774985" lon="8.286403">
      </trkpt>
      <trkpt lat="46.774976" lon="8.286442">
      </trkpt>
      <trkpt lat="46.774976" lon="8.286494">
      </trkpt>
      <trkpt lat="46.775037" lon="8.286705">
      </trkpt>
      <trkpt lat="46.775046" lon="8.286784">
      </trkpt>
      <trkpt lat="46.775054" lon="8.286849">
      </trkpt>
      <trkpt lat="46.775072" lon="8.286876">
      </trkpt>
      <trkpt lat="46.775098" lon="8.286942">
      </trkpt>
      <trkpt lat="46.775098" lon="8.286968">
      </trkpt>
      <trkpt lat="46.775107" lon="8.28702">
      </trkpt>
      <trkpt lat="46.775115" lon="8.287125">
      </trkpt>
      <trkpt lat="46.775124" lon="8.287178">
      </trkpt>
      <trkpt lat="46.775123" lon="8.287243">
      </trkpt>
      <trkpt lat="46.775114" lon="8.287308">
      </trkpt>
      <trkpt lat="46.77513" lon="8.287584">
      </trkpt>
      <trkpt lat="46.775137" lon="8.287806">
      </trkpt>
      <trkpt lat="46.775137" lon="8.287846">
      </trkpt>
      <trkpt lat="46.775118" lon="8.287963">
      </trkpt>
      <trkpt lat="46.775117" lon="8.288029">
      </trkpt>
      <trkpt lat="46.775126" lon="8.288107">
      </trkpt>
      <trkpt lat="46.775143" lon="8.288186">
      </trkpt>
      <trkpt lat="46.775161" lon="8.288252">
      </trkpt>
      <trkpt lat="46.775187" lon="8.288318">
      </trkpt>
      <trkpt lat="46.775196" lon="8.288357">
      </trkpt>
      <trkpt lat="46.775186" lon="8.288423">
      </trkpt>
      <trkpt lat="46.775168" lon="8.288501">
      </trkpt>
      <trkpt lat="46.775158" lon="8.28854">
      </trkpt>
      <trkpt lat="46.775131" lon="8.288592">
      </trkpt>
      <trkpt lat="46.775104" lon="8.28867">
      </trkpt>
      <trkpt lat="46.775067" lon="8.2888">
      </trkpt>
      <trkpt lat="46.775039" lon="8.288918">
      </trkpt>
      <trkpt lat="46.774983" lon="8.28914">
      </trkpt>
      <trkpt lat="46.774946" lon="8.289244">
      </trkpt>
      <trkpt lat="46.774891" lon="8.289452">
      </trkpt>
      <trkpt lat="46.774881" lon="8.289491">
      </trkpt>
      <trkpt lat="46.774872" lon="8.289544">
      </trkpt>
      <trkpt lat="46.774872" lon="8.289609">
      </trkpt>
      <trkpt lat="46.77488" lon="8.289675">
      </trkpt>
      <trkpt lat="46.77488" lon="8.289701">
      </trkpt>
      <trkpt lat="46.774871" lon="8.289727">
      </trkpt>
      <trkpt lat="46.774834" lon="8.289818">
      </trkpt>
      <trkpt lat="46.774825" lon="8.289883">
      </trkpt>
      <trkpt lat="46.774797" lon="8.289962">
      </trkpt>
      <trkpt lat="46.774751" lon="8.290039">
      </trkpt>
      <trkpt lat="46.774697" lon="8.29013">
      </trkpt>
      <trkpt lat="46.774679" lon="8.290169">
      </trkpt>
      <trkpt lat="46.77466" lon="8.290221">
      </trkpt>
      <trkpt lat="46.774651" lon="8.2903">
      </trkpt>
      <trkpt lat="46.774632" lon="8.29043">
      </trkpt>
      <trkpt lat="46.77464" lon="8.290522">
      </trkpt>
      <trkpt lat="46.774648" lon="8.290627">
      </trkpt>
      <trkpt lat="46.774656" lon="8.290719">
      </trkpt>
      <trkpt lat="46.774665" lon="8.290837">
      </trkpt>
      <trkpt lat="46.774664" lon="8.290941">
      </trkpt>
      <trkpt lat="46.774654" lon="8.291007">
      </trkpt>
      <trkpt lat="46.774589" lon="8.291294">
      </trkpt>
      <trkpt lat="46.774553" lon="8.291385">
      </trkpt>
      <trkpt lat="46.774516" lon="8.291476">
      </trkpt>
      <trkpt lat="46.774488" lon="8.291554">
      </trkpt>
      <trkpt lat="46.77447" lon="8.291619">
      </trkpt>
      <trkpt lat="46.774469" lon="8.291685">
      </trkpt>
      <trkpt lat="46.774469" lon="8.29175">
      </trkpt>
      <trkpt lat="46.774477" lon="8.291816">
      </trkpt>
      <trkpt lat="46.774486" lon="8.291868">
      </trkpt>
      <trkpt lat="46.774486" lon="8.291894">
      </trkpt>
      <trkpt lat="46.774477" lon="8.291921">
      </trkpt>
      <trkpt lat="46.774467" lon="8.291933">
      </trkpt>
      <trkpt lat="46.77444" lon="8.291946">
      </trkpt>
      <trkpt lat="46.774404" lon="8.291959">
      </trkpt>
      <trkpt lat="46.774395" lon="8.291959">
      </trkpt>
      <trkpt lat="46.774386" lon="8.291985">
      </trkpt>
      <trkpt lat="46.774377" lon="8.292024">
      </trkpt>
      <trkpt lat="46.774358" lon="8.292102">
      </trkpt>
      <trkpt lat="46.774349" lon="8.292167">
      </trkpt>
      <trkpt lat="46.774357" lon="8.292246">
      </trkpt>
      <trkpt lat="46.774357" lon="8.292285">
      </trkpt>
      <trkpt lat="46.774365" lon="8.292351">
      </trkpt>
      <trkpt lat="46.774365" lon="8.292364">
      </trkpt>
      <trkpt lat="46.774356" lon="8.292403">
      </trkpt>
      <trkpt lat="46.774356" lon="8.292416">
      </trkpt>
      <trkpt lat="46.774329" lon="8.292442">
      </trkpt>
      <trkpt lat="46.774311" lon="8.292455">
      </trkpt>
      <trkpt lat="46.774293" lon="8.292468">
      </trkpt>
      <trkpt lat="46.774283" lon="8.292507">
      </trkpt>
      <trkpt lat="46.774274" lon="8.292533">
      </trkpt>
      <trkpt lat="46.774283" lon="8.292559">
      </trkpt>
      <trkpt lat="46.7743" lon="8.292612">
      </trkpt>
      <trkpt lat="46.774336" lon="8.292691">
      </trkpt>
      <trkpt lat="46.774362" lon="8.29277">
      </trkpt>
      <trkpt lat="46.774389" lon="8.292849">
      </trkpt>
      <trkpt lat="46.774433" lon="8.292967">
      </trkpt>
      <trkpt lat="46.774459" lon="8.293033">
      </trkpt>
      <trkpt lat="46.774468" lon="8.293073">
      </trkpt>
      <trkpt lat="46.774477" lon="8.293125">
      </trkpt>
      <trkpt lat="46.774494" lon="8.293178">
      </trkpt>
      <trkpt lat="46.774503" lon="8.293191">
      </trkpt>
      <trkpt lat="46.774557" lon="8.293205">
      </trkpt>
      <trkpt lat="46.774566" lon="8.293218">
      </trkpt>
      <trkpt lat="46.774566" lon="8.293231">
      </trkpt>
      <trkpt lat="46.774566" lon="8.293257">
      </trkpt>
      <trkpt lat="46.774547" lon="8.293296">
      </trkpt>
      <trkpt lat="46.774547" lon="8.293336">
      </trkpt>
      <trkpt lat="46.774565" lon="8.293388">
      </trkpt>
      <trkpt lat="46.774582" lon="8.293454">
      </trkpt>
      <trkpt lat="46.77459" lon="8.293559">
      </trkpt>
      <trkpt lat="46.774598" lon="8.293664">
      </trkpt>
      <trkpt lat="46.774606" lon="8.293847">
      </trkpt>
      <trkpt lat="46.774614" lon="8.293926">
      </trkpt>
      <trkpt lat="46.774675" lon="8.294228">
      </trkpt>
      <trkpt lat="46.774692" lon="8.29432">
      </trkpt>
      <trkpt lat="46.774727" lon="8.294465">
      </trkpt>
      <trkpt lat="46.774753" lon="8.294596">
      </trkpt>
      <trkpt lat="46.774788" lon="8.294728">
      </trkpt>
      <trkpt lat="46.774797" lon="8.294767">
      </trkpt>
      <trkpt lat="46.774806" lon="8.294806">
      </trkpt>
      <trkpt lat="46.774796" lon="8.294859">
      </trkpt>
      <trkpt lat="46.774787" lon="8.294911">
      </trkpt>
      <trkpt lat="46.774796" lon="8.29495">
      </trkpt>
      <trkpt lat="46.774804" lon="8.295016">
      </trkpt>
      <trkpt lat="46.774813" lon="8.295068">
      </trkpt>
      <trkpt lat="46.774848" lon="8.295134">
      </trkpt>
      <trkpt lat="46.774866" lon="8.295174">
      </trkpt>
      <trkpt lat="46.774866" lon="8.295226">
      </trkpt>
      <trkpt lat="46.774865" lon="8.295279">
      </trkpt>
      <trkpt lat="46.774856" lon="8.295344">
      </trkpt>
      <trkpt lat="46.774855" lon="8.295383">
      </trkpt>
      <trkpt lat="46.774864" lon="8.295449">
      </trkpt>
      <trkpt lat="46.77489" lon="8.29558">
      </trkpt>
      <trkpt lat="46.774898" lon="8.295698">
      </trkpt>
      <trkpt lat="46.774907" lon="8.295725">
      </trkpt>
      <trkpt lat="46.774915" lon="8.295777">
      </trkpt>
      <trkpt lat="46.774933" lon="8.295804">
      </trkpt>
      <trkpt lat="46.774933" lon="8.295856">
      </trkpt>
      <trkpt lat="46.774924" lon="8.295869">
      </trkpt>
      <trkpt lat="46.774923" lon="8.295908">
      </trkpt>
      <trkpt lat="46.774932" lon="8.295974">
      </trkpt>
      <trkpt lat="46.774932" lon="8.296">
      </trkpt>
      <trkpt lat="46.774923" lon="8.296013">
      </trkpt>
      <trkpt lat="46.774896" lon="8.296039">
      </trkpt>
      <trkpt lat="46.774886" lon="8.296065">
      </trkpt>
      <trkpt lat="46.774877" lon="8.296091">
      </trkpt>
      <trkpt lat="46.774886" lon="8.296117">
      </trkpt>
      <trkpt lat="46.774895" lon="8.296156">
      </trkpt>
      <trkpt lat="46.774921" lon="8.296209">
      </trkpt>
      <trkpt lat="46.77493" lon="8.296275">
      </trkpt>
      <trkpt lat="46.774938" lon="8.296327">
      </trkpt>
      <trkpt lat="46.774956" lon="8.296406">
      </trkpt>
      <trkpt lat="46.774964" lon="8.296446">
      </trkpt>
      <trkpt lat="46.774973" lon="8.296511">
      </trkpt>
      <trkpt lat="46.774982" lon="8.296551">
      </trkpt>
      <trkpt lat="46.774999" lon="8.296577">
      </trkpt>
      <trkpt lat="46.774999" lon="8.296603">
      </trkpt>
      <trkpt lat="46.774999" lon="8.29663">
      </trkpt>
      <trkpt lat="46.77499" lon="8.296669">
      </trkpt>
      <trkpt lat="46.774962" lon="8.296734">
      </trkpt>
      <trkpt lat="46.774962" lon="8.296773">
      </trkpt>
      <trkpt lat="46.774979" lon="8.296852">
      </trkpt>
      <trkpt lat="46.774988" lon="8.296944">
      </trkpt>
      <trkpt lat="46.774987" lon="8.297035">
      </trkpt>
      <trkpt lat="46.774996" lon="8.297075">
      </trkpt>
      <trkpt lat="46.775004" lon="8.297114">
      </trkpt>
      <trkpt lat="46.774995" lon="8.297179">
      </trkpt>
      <trkpt lat="46.774977" lon="8.297218">
      </trkpt>
      <trkpt lat="46.774949" lon="8.297244">
      </trkpt>
      <trkpt lat="46.774922" lon="8.297362">
      </trkpt>
      <trkpt lat="46.774894" lon="8.297492">
      </trkpt>
      <trkpt lat="46.774893" lon="8.297518">
      </trkpt>
      <trkpt lat="46.774893" lon="8.297571">
      </trkpt>
      <trkpt lat="46.774902" lon="8.297623">
      </trkpt>
      <trkpt lat="46.774928" lon="8.297702">
      </trkpt>
      <trkpt lat="46.774954" lon="8.297794">
      </trkpt>
      <trkpt lat="46.774972" lon="8.29786">
      </trkpt>
      <trkpt lat="46.77499" lon="8.297886">
      </trkpt>
      <trkpt lat="46.775034" lon="8.297966">
      </trkpt>
      <trkpt lat="46.775052" lon="8.297992">
      </trkpt>
      <trkpt lat="46.77506" lon="8.298032">
      </trkpt>
      <trkpt lat="46.77506" lon="8.298071">
      </trkpt>
      <trkpt lat="46.77506" lon="8.29811">
      </trkpt>
      <trkpt lat="46.775077" lon="8.298254">
      </trkpt>
      <trkpt lat="46.775076" lon="8.298294">
      </trkpt>
      <trkpt lat="46.775103" lon="8.29836">
      </trkpt>
      <trkpt lat="46.775103" lon="8.298386">
      </trkpt>
      <trkpt lat="46.775093" lon="8.298425">
      </trkpt>
      <trkpt lat="46.775093" lon="8.298477">
      </trkpt>
      <trkpt lat="46.775102" lon="8.29853">
      </trkpt>
      <trkpt lat="46.77511" lon="8.298556">
      </trkpt>
      <trkpt lat="46.775119" lon="8.298582">
      </trkpt>
      <trkpt lat="46.775137" lon="8.298596">
      </trkpt>
      <trkpt lat="46.775155" lon="8.298622">
      </trkpt>
      <trkpt lat="46.775164" lon="8.298649">
      </trkpt>
      <trkpt lat="46.775155" lon="8.298662">
      </trkpt>
      <trkpt lat="46.775154" lon="8.298701">
      </trkpt>
      <trkpt lat="46.775136" lon="8.29874">
      </trkpt>
      <trkpt lat="46.775136" lon="8.298792">
      </trkpt>
      <trkpt lat="46.775144" lon="8.298845">
      </trkpt>
      <trkpt lat="46.775153" lon="8.29891">
      </trkpt>
      <trkpt lat="46.77517" lon="8.298976">
      </trkpt>
      <trkpt lat="46.775206" lon="8.299055">
      </trkpt>
      <trkpt lat="46.775223" lon="8.299108">
      </trkpt>
      <trkpt lat="46.775232" lon="8.29916">
      </trkpt>
      <trkpt lat="46.775249" lon="8.299265">
      </trkpt>
      <trkpt lat="46.775267" lon="8.299331">
      </trkpt>
      <trkpt lat="46.775284" lon="8.299358">
      </trkpt>
      <trkpt lat="46.775293" lon="8.299371">
      </trkpt>
      <trkpt lat="46.775302" lon="8.299397">
      </trkpt>
      <trkpt lat="46.775302" lon="8.299436">
      </trkpt>
      <trkpt lat="46.77531" lon="8.299489">
      </trkpt>
      <trkpt lat="46.775319" lon="8.299541">
      </trkpt>
      <trkpt lat="46.775319" lon="8.299594">
      </trkpt>
      <trkpt lat="46.775362" lon="8.299752">
      </trkpt>
      <trkpt lat="46.775371" lon="8.29983">
      </trkpt>
      <trkpt lat="46.775379" lon="8.299909">
      </trkpt>
      <trkpt lat="46.77537" lon="8.299987">
      </trkpt>
      <trkpt lat="46.77536" lon="8.30004">
      </trkpt>
      <trkpt lat="46.775369" lon="8.300079">
      </trkpt>
      <trkpt lat="46.775378" lon="8.300119">
      </trkpt>
      <trkpt lat="46.775378" lon="8.300119">
      </trkpt>
      <trkpt lat="46.775404" lon="8.300184">
      </trkpt>
      <trkpt lat="46.775456" lon="8.30046">
      </trkpt>
      <trkpt lat="46.775464" lon="8.300526">
      </trkpt>
      <trkpt lat="46.775482" lon="8.300592">
      </trkpt>
      <trkpt lat="46.775499" lon="8.30067">
      </trkpt>
      <trkpt lat="46.775517" lon="8.300723">
      </trkpt>
      <trkpt lat="46.775517" lon="8.300762">
      </trkpt>
      <trkpt lat="46.775507" lon="8.300788">
      </trkpt>
      <trkpt lat="46.775498" lon="8.300814">
      </trkpt>
      <trkpt lat="46.775489" lon="8.300841">
      </trkpt>
      <trkpt lat="46.775489" lon="8.300867">
      </trkpt>
      <trkpt lat="46.775506" lon="8.300998">
      </trkpt>
      <trkpt lat="46.775514" lon="8.30109">
      </trkpt>
      <trkpt lat="46.775523" lon="8.301129">
      </trkpt>
      <trkpt lat="46.775531" lon="8.301195">
      </trkpt>
      <trkpt lat="46.775531" lon="8.301221">
      </trkpt>
      <trkpt lat="46.775522" lon="8.301286">
      </trkpt>
      <trkpt lat="46.775522" lon="8.301286">
      </trkpt>
      <trkpt lat="46.775548" lon="8.301339">
      </trkpt>
      <trkpt lat="46.775575" lon="8.301405">
      </trkpt>
      <trkpt lat="46.775575" lon="8.301405">
      </trkpt>
      <trkpt lat="46.775484" lon="8.301495">
      </trkpt>
      <trkpt lat="46.775448" lon="8.301521">
      </trkpt>
      <trkpt lat="46.775412" lon="8.301533">
      </trkpt>
      <trkpt lat="46.775349" lon="8.301532">
      </trkpt>
      <trkpt lat="46.775133" lon="8.301503">
      </trkpt>
      <trkpt lat="46.774387" lon="8.301412">
      </trkpt>
      <trkpt lat="46.77392" lon="8.301352">
      </trkpt>
      <trkpt lat="46.773668" lon="8.301322">
      </trkpt>
      <trkpt lat="46.773543" lon="8.301294">
      </trkpt>
      <trkpt lat="46.773453" lon="8.301266">
      </trkpt>
      <trkpt lat="46.773345" lon="8.301212">
      </trkpt>
      <trkpt lat="46.773229" lon="8.301145">
      </trkpt>
      <trkpt lat="46.773095" lon="8.301038">
      </trkpt>
      <trkpt lat="46.772907" lon="8.300865">
      </trkpt>
      <trkpt lat="46.772371" lon="8.300411">
      </trkpt>
      <trkpt lat="46.77221" lon="8.300291">
      </trkpt>
      <trkpt lat="46.772102" lon="8.300223">
      </trkpt>
      <trkpt lat="46.771995" lon="8.300195">
      </trkpt>
      <trkpt lat="46.771896" lon="8.300181">
      </trkpt>
      <trkpt lat="46.771779" lon="8.300166">
      </trkpt>
      <trkpt lat="46.771563" lon="8.300189">
      </trkpt>
      <trkpt lat="46.77132" lon="8.300211">
      </trkpt>
      <trkpt lat="46.771059" lon="8.300233">
      </trkpt>
      <trkpt lat="46.770519" lon="8.300277">
      </trkpt>
      <trkpt lat="46.770375" lon="8.300287">
      </trkpt>
      <trkpt lat="46.770329" lon="8.3003">
      </trkpt>
      <trkpt lat="46.770293" lon="8.300325">
      </trkpt>
      <trkpt lat="46.770266" lon="8.300351">
      </trkpt>
      <trkpt lat="46.770239" lon="8.300364">
      </trkpt>
      <trkpt lat="46.770212" lon="8.300376">
      </trkpt>
      <trkpt lat="46.770212" lon="8.300376">
      </trkpt>
      <trkpt lat="46.770212" lon="8.300429">
      </trkpt>
      <trkpt lat="46.77022" lon="8.300521">
      </trkpt>
      <trkpt lat="46.770219" lon="8.300612">
      </trkpt>
      <trkpt lat="46.770236" lon="8.300757">
      </trkpt>
      <trkpt lat="46.770253" lon="8.300835">
      </trkpt>
      <trkpt lat="46.770271" lon="8.300888">
      </trkpt>
      <trkpt lat="46.770377" lon="8.301099">
      </trkpt>
      <trkpt lat="46.770413" lon="8.301165">
      </trkpt>
      <trkpt lat="46.770475" lon="8.301284">
      </trkpt>
      <trkpt lat="46.770546" lon="8.301429">
      </trkpt>
      <trkpt lat="46.770634" lon="8.301614">
      </trkpt>
      <trkpt lat="46.77067" lon="8.30168">
      </trkpt>
      <trkpt lat="46.770679" lon="8.301732">
      </trkpt>
      <trkpt lat="46.770678" lon="8.301798">
      </trkpt>
      <trkpt lat="46.770677" lon="8.30189">
      </trkpt>
      <trkpt lat="46.770686" lon="8.301916">
      </trkpt>
      <trkpt lat="46.770695" lon="8.301942">
      </trkpt>
      <trkpt lat="46.770731" lon="8.301943">
      </trkpt>
      <trkpt lat="46.770821" lon="8.30197">
      </trkpt>
      <trkpt lat="46.770874" lon="8.302011">
      </trkpt>
      <trkpt lat="46.770936" lon="8.302129">
      </trkpt>
      <trkpt lat="46.771025" lon="8.302288">
      </trkpt>
      <trkpt lat="46.771158" lon="8.302513">
      </trkpt>
      <trkpt lat="46.771194" lon="8.302553">
      </trkpt>
      <trkpt lat="46.771274" lon="8.302632">
      </trkpt>
      <trkpt lat="46.771337" lon="8.302686">
      </trkpt>
      <trkpt lat="46.771399" lon="8.302791">
      </trkpt>
      <trkpt lat="46.771435" lon="8.302857">
      </trkpt>
      <trkpt lat="46.77147" lon="8.30295">
      </trkpt>
      <trkpt lat="46.771496" lon="8.303081">
      </trkpt>
      <trkpt lat="46.771513" lon="8.303173">
      </trkpt>
      <trkpt lat="46.77154" lon="8.303252">
      </trkpt>
      <trkpt lat="46.771584" lon="8.303318">
      </trkpt>
      <trkpt lat="46.771629" lon="8.303371">
      </trkpt>
      <trkpt lat="46.771655" lon="8.303411">
      </trkpt>
      <trkpt lat="46.771655" lon="8.30345">
      </trkpt>
      <trkpt lat="46.771646" lon="8.303502">
      </trkpt>
      <trkpt lat="46.771618" lon="8.303581">
      </trkpt>
      <trkpt lat="46.771618" lon="8.303633">
      </trkpt>
      <trkpt lat="46.771617" lon="8.303711">
      </trkpt>
      <trkpt lat="46.771643" lon="8.303843">
      </trkpt>
      <trkpt lat="46.771695" lon="8.304053">
      </trkpt>
      <trkpt lat="46.77173" lon="8.304224">
      </trkpt>
      <trkpt lat="46.771756" lon="8.304381">
      </trkpt>
      <trkpt lat="46.771764" lon="8.304513">
      </trkpt>
      <trkpt lat="46.771763" lon="8.304696">
      </trkpt>
      <trkpt lat="46.771769" lon="8.304997">
      </trkpt>
      <trkpt lat="46.771777" lon="8.305102">
      </trkpt>
      <trkpt lat="46.771776" lon="8.305246">
      </trkpt>
      <trkpt lat="46.771756" lon="8.305534">
      </trkpt>
      <trkpt lat="46.771737" lon="8.305664">
      </trkpt>
      <trkpt lat="46.771709" lon="8.305808">
      </trkpt>
      <trkpt lat="46.771663" lon="8.30599">
      </trkpt>
      <trkpt lat="46.771617" lon="8.306108">
      </trkpt>
      <trkpt lat="46.771516" lon="8.30642">
      </trkpt>
      <trkpt lat="46.771488" lon="8.306551">
      </trkpt>
      <trkpt lat="46.771449" lon="8.306877">
      </trkpt>
      <trkpt lat="46.771448" lon="8.307074">
      </trkpt>
      <trkpt lat="46.771446" lon="8.307231">
      </trkpt>
      <trkpt lat="46.771445" lon="8.307388">
      </trkpt>
      <trkpt lat="46.771453" lon="8.307519">
      </trkpt>
      <trkpt lat="46.771461" lon="8.307624">
      </trkpt>
      <trkpt lat="46.771496" lon="8.30786">
      </trkpt>
      <trkpt lat="46.771496" lon="8.30786">
      </trkpt>
      <trkpt lat="46.771514" lon="8.30786">
      </trkpt>
      <trkpt lat="46.771531" lon="8.307887">
      </trkpt>
      <trkpt lat="46.771575" lon="8.308032">
      </trkpt>
      <trkpt lat="46.771619" lon="8.308137">
      </trkpt>
      <trkpt lat="46.771646" lon="8.308229">
      </trkpt>
      <trkpt lat="46.771663" lon="8.308295">
      </trkpt>
      <trkpt lat="46.771672" lon="8.308374">
      </trkpt>
      <trkpt lat="46.771671" lon="8.308439">
      </trkpt>
      <trkpt lat="46.77168" lon="8.308478">
      </trkpt>
      <trkpt lat="46.771689" lon="8.308505">
      </trkpt>
      <trkpt lat="46.771715" lon="8.308544">
      </trkpt>
      <trkpt lat="46.771769" lon="8.308624">
      </trkpt>
      <trkpt lat="46.771804" lon="8.308664">
      </trkpt>
      <trkpt lat="46.771849" lon="8.308743">
      </trkpt>
      <trkpt lat="46.771946" lon="8.308928">
      </trkpt>
      <trkpt lat="46.772009" lon="8.309007">
      </trkpt>
      <trkpt lat="46.772062" lon="8.3091">
      </trkpt>
      <trkpt lat="46.772115" lon="8.309206">
      </trkpt>
      <trkpt lat="46.772177" lon="8.309311">
      </trkpt>
      <trkpt lat="46.772213" lon="8.309351">
      </trkpt>
      <trkpt lat="46.772258" lon="8.309391">
      </trkpt>
      <trkpt lat="46.772285" lon="8.309405">
      </trkpt>
      <trkpt lat="46.772321" lon="8.309392">
      </trkpt>
      <trkpt lat="46.772321" lon="8.309392">
      </trkpt>
      <trkpt lat="46.77233" lon="8.309353">
      </trkpt>
      <trkpt lat="46.772339" lon="8.309288">
      </trkpt>
      <trkpt lat="46.772358" lon="8.309236">
      </trkpt>
      <trkpt lat="46.772385" lon="8.309223">
      </trkpt>
      <trkpt lat="46.772421" lon="8.30921">
      </trkpt>
      <trkpt lat="46.772484" lon="8.309212">
      </trkpt>
      <trkpt lat="46.77252" lon="8.309225">
      </trkpt>
      <trkpt lat="46.772564" lon="8.309278">
      </trkpt>
      <trkpt lat="46.772645" lon="8.309358">
      </trkpt>
      <trkpt lat="46.772698" lon="8.309451">
      </trkpt>
      <trkpt lat="46.772787" lon="8.309609">
      </trkpt>
      <trkpt lat="46.772867" lon="8.309715">
      </trkpt>
      <trkpt lat="46.772894" lon="8.309742">
      </trkpt>
      <trkpt lat="46.772911" lon="8.309781">
      </trkpt>
      <trkpt lat="46.772929" lon="8.309821">
      </trkpt>
      <trkpt lat="46.772938" lon="8.309874">
      </trkpt>
      <trkpt lat="46.772937" lon="8.309926">
      </trkpt>
      <trkpt lat="46.772918" lon="8.310043">
      </trkpt>
      <trkpt lat="46.772899" lon="8.310187">
      </trkpt>
      <trkpt lat="46.772879" lon="8.310527">
      </trkpt>
      <trkpt lat="46.77286" lon="8.310579">
      </trkpt>
      <trkpt lat="46.772842" lon="8.310618">
      </trkpt>
      <trkpt lat="46.772806" lon="8.310631">
      </trkpt>
      <trkpt lat="46.772743" lon="8.310643">
      </trkpt>
      <trkpt lat="46.772698" lon="8.310642">
      </trkpt>
      <trkpt lat="46.772662" lon="8.310628">
      </trkpt>
      <trkpt lat="46.772626" lon="8.310628">
      </trkpt>
      <trkpt lat="46.772608" lon="8.310641">
      </trkpt>
      <trkpt lat="46.772608" lon="8.310641">
      </trkpt>
      <trkpt lat="46.772599" lon="8.310641">
      </trkpt>
      <trkpt lat="46.772581" lon="8.31068">
      </trkpt>
      <trkpt lat="46.77258" lon="8.310719">
      </trkpt>
      <trkpt lat="46.772589" lon="8.310758">
      </trkpt>
      <trkpt lat="46.772607" lon="8.310824">
      </trkpt>
      <trkpt lat="46.772669" lon="8.310904">
      </trkpt>
      <trkpt lat="46.772838" lon="8.311129">
      </trkpt>
      <trkpt lat="46.772909" lon="8.311209">
      </trkpt>
      <trkpt lat="46.772963" lon="8.311301">
      </trkpt>
      <trkpt lat="46.773016" lon="8.31142">
      </trkpt>
      <trkpt lat="46.773069" lon="8.311539">
      </trkpt>
      <trkpt lat="46.773184" lon="8.31175">
      </trkpt>
      <trkpt lat="46.77322" lon="8.311816">
      </trkpt>
      <trkpt lat="46.773228" lon="8.311882">
      </trkpt>
      <trkpt lat="46.773228" lon="8.311947">
      </trkpt>
      <trkpt lat="46.773218" lon="8.311999">
      </trkpt>
      <trkpt lat="46.7732" lon="8.312077">
      </trkpt>
      <trkpt lat="46.773172" lon="8.312142">
      </trkpt>
      <trkpt lat="46.773136" lon="8.312207">
      </trkpt>
      <trkpt lat="46.773108" lon="8.312272">
      </trkpt>
      <trkpt lat="46.773108" lon="8.312312">
      </trkpt>
      <trkpt lat="46.773108" lon="8.312364">
      </trkpt>
      <trkpt lat="46.773125" lon="8.312404">
      </trkpt>
      <trkpt lat="46.773152" lon="8.312443">
      </trkpt>
      <trkpt lat="46.773152" lon="8.312443">
      </trkpt>
      <trkpt lat="46.773232" lon="8.312562">
      </trkpt>
      <trkpt lat="46.773277" lon="8.312616">
      </trkpt>
      <trkpt lat="46.773303" lon="8.312642">
      </trkpt>
      <trkpt lat="46.773357" lon="8.312643">
      </trkpt>
      <trkpt lat="46.773438" lon="8.312644">
      </trkpt>
      <trkpt lat="46.773537" lon="8.312659">
      </trkpt>
      <trkpt lat="46.773708" lon="8.312701">
      </trkpt>
      <trkpt lat="46.773815" lon="8.312755">
      </trkpt>
      <trkpt lat="46.773896" lon="8.312809">
      </trkpt>
      <trkpt lat="46.773958" lon="8.312862">
      </trkpt>
      <trkpt lat="46.77403" lon="8.312968">
      </trkpt>
      <trkpt lat="46.774092" lon="8.313074">
      </trkpt>
      <trkpt lat="46.774145" lon="8.313127">
      </trkpt>
      <trkpt lat="46.774243" lon="8.313234">
      </trkpt>
      <trkpt lat="46.774342" lon="8.313327">
      </trkpt>
      <trkpt lat="46.774556" lon="8.313514">
      </trkpt>
      <trkpt lat="46.77461" lon="8.313567">
      </trkpt>
      <trkpt lat="46.774663" lon="8.313646">
      </trkpt>
      <trkpt lat="46.774708" lon="8.313673">
      </trkpt>
      <trkpt lat="46.774798" lon="8.313688">
      </trkpt>
      <trkpt lat="46.774879" lon="8.313702">
      </trkpt>
      <trkpt lat="46.774986" lon="8.313743">
      </trkpt>
      <trkpt lat="46.775085" lon="8.313784">
      </trkpt>
      <trkpt lat="46.775129" lon="8.313824">
      </trkpt>
      <trkpt lat="46.77521" lon="8.313904">
      </trkpt>
      <trkpt lat="46.775281" lon="8.313971">
      </trkpt>
      <trkpt lat="46.775344" lon="8.313998">
      </trkpt>
      <trkpt lat="46.77538" lon="8.313998">
      </trkpt>
      <trkpt lat="46.775434" lon="8.313973">
      </trkpt>
      <trkpt lat="46.775497" lon="8.313948">
      </trkpt>
      <trkpt lat="46.775551" lon="8.313936">
      </trkpt>
      <trkpt lat="46.775651" lon="8.313911">
      </trkpt>
      <trkpt lat="46.775678" lon="8.313898">
      </trkpt>
      <trkpt lat="46.775678" lon="8.313898">
      </trkpt>
      <trkpt lat="46.775722" lon="8.314043">
      </trkpt>
      <trkpt lat="46.77581" lon="8.314293">
      </trkpt>
      <trkpt lat="46.775845" lon="8.314399">
      </trkpt>
      <trkpt lat="46.775889" lon="8.314557">
      </trkpt>
      <trkpt lat="46.775932" lon="8.314727">
      </trkpt>
      <trkpt lat="46.775958" lon="8.314872">
      </trkpt>
      <trkpt lat="46.775958" lon="8.314872">
      </trkpt>
      <trkpt lat="46.775984" lon="8.314964">
      </trkpt>
      <trkpt lat="46.776029" lon="8.315069">
      </trkpt>
      <trkpt lat="46.776073" lon="8.315149">
      </trkpt>
      <trkpt lat="46.776135" lon="8.315228">
      </trkpt>
      <trkpt lat="46.776278" lon="8.315427">
      </trkpt>
      <trkpt lat="46.776358" lon="8.315546">
      </trkpt>
      <trkpt lat="46.776429" lon="8.315665">
      </trkpt>
      <trkpt lat="46.776491" lon="8.315784">
      </trkpt>
      <trkpt lat="46.776535" lon="8.31589">
      </trkpt>
      <trkpt lat="46.776597" lon="8.316061">
      </trkpt>
      <trkpt lat="46.77665" lon="8.316166">
      </trkpt>
      <trkpt lat="46.776703" lon="8.316246">
      </trkpt>
      <trkpt lat="46.776792" lon="8.316352">
      </trkpt>
      <trkpt lat="46.776891" lon="8.316445">
      </trkpt>
      <trkpt lat="46.776962" lon="8.316538">
      </trkpt>
      <trkpt lat="46.777033" lon="8.316644">
      </trkpt>
      <trkpt lat="46.777113" lon="8.316802">
      </trkpt>
      <trkpt lat="46.777166" lon="8.316869">
      </trkpt>
      <trkpt lat="46.777247" lon="8.316936">
      </trkpt>
      <trkpt lat="46.777354" lon="8.317003">
      </trkpt>
      <trkpt lat="46.777488" lon="8.317084">
      </trkpt>
      <trkpt lat="46.77756" lon="8.31715">
      </trkpt>
      <trkpt lat="46.777622" lon="8.31723">
      </trkpt>
      <trkpt lat="46.77772" lon="8.317375">
      </trkpt>
      <trkpt lat="46.7778" lon="8.317534">
      </trkpt>
      <trkpt lat="46.77788" lon="8.317692">
      </trkpt>
      <trkpt lat="46.777906" lon="8.317732">
      </trkpt>
      <trkpt lat="46.777942" lon="8.317772">
      </trkpt>
      <trkpt lat="46.777942" lon="8.317772">
      </trkpt>
      <trkpt lat="46.777978" lon="8.317812">
      </trkpt>
      <trkpt lat="46.777978" lon="8.317812">
      </trkpt>
      <trkpt lat="46.778004" lon="8.317851">
      </trkpt>
      <trkpt lat="46.778173" lon="8.31809">
      </trkpt>
      <trkpt lat="46.778227" lon="8.318182">
      </trkpt>
      <trkpt lat="46.778271" lon="8.318288">
      </trkpt>
      <trkpt lat="46.778323" lon="8.318459">
      </trkpt>
      <trkpt lat="46.778323" lon="8.318459">
      </trkpt>
      <trkpt lat="46.77842" lon="8.318709">
      </trkpt>
      <trkpt lat="46.778491" lon="8.318881">
      </trkpt>
      <trkpt lat="46.778544" lon="8.31896">
      </trkpt>
      <trkpt lat="46.778607" lon="8.319027">
      </trkpt>
      <trkpt lat="46.778714" lon="8.319107">
      </trkpt>
      <trkpt lat="46.778714" lon="8.319107">
      </trkpt>
      <trkpt lat="46.778714" lon="8.319199">
      </trkpt>
      <trkpt lat="46.778713" lon="8.319277">
      </trkpt>
      <trkpt lat="46.778713" lon="8.319303">
      </trkpt>
      <trkpt lat="46.778713" lon="8.319303">
      </trkpt>
      <trkpt lat="46.778712" lon="8.319343">
      </trkpt>
      <trkpt lat="46.778703" lon="8.319447">
      </trkpt>
      <trkpt lat="46.778684" lon="8.319552">
      </trkpt>
      <trkpt lat="46.778656" lon="8.31963">
      </trkpt>
      <trkpt lat="46.778629" lon="8.319695">
      </trkpt>
      <trkpt lat="46.77852" lon="8.319772">
      </trkpt>
      <trkpt lat="46.778484" lon="8.319824">
      </trkpt>
      <trkpt lat="46.778465" lon="8.319889">
      </trkpt>
      <trkpt lat="46.778438" lon="8.319993">
      </trkpt>
      <trkpt lat="46.778353" lon="8.32045">
      </trkpt>
      <trkpt lat="46.778307" lon="8.320633">
      </trkpt>
      <trkpt lat="46.778297" lon="8.320711">
      </trkpt>
      <trkpt lat="46.778297" lon="8.320776">
      </trkpt>
      <trkpt lat="46.778323" lon="8.320829">
      </trkpt>
      <trkpt lat="46.778359" lon="8.320869">
      </trkpt>
      <trkpt lat="46.778404" lon="8.320896">
      </trkpt>
      <trkpt lat="46.778404" lon="8.320896">
      </trkpt>
      <trkpt lat="46.77842" lon="8.321067">
      </trkpt>
      <trkpt lat="46.778446" lon="8.321263">
      </trkpt>
      <trkpt lat="46.778481" lon="8.321369">
      </trkpt>
      <trkpt lat="46.778489" lon="8.321434">
      </trkpt>
      <trkpt lat="46.778489" lon="8.321474">
      </trkpt>
      <trkpt lat="46.778462" lon="8.321539">
      </trkpt>
      <trkpt lat="46.778407" lon="8.321577">
      </trkpt>
      <trkpt lat="46.778335" lon="8.321628">
      </trkpt>
      <trkpt lat="46.778281" lon="8.32168">
      </trkpt>
      <trkpt lat="46.778244" lon="8.321718">
      </trkpt>
      <trkpt lat="46.77819" lon="8.321809">
      </trkpt>
      <trkpt lat="46.778135" lon="8.321926">
      </trkpt>
      <trkpt lat="46.778089" lon="8.321991">
      </trkpt>
      <trkpt lat="46.778053" lon="8.32203">
      </trkpt>
      <trkpt lat="46.777954" lon="8.322093">
      </trkpt>
      <trkpt lat="46.777881" lon="8.322145">
      </trkpt>
      <trkpt lat="46.777818" lon="8.322209">
      </trkpt>
      <trkpt lat="46.777745" lon="8.322313">
      </trkpt>
      <trkpt lat="46.777681" lon="8.322377">
      </trkpt>
      <trkpt lat="46.777609" lon="8.322441">
      </trkpt>
      <trkpt lat="46.777554" lon="8.322519">
      </trkpt>
      <trkpt lat="46.777518" lon="8.32261">
      </trkpt>
      <trkpt lat="46.777481" lon="8.322662">
      </trkpt>
      <trkpt lat="46.777436" lon="8.322727">
      </trkpt>
      <trkpt lat="46.777399" lon="8.322791">
      </trkpt>
      <trkpt lat="46.77739" lon="8.322844">
      </trkpt>
      <trkpt lat="46.777389" lon="8.322922">
      </trkpt>
      <trkpt lat="46.777398" lon="8.323014">
      </trkpt>
      <trkpt lat="46.777397" lon="8.323066">
      </trkpt>
      <trkpt lat="46.777388" lon="8.323105">
      </trkpt>
      <trkpt lat="46.777361" lon="8.323131">
      </trkpt>
      <trkpt lat="46.777361" lon="8.323131">
      </trkpt>
      <trkpt lat="46.777262" lon="8.323169">
      </trkpt>
      <trkpt lat="46.777162" lon="8.32322">
      </trkpt>
      <trkpt lat="46.777" lon="8.323296">
      </trkpt>
      <trkpt lat="46.776954" lon="8.323321">
      </trkpt>
      <trkpt lat="46.776909" lon="8.323333">
      </trkpt>
      <trkpt lat="46.776882" lon="8.323333">
      </trkpt>
      <trkpt lat="46.776819" lon="8.323332">
      </trkpt>
      <trkpt lat="46.776739" lon="8.323304">
      </trkpt>
      <trkpt lat="46.776649" lon="8.32329">
      </trkpt>
      <trkpt lat="46.776541" lon="8.323262">
      </trkpt>
      <trkpt lat="46.776505" lon="8.323235">
      </trkpt>
      <trkpt lat="46.77647" lon="8.323208">
      </trkpt>
      <trkpt lat="46.776452" lon="8.323169">
      </trkpt>
      <trkpt lat="46.776425" lon="8.323155">
      </trkpt>
      <trkpt lat="46.776353" lon="8.323128">
      </trkpt>
      <trkpt lat="46.776264" lon="8.323074">
      </trkpt>
      <trkpt lat="46.776219" lon="8.323034">
      </trkpt>
      <trkpt lat="46.776166" lon="8.322968">
      </trkpt>
      <trkpt lat="46.776121" lon="8.322914">
      </trkpt>
      <trkpt lat="46.776094" lon="8.322888">
      </trkpt>
      <trkpt lat="46.776058" lon="8.322861">
      </trkpt>
      <trkpt lat="46.776023" lon="8.322847">
      </trkpt>
      <trkpt lat="46.776023" lon="8.322847">
      </trkpt>
      <trkpt lat="46.776005" lon="8.322847">
      </trkpt>
      <trkpt lat="46.775977" lon="8.32286">
      </trkpt>
      <trkpt lat="46.77595" lon="8.322885">
      </trkpt>
      <trkpt lat="46.775941" lon="8.322912">
      </trkpt>
      <trkpt lat="46.775941" lon="8.322964">
      </trkpt>
      <trkpt lat="46.775949" lon="8.323056">
      </trkpt>
      <trkpt lat="46.775948" lon="8.32316">
      </trkpt>
      <trkpt lat="46.775956" lon="8.323291">
      </trkpt>
      <trkpt lat="46.775918" lon="8.323527">
      </trkpt>
      <trkpt lat="46.775881" lon="8.32367">
      </trkpt>
      <trkpt lat="46.775845" lon="8.323722">
      </trkpt>
      <trkpt lat="46.775764" lon="8.323734">
      </trkpt>
      <trkpt lat="46.77571" lon="8.323746">
      </trkpt>
      <trkpt lat="46.775656" lon="8.323771">
      </trkpt>
      <trkpt lat="46.77561" lon="8.323796">
      </trkpt>
      <trkpt lat="46.775583" lon="8.323822">
      </trkpt>
      <trkpt lat="46.775565" lon="8.323861">
      </trkpt>
      <trkpt lat="46.775556" lon="8.323874">
      </trkpt>
      <trkpt lat="46.775565" lon="8.323914">
      </trkpt>
      <trkpt lat="46.775573" lon="8.323966">
      </trkpt>
      <trkpt lat="46.775591" lon="8.324032">
      </trkpt>
      <trkpt lat="46.775581" lon="8.324058">
      </trkpt>
      <trkpt lat="46.775536" lon="8.324162">
      </trkpt>
      <trkpt lat="46.775517" lon="8.324201">
      </trkpt>
      <trkpt lat="46.775481" lon="8.32424">
      </trkpt>
      <trkpt lat="46.775472" lon="8.324279">
      </trkpt>
      <trkpt lat="46.775462" lon="8.324331">
      </trkpt>
      <trkpt lat="46.775462" lon="8.324409">
      </trkpt>
      <trkpt lat="46.775469" lon="8.324645">
      </trkpt>
      <trkpt lat="46.775468" lon="8.324724">
      </trkpt>
      <trkpt lat="46.775468" lon="8.324789">
      </trkpt>
      <trkpt lat="46.775476" lon="8.324907">
      </trkpt>
      <trkpt lat="46.775475" lon="8.324986">
      </trkpt>
      <trkpt lat="46.775475" lon="8.325077">
      </trkpt>
      <trkpt lat="46.775447" lon="8.325169">
      </trkpt>
      <trkpt lat="46.775447" lon="8.325169">
      </trkpt>
      <trkpt lat="46.775428" lon="8.325247">
      </trkpt>
      <trkpt lat="46.775419" lon="8.325325">
      </trkpt>
      <trkpt lat="46.775409" lon="8.32543">
      </trkpt>
      <trkpt lat="46.775399" lon="8.325561">
      </trkpt>
      <trkpt lat="46.775407" lon="8.325679">
      </trkpt>
      <trkpt lat="46.775406" lon="8.325757">
      </trkpt>
      <trkpt lat="46.775406" lon="8.325823">
      </trkpt>
      <trkpt lat="46.775396" lon="8.325888">
      </trkpt>
      <trkpt lat="46.775369" lon="8.325901">
      </trkpt>
      <trkpt lat="46.775351" lon="8.3259">
      </trkpt>
      <trkpt lat="46.775333" lon="8.3259">
      </trkpt>
      <trkpt lat="46.775315" lon="8.325874">
      </trkpt>
      <trkpt lat="46.775307" lon="8.325821">
      </trkpt>
      <trkpt lat="46.775298" lon="8.325755">
      </trkpt>
      <trkpt lat="46.77529" lon="8.325703">
      </trkpt>
      <trkpt lat="46.775237" lon="8.325519">
      </trkpt>
      <trkpt lat="46.775238" lon="8.325466">
      </trkpt>
      <trkpt lat="46.77522" lon="8.32544">
      </trkpt>
      <trkpt lat="46.77522" lon="8.32544">
      </trkpt>
      <trkpt lat="46.775202" lon="8.32544">
      </trkpt>
      <trkpt lat="46.775184" lon="8.325452">
      </trkpt>
      <trkpt lat="46.775175" lon="8.325478">
      </trkpt>
      <trkpt lat="46.775174" lon="8.325557">
      </trkpt>
      <trkpt lat="46.775173" lon="8.325675">
      </trkpt>
      <trkpt lat="46.775153" lon="8.325871">
      </trkpt>
      <trkpt lat="46.775188" lon="8.326081">
      </trkpt>
      <trkpt lat="46.775232" lon="8.326213">
      </trkpt>
      <trkpt lat="46.775285" lon="8.326344">
      </trkpt>
      <trkpt lat="46.77533" lon="8.326358">
      </trkpt>
      <trkpt lat="46.775436" lon="8.326504">
      </trkpt>
      <trkpt lat="46.775517" lon="8.326571">
      </trkpt>
      <trkpt lat="46.775614" lon="8.326769">
      </trkpt>
      <trkpt lat="46.775677" lon="8.326796">
      </trkpt>
      <trkpt lat="46.775767" lon="8.326863">
      </trkpt>
      <trkpt lat="46.775865" lon="8.326904">
      </trkpt>
      <trkpt lat="46.775964" lon="8.326971">
      </trkpt>
      <trkpt lat="46.776035" lon="8.327025">
      </trkpt>
      <trkpt lat="46.77608" lon="8.327065">
      </trkpt>
      <trkpt lat="46.776124" lon="8.32717">
      </trkpt>
      <trkpt lat="46.776177" lon="8.327302">
      </trkpt>
      <trkpt lat="46.776176" lon="8.327446">
      </trkpt>
      <trkpt lat="46.776184" lon="8.327564">
      </trkpt>
      <trkpt lat="46.776192" lon="8.32763">
      </trkpt>
      <trkpt lat="46.77621" lon="8.327669">
      </trkpt>
      <trkpt lat="46.776317" lon="8.327802">
      </trkpt>
      <trkpt lat="46.776361" lon="8.327868">
      </trkpt>
      <trkpt lat="46.776397" lon="8.327973">
      </trkpt>
      <trkpt lat="46.776441" lon="8.328027">
      </trkpt>
      <trkpt lat="46.776476" lon="8.328132">
      </trkpt>
      <trkpt lat="46.776556" lon="8.328264">
      </trkpt>
      <trkpt lat="46.776627" lon="8.328396">
      </trkpt>
      <trkpt lat="46.776671" lon="8.328502">
      </trkpt>
      <trkpt lat="46.776698" lon="8.328607">
      </trkpt>
      <trkpt lat="46.776786" lon="8.328792">
      </trkpt>
      <trkpt lat="46.776821" lon="8.328923">
      </trkpt>
      <trkpt lat="46.776865" lon="8.329094">
      </trkpt>
      <trkpt lat="46.776873" lon="8.329186">
      </trkpt>
      <trkpt lat="46.776908" lon="8.329278">
      </trkpt>
      <trkpt lat="46.776942" lon="8.329501">
      </trkpt>
      <trkpt lat="46.777012" lon="8.329751">
      </trkpt>
      <trkpt lat="46.777038" lon="8.329935">
      </trkpt>
      <trkpt lat="46.777046" lon="8.330092">
      </trkpt>
      <trkpt lat="46.777063" lon="8.330197">
      </trkpt>
      <trkpt lat="46.777088" lon="8.330407">
      </trkpt>
      <trkpt lat="46.777105" lon="8.330552">
      </trkpt>
      <trkpt lat="46.777113" lon="8.330683">
      </trkpt>
      <trkpt lat="46.777104" lon="8.330735">
      </trkpt>
      <trkpt lat="46.777121" lon="8.330774">
      </trkpt>
      <trkpt lat="46.777121" lon="8.330853">
      </trkpt>
      <trkpt lat="46.777129" lon="8.330932">
      </trkpt>
      <trkpt lat="46.777129" lon="8.33101">
      </trkpt>
      <trkpt lat="46.777137" lon="8.331141">
      </trkpt>
      <trkpt lat="46.777136" lon="8.331207">
      </trkpt>
      <trkpt lat="46.777145" lon="8.331272">
      </trkpt>
      <trkpt lat="46.777153" lon="8.331351">
      </trkpt>
      <trkpt lat="46.777206" lon="8.331457">
      </trkpt>
      <trkpt lat="46.777223" lon="8.331549">
      </trkpt>
      <trkpt lat="46.777223" lon="8.331601">
      </trkpt>
      <trkpt lat="46.77724" lon="8.331732">
      </trkpt>
      <trkpt lat="46.777248" lon="8.331798">
      </trkpt>
      <trkpt lat="46.777257" lon="8.331864">
      </trkpt>
      <trkpt lat="46.777283" lon="8.331956">
      </trkpt>
      <trkpt lat="46.777301" lon="8.332008">
      </trkpt>
      <trkpt lat="46.777345" lon="8.332088">
      </trkpt>
      <trkpt lat="46.777363" lon="8.33214">
      </trkpt>
      <trkpt lat="46.777389" lon="8.332219">
      </trkpt>
      <trkpt lat="46.777424" lon="8.332338">
      </trkpt>
      <trkpt lat="46.777442" lon="8.332404">
      </trkpt>
      <trkpt lat="46.77745" lon="8.332482">
      </trkpt>
      <trkpt lat="46.77745" lon="8.332522">
      </trkpt>
      <trkpt lat="46.777458" lon="8.332587">
      </trkpt>
      <trkpt lat="46.777475" lon="8.332692">
      </trkpt>
      <trkpt lat="46.777483" lon="8.33281">
      </trkpt>
      <trkpt lat="46.777501" lon="8.332876">
      </trkpt>
      <trkpt lat="46.777518" lon="8.332981">
      </trkpt>
      <trkpt lat="46.777535" lon="8.33306">
      </trkpt>
      <trkpt lat="46.777553" lon="8.333152">
      </trkpt>
      <trkpt lat="46.777588" lon="8.333244">
      </trkpt>
      <trkpt lat="46.777587" lon="8.333296">
      </trkpt>
      <trkpt lat="46.777605" lon="8.333388">
      </trkpt>
      <trkpt lat="46.777613" lon="8.33348">
      </trkpt>
      <trkpt lat="46.777622" lon="8.333546">
      </trkpt>
      <trkpt lat="46.777639" lon="8.333612">
      </trkpt>
      <trkpt lat="46.777639" lon="8.333612">
      </trkpt>
      <trkpt lat="46.777674" lon="8.333756">
      </trkpt>
      <trkpt lat="46.7777" lon="8.333835">
      </trkpt>
      <trkpt lat="46.777717" lon="8.333927">
      </trkpt>
      <trkpt lat="46.777726" lon="8.333993">
      </trkpt>
      <trkpt lat="46.777744" lon="8.334045">
      </trkpt>
      <trkpt lat="46.77777" lon="8.334137">
      </trkpt>
      <trkpt lat="46.777813" lon="8.334308">
      </trkpt>
      <trkpt lat="46.77784" lon="8.334414">
      </trkpt>
      <trkpt lat="46.777875" lon="8.334506">
      </trkpt>
      <trkpt lat="46.777901" lon="8.334559">
      </trkpt>
      <trkpt lat="46.777973" lon="8.334665">
      </trkpt>
      <trkpt lat="46.777999" lon="8.334717">
      </trkpt>
      <trkpt lat="46.778017" lon="8.334757">
      </trkpt>
      <trkpt lat="46.778052" lon="8.334889">
      </trkpt>
      <trkpt lat="46.778087" lon="8.334981">
      </trkpt>
      <trkpt lat="46.778123" lon="8.335047">
      </trkpt>
      <trkpt lat="46.778283" lon="8.335246">
      </trkpt>
      <trkpt lat="46.778417" lon="8.335405">
      </trkpt>
      <trkpt lat="46.778452" lon="8.335458">
      </trkpt>
      <trkpt lat="46.778479" lon="8.335485">
      </trkpt>
      <trkpt lat="46.778506" lon="8.335498">
      </trkpt>
      <trkpt lat="46.77856" lon="8.335499">
      </trkpt>
      <trkpt lat="46.778667" lon="8.335527">
      </trkpt>
      <trkpt lat="46.778694" lon="8.335541">
      </trkpt>
      <trkpt lat="46.778694" lon="8.335541">
      </trkpt>
      <trkpt lat="46.77873" lon="8.335607">
      </trkpt>
      <trkpt lat="46.77873" lon="8.335607">
      </trkpt>
      <trkpt lat="46.778747" lon="8.335686">
      </trkpt>
      <trkpt lat="46.778747" lon="8.335751">
      </trkpt>
      <trkpt lat="46.778737" lon="8.335817">
      </trkpt>
      <trkpt lat="46.77871" lon="8.335869">
      </trkpt>
      <trkpt lat="46.778656" lon="8.335907">
      </trkpt>
      <trkpt lat="46.778637" lon="8.335933">
      </trkpt>
      <trkpt lat="46.77861" lon="8.335972">
      </trkpt>
      <trkpt lat="46.778601" lon="8.336037">
      </trkpt>
      <trkpt lat="46.7786" lon="8.336089">
      </trkpt>
      <trkpt lat="46.7786" lon="8.336142">
      </trkpt>
      <trkpt lat="46.778626" lon="8.336208">
      </trkpt>
      <trkpt lat="46.778662" lon="8.336247">
      </trkpt>
      <trkpt lat="46.778697" lon="8.336314">
      </trkpt>
      <trkpt lat="46.778715" lon="8.336379">
      </trkpt>
      <trkpt lat="46.778732" lon="8.336445">
      </trkpt>
      <trkpt lat="46.778741" lon="8.336524">
      </trkpt>
      <trkpt lat="46.778749" lon="8.336602">
      </trkpt>
      <trkpt lat="46.778802" lon="8.336774">
      </trkpt>
      <trkpt lat="46.778801" lon="8.3368">
      </trkpt>
      <trkpt lat="46.778801" lon="8.3368">
      </trkpt>
      <trkpt lat="46.778774" lon="8.336865">
      </trkpt>
      <trkpt lat="46.778774" lon="8.336865">
      </trkpt>
      <trkpt lat="46.778765" lon="8.336917">
      </trkpt>
      <trkpt lat="46.778764" lon="8.336956">
      </trkpt>
      <trkpt lat="46.778764" lon="8.336996">
      </trkpt>
      <trkpt lat="46.778782" lon="8.337035">
      </trkpt>
      <trkpt lat="46.778817" lon="8.337101">
      </trkpt>
      <trkpt lat="46.778861" lon="8.337181">
      </trkpt>
      <trkpt lat="46.778906" lon="8.33726">
      </trkpt>
      <trkpt lat="46.778941" lon="8.337339">
      </trkpt>
      <trkpt lat="46.77895" lon="8.337378">
      </trkpt>
      <trkpt lat="46.77895" lon="8.337405">
      </trkpt>
      <trkpt lat="46.778903" lon="8.3376">
      </trkpt>
      <trkpt lat="46.778893" lon="8.337731">
      </trkpt>
      <trkpt lat="46.778893" lon="8.337783">
      </trkpt>
      <trkpt lat="46.778892" lon="8.337836">
      </trkpt>
      <trkpt lat="46.778892" lon="8.337888">
      </trkpt>
      <trkpt lat="46.778873" lon="8.337953">
      </trkpt>
      <trkpt lat="46.778873" lon="8.338006">
      </trkpt>
      <trkpt lat="46.778872" lon="8.338058">
      </trkpt>
      <trkpt lat="46.778872" lon="8.33811">
      </trkpt>
      <trkpt lat="46.778863" lon="8.338163">
      </trkpt>
      <trkpt lat="46.778853" lon="8.338215">
      </trkpt>
      <trkpt lat="46.778861" lon="8.338346">
      </trkpt>
      <trkpt lat="46.77887" lon="8.338399">
      </trkpt>
      <trkpt lat="46.778887" lon="8.338451">
      </trkpt>
      <trkpt lat="46.778914" lon="8.33853">
      </trkpt>
      <trkpt lat="46.778931" lon="8.338583">
      </trkpt>
      <trkpt lat="46.778931" lon="8.338635">
      </trkpt>
      <trkpt lat="46.778921" lon="8.338727">
      </trkpt>
      <trkpt lat="46.778901" lon="8.339014">
      </trkpt>
      <trkpt lat="46.778867" lon="8.339852">
      </trkpt>
      <trkpt lat="46.778858" lon="8.339944">
      </trkpt>
      <trkpt lat="46.778811" lon="8.3401">
      </trkpt>
      <trkpt lat="46.778784" lon="8.340204">
      </trkpt>
      <trkpt lat="46.778765" lon="8.340282">
      </trkpt>
      <trkpt lat="46.778765" lon="8.340335">
      </trkpt>
      <trkpt lat="46.778808" lon="8.340532">
      </trkpt>
      <trkpt lat="46.778825" lon="8.340624">
      </trkpt>
      <trkpt lat="46.778834" lon="8.340703">
      </trkpt>
      <trkpt lat="46.778848" lon="8.341214">
      </trkpt>
      <trkpt lat="46.778829" lon="8.341279">
      </trkpt>
      <trkpt lat="46.778793" lon="8.341357">
      </trkpt>
      <trkpt lat="46.778756" lon="8.341448">
      </trkpt>
      <trkpt lat="46.7787" lon="8.341617">
      </trkpt>
      <trkpt lat="46.778654" lon="8.34176">
      </trkpt>
      <trkpt lat="46.778609" lon="8.341864">
      </trkpt>
      <trkpt lat="46.778535" lon="8.342007">
      </trkpt>
      <trkpt lat="46.778508" lon="8.342085">
      </trkpt>
      <trkpt lat="46.778444" lon="8.342202">
      </trkpt>
      <trkpt lat="46.778362" lon="8.342371">
      </trkpt>
      <trkpt lat="46.778316" lon="8.342436">
      </trkpt>
      <trkpt lat="46.778262" lon="8.342461">
      </trkpt>
      <trkpt lat="46.778262" lon="8.342461">
      </trkpt>
      <trkpt lat="46.777955" lon="8.342587">
      </trkpt>
      <trkpt lat="46.777711" lon="8.3427">
      </trkpt>
      <trkpt lat="46.777477" lon="8.342801">
      </trkpt>
      <trkpt lat="46.776971" lon="8.343028">
      </trkpt>
      <trkpt lat="46.776872" lon="8.343066">
      </trkpt>
      <trkpt lat="46.776736" lon="8.343116">
      </trkpt>
      <trkpt lat="46.776664" lon="8.343154">
      </trkpt>
      <trkpt lat="46.776619" lon="8.343193">
      </trkpt>
      <trkpt lat="46.776546" lon="8.34327">
      </trkpt>
      <trkpt lat="46.776546" lon="8.34327">
      </trkpt>
      <trkpt lat="46.776483" lon="8.343348">
      </trkpt>
      <trkpt lat="46.776428" lon="8.343451">
      </trkpt>
      <trkpt lat="46.776337" lon="8.343607">
      </trkpt>
      <trkpt lat="46.7763" lon="8.343685">
      </trkpt>
      <trkpt lat="46.776255" lon="8.34375">
      </trkpt>
      <trkpt lat="46.776218" lon="8.343788">
      </trkpt>
      <trkpt lat="46.776146" lon="8.343853">
      </trkpt>
      <trkpt lat="46.776074" lon="8.343904">
      </trkpt>
      <trkpt lat="46.776028" lon="8.343942">
      </trkpt>
      <trkpt lat="46.775974" lon="8.344007">
      </trkpt>
      <trkpt lat="46.775937" lon="8.344072">
      </trkpt>
      <trkpt lat="46.775837" lon="8.344293">
      </trkpt>
      <trkpt lat="46.775837" lon="8.344293">
      </trkpt>
      <trkpt lat="46.775872" lon="8.344319">
      </trkpt>
      <trkpt lat="46.775935" lon="8.344373">
      </trkpt>
      <trkpt lat="46.775961" lon="8.344426">
      </trkpt>
      <trkpt lat="46.775979" lon="8.344478">
      </trkpt>
      <trkpt lat="46.77597" lon="8.344544">
      </trkpt>
      <trkpt lat="46.775942" lon="8.344635">
      </trkpt>
      <trkpt lat="46.775905" lon="8.344726">
      </trkpt>
      <trkpt lat="46.775886" lon="8.344804">
      </trkpt>
      <trkpt lat="46.775885" lon="8.344974">
      </trkpt>
      <trkpt lat="46.775892" lon="8.345184">
      </trkpt>
      <trkpt lat="46.775881" lon="8.345472">
      </trkpt>
      <trkpt lat="46.775879" lon="8.345786">
      </trkpt>
      <trkpt lat="46.775868" lon="8.346022">
      </trkpt>
      <trkpt lat="46.775858" lon="8.346179">
      </trkpt>
      <trkpt lat="46.775847" lon="8.346322">
      </trkpt>
      <trkpt lat="46.775847" lon="8.346322">
      </trkpt>
      <trkpt lat="46.775865" lon="8.346375">
      </trkpt>
      <trkpt lat="46.775873" lon="8.346454">
      </trkpt>
      <trkpt lat="46.775871" lon="8.346755">
      </trkpt>
      <trkpt lat="46.775868" lon="8.347135">
      </trkpt>
      <trkpt lat="46.775866" lon="8.347423">
      </trkpt>
      <trkpt lat="46.775889" lon="8.347842">
      </trkpt>
      <trkpt lat="46.775896" lon="8.34813">
      </trkpt>
      <trkpt lat="46.775922" lon="8.348288">
      </trkpt>
      <trkpt lat="46.775974" lon="8.348564">
      </trkpt>
      <trkpt lat="46.776026" lon="8.348696">
      </trkpt>
      <trkpt lat="46.776061" lon="8.348827">
      </trkpt>
      <trkpt lat="46.776105" lon="8.349037">
      </trkpt>
      <trkpt lat="46.776139" lon="8.349274">
      </trkpt>
      <trkpt lat="46.776164" lon="8.349536">
      </trkpt>
      <trkpt lat="46.77617" lon="8.349903">
      </trkpt>
      <trkpt lat="46.776178" lon="8.350034">
      </trkpt>
      <trkpt lat="46.776168" lon="8.350165">
      </trkpt>
      <trkpt lat="46.776166" lon="8.350348">
      </trkpt>
      <trkpt lat="46.776164" lon="8.350636">
      </trkpt>
      <trkpt lat="46.776153" lon="8.350884">
      </trkpt>
      <trkpt lat="46.776124" lon="8.35108">
      </trkpt>
      <trkpt lat="46.776105" lon="8.351316">
      </trkpt>
      <trkpt lat="46.776084" lon="8.351603">
      </trkpt>
      <trkpt lat="46.776092" lon="8.351721">
      </trkpt>
      <trkpt lat="46.776109" lon="8.35184">
      </trkpt>
      <trkpt lat="46.776153" lon="8.351997">
      </trkpt>
      <trkpt lat="46.776188" lon="8.352129">
      </trkpt>
      <trkpt lat="46.776196" lon="8.352247">
      </trkpt>
      <trkpt lat="46.776195" lon="8.352352">
      </trkpt>
      <trkpt lat="46.776175" lon="8.352613">
      </trkpt>
      <trkpt lat="46.776165" lon="8.352783">
      </trkpt>
      <trkpt lat="46.776173" lon="8.352888">
      </trkpt>
      <trkpt lat="46.776199" lon="8.353046">
      </trkpt>
      <trkpt lat="46.776216" lon="8.353177">
      </trkpt>
      <trkpt lat="46.776215" lon="8.353308">
      </trkpt>
      <trkpt lat="46.776196" lon="8.353425">
      </trkpt>
      <trkpt lat="46.776177" lon="8.353556">
      </trkpt>
      <trkpt lat="46.7761" lon="8.354144">
      </trkpt>
      <trkpt lat="46.776053" lon="8.354418">
      </trkpt>
      <trkpt lat="46.776006" lon="8.354653">
      </trkpt>
      <trkpt lat="46.77595" lon="8.354914">
      </trkpt>
      <trkpt lat="46.775866" lon="8.35524">
      </trkpt>
      <trkpt lat="46.775857" lon="8.355305">
      </trkpt>
      <trkpt lat="46.775857" lon="8.355305">
      </trkpt>
      <trkpt lat="46.775829" lon="8.35541">
      </trkpt>
      <trkpt lat="46.775783" lon="8.355553">
      </trkpt>
      <trkpt lat="46.775737" lon="8.355696">
      </trkpt>
      <trkpt lat="46.775681" lon="8.355852">
      </trkpt>
      <trkpt lat="46.775635" lon="8.355996">
      </trkpt>
      <trkpt lat="46.775598" lon="8.356113">
      </trkpt>
      <trkpt lat="46.775589" lon="8.356191">
      </trkpt>
      <trkpt lat="46.775587" lon="8.356348">
      </trkpt>
      <trkpt lat="46.775586" lon="8.356505">
      </trkpt>
      <trkpt lat="46.775585" lon="8.356649">
      </trkpt>
      <trkpt lat="46.775583" lon="8.356859">
      </trkpt>
      <trkpt lat="46.775591" lon="8.357042">
      </trkpt>
      <trkpt lat="46.77559" lon="8.357173">
      </trkpt>
      <trkpt lat="46.775616" lon="8.357305">
      </trkpt>
      <trkpt lat="46.77566" lon="8.357436">
      </trkpt>
      <trkpt lat="46.775695" lon="8.357555">
      </trkpt>
      <trkpt lat="46.775721" lon="8.357621">
      </trkpt>
      <trkpt lat="46.775774" lon="8.357726">
      </trkpt>
      <trkpt lat="46.775792" lon="8.357779">
      </trkpt>
      <trkpt lat="46.775799" lon="8.357976">
      </trkpt>
      <trkpt lat="46.775825" lon="8.358159">
      </trkpt>
      <trkpt lat="46.775824" lon="8.358238">
      </trkpt>
      <trkpt lat="46.775805" lon="8.358342">
      </trkpt>
      <trkpt lat="46.775778" lon="8.358433">
      </trkpt>
      <trkpt lat="46.775777" lon="8.358525">
      </trkpt>
      <trkpt lat="46.775775" lon="8.358695">
      </trkpt>
      <trkpt lat="46.775765" lon="8.358826">
      </trkpt>
      <trkpt lat="46.775773" lon="8.35901">
      </trkpt>
      <trkpt lat="46.775773" lon="8.359036">
      </trkpt>
      <trkpt lat="46.775773" lon="8.359036">
      </trkpt>
      <trkpt lat="46.775779" lon="8.35935">
      </trkpt>
      <trkpt lat="46.775769" lon="8.359468">
      </trkpt>
      <trkpt lat="46.775742" lon="8.359559">
      </trkpt>
      <trkpt lat="46.775714" lon="8.359676">
      </trkpt>
      <trkpt lat="46.775694" lon="8.359872">
      </trkpt>
      <trkpt lat="46.775693" lon="8.35999">
      </trkpt>
      <trkpt lat="46.775701" lon="8.360174">
      </trkpt>
      <trkpt lat="46.77569" lon="8.360357">
      </trkpt>
      <trkpt lat="46.775689" lon="8.360527">
      </trkpt>
      <trkpt lat="46.775696" lon="8.360789">
      </trkpt>
      <trkpt lat="46.775702" lon="8.361051">
      </trkpt>
      <trkpt lat="46.77571" lon="8.361287">
      </trkpt>
      <trkpt lat="46.775691" lon="8.361365">
      </trkpt>
      <trkpt lat="46.775645" lon="8.361535">
      </trkpt>
      <trkpt lat="46.775617" lon="8.361665">
      </trkpt>
      <trkpt lat="46.775616" lon="8.36173">
      </trkpt>
      <trkpt lat="46.775624" lon="8.361809">
      </trkpt>
      <trkpt lat="46.77566" lon="8.361915">
      </trkpt>
      <trkpt lat="46.775695" lon="8.362033">
      </trkpt>
      <trkpt lat="46.775729" lon="8.362217">
      </trkpt>
      <trkpt lat="46.775764" lon="8.362375">
      </trkpt>
      <trkpt lat="46.775789" lon="8.362545">
      </trkpt>
      <trkpt lat="46.775789" lon="8.362624">
      </trkpt>
      <trkpt lat="46.775779" lon="8.362715">
      </trkpt>
      <trkpt lat="46.775742" lon="8.362793">
      </trkpt>
      <trkpt lat="46.775714" lon="8.362937">
      </trkpt>
      <trkpt lat="46.775686" lon="8.36308">
      </trkpt>
      <trkpt lat="46.775658" lon="8.363185">
      </trkpt>
      <trkpt lat="46.775639" lon="8.363289">
      </trkpt>
      <trkpt lat="46.775639" lon="8.363381">
      </trkpt>
      <trkpt lat="46.775638" lon="8.363472">
      </trkpt>
      <trkpt lat="46.775573" lon="8.363681">
      </trkpt>
      <trkpt lat="46.775564" lon="8.36372">
      </trkpt>
      <trkpt lat="46.775564" lon="8.363746">
      </trkpt>
      <trkpt lat="46.775572" lon="8.363786">
      </trkpt>
      <trkpt lat="46.775572" lon="8.363786">
      </trkpt>
      <trkpt lat="46.7756" lon="8.36376">
      </trkpt>
      <trkpt lat="46.775654" lon="8.363748">
      </trkpt>
      <trkpt lat="46.77569" lon="8.363709">
      </trkpt>
      <trkpt lat="46.775735" lon="8.363697">
      </trkpt>
      <trkpt lat="46.775762" lon="8.363697">
      </trkpt>
      <trkpt lat="46.775762" lon="8.363723">
      </trkpt>
      <trkpt lat="46.775753" lon="8.363749">
      </trkpt>
      <trkpt lat="46.775761" lon="8.363789">
      </trkpt>
      <trkpt lat="46.775761" lon="8.363815">
      </trkpt>
      <trkpt lat="46.775788" lon="8.363855">
      </trkpt>
      <trkpt lat="46.775787" lon="8.363907">
      </trkpt>
      <trkpt lat="46.775787" lon="8.363959">
      </trkpt>
      <trkpt lat="46.775795" lon="8.364012">
      </trkpt>
      <trkpt lat="46.77584" lon="8.364078">
      </trkpt>
      <trkpt lat="46.775884" lon="8.36421">
      </trkpt>
      <trkpt lat="46.775892" lon="8.364354">
      </trkpt>
      <trkpt lat="46.775882" lon="8.364406">
      </trkpt>
      <trkpt lat="46.775882" lon="8.364498">
      </trkpt>
      <trkpt lat="46.775899" lon="8.364498">
      </trkpt>
      <trkpt lat="46.775899" lon="8.364564">
      </trkpt>
      <trkpt lat="46.775944" lon="8.364617">
      </trkpt>
      <trkpt lat="46.775943" lon="8.364682">
      </trkpt>
      <trkpt lat="46.775961" lon="8.364735">
      </trkpt>
      <trkpt lat="46.775987" lon="8.36484">
      </trkpt>
      <trkpt lat="46.776014" lon="8.364841">
      </trkpt>
      <trkpt lat="46.776023" lon="8.364788">
      </trkpt>
      <trkpt lat="46.776041" lon="8.364736">
      </trkpt>
      <trkpt lat="46.776051" lon="8.364684">
      </trkpt>
      <trkpt lat="46.776052" lon="8.364606">
      </trkpt>
      <trkpt lat="46.776061" lon="8.36458">
      </trkpt>
      <trkpt lat="46.776079" lon="8.36458">
      </trkpt>
      <trkpt lat="46.776088" lon="8.364593">
      </trkpt>
      <trkpt lat="46.776105" lon="8.364672">
      </trkpt>
      <trkpt lat="46.776113" lon="8.364764">
      </trkpt>
      <trkpt lat="46.776103" lon="8.364881">
      </trkpt>
      <trkpt lat="46.776112" lon="8.364908">
      </trkpt>
      <trkpt lat="46.77613" lon="8.364895">
      </trkpt>
      <trkpt lat="46.776139" lon="8.364869">
      </trkpt>
      <trkpt lat="46.776176" lon="8.364791">
      </trkpt>
      <trkpt lat="46.776213" lon="8.364726">
      </trkpt>
      <trkpt lat="46.776222" lon="8.364622">
      </trkpt>
      <trkpt lat="46.776241" lon="8.364596">
      </trkpt>
      <trkpt lat="46.776249" lon="8.364648">
      </trkpt>
      <trkpt lat="46.776266" lon="8.364766">
      </trkpt>
      <trkpt lat="46.77631" lon="8.364964">
      </trkpt>
      <trkpt lat="46.776308" lon="8.365121">
      </trkpt>
      <trkpt lat="46.776335" lon="8.365187">
      </trkpt>
      <trkpt lat="46.776325" lon="8.365252">
      </trkpt>
      <trkpt lat="46.776298" lon="8.36533">
      </trkpt>
      <trkpt lat="46.776288" lon="8.365408">
      </trkpt>
      <trkpt lat="46.776296" lon="8.365474">
      </trkpt>
      <trkpt lat="46.776278" lon="8.365578">
      </trkpt>
      <trkpt lat="46.776259" lon="8.365696">
      </trkpt>
      <trkpt lat="46.776231" lon="8.365826">
      </trkpt>
      <trkpt lat="46.776248" lon="8.36584">
      </trkpt>
      <trkpt lat="46.776267" lon="8.365801">
      </trkpt>
      <trkpt lat="46.776294" lon="8.365749">
      </trkpt>
      <trkpt lat="46.776312" lon="8.365762">
      </trkpt>
      <trkpt lat="46.77632" lon="8.365841">
      </trkpt>
      <trkpt lat="46.776347" lon="8.365894">
      </trkpt>
      <trkpt lat="46.776373" lon="8.366052">
      </trkpt>
      <trkpt lat="46.77638" lon="8.366248">
      </trkpt>
      <trkpt lat="46.77637" lon="8.366353">
      </trkpt>
      <trkpt lat="46.776388" lon="8.366366">
      </trkpt>
      <trkpt lat="46.776415" lon="8.366327">
      </trkpt>
      <trkpt lat="46.776452" lon="8.366236">
      </trkpt>
      <trkpt lat="46.776498" lon="8.366132">
      </trkpt>
      <trkpt lat="46.776507" lon="8.366119">
      </trkpt>
      <trkpt lat="46.776506" lon="8.366198">
      </trkpt>
      <trkpt lat="46.776515" lon="8.366303">
      </trkpt>
      <trkpt lat="46.776532" lon="8.366395">
      </trkpt>
      <trkpt lat="46.776513" lon="8.366486">
      </trkpt>
      <trkpt lat="46.776476" lon="8.366616">
      </trkpt>
      <trkpt lat="46.77643" lon="8.36676">
      </trkpt>
      <trkpt lat="46.776429" lon="8.36693">
      </trkpt>
      <trkpt lat="46.776419" lon="8.366969">
      </trkpt>
      <trkpt lat="46.776409" lon="8.367074">
      </trkpt>
      <trkpt lat="46.776417" lon="8.367191">
      </trkpt>
      <trkpt lat="46.776435" lon="8.367257">
      </trkpt>
      <trkpt lat="46.776461" lon="8.367349">
      </trkpt>
      <trkpt lat="46.776479" lon="8.367389">
      </trkpt>
      <trkpt lat="46.776506" lon="8.367416">
      </trkpt>
      <trkpt lat="46.776505" lon="8.367507">
      </trkpt>
      <trkpt lat="46.77654" lon="8.367613">
      </trkpt>
      <trkpt lat="46.776575" lon="8.367692">
      </trkpt>
      <trkpt lat="46.776619" lon="8.367823">
      </trkpt>
      <trkpt lat="46.776636" lon="8.367955">
      </trkpt>
      <trkpt lat="46.776653" lon="8.368112">
      </trkpt>
      <trkpt lat="46.776642" lon="8.368308">
      </trkpt>
      <trkpt lat="46.77665" lon="8.3684">
      </trkpt>
      <trkpt lat="46.776667" lon="8.368558">
      </trkpt>
      <trkpt lat="46.776693" lon="8.368715">
      </trkpt>
      <trkpt lat="46.77671" lon="8.36882">
      </trkpt>
      <trkpt lat="46.776692" lon="8.368872">
      </trkpt>
      <trkpt lat="46.776691" lon="8.368964">
      </trkpt>
      <trkpt lat="46.776681" lon="8.369016">
      </trkpt>
      <trkpt lat="46.776671" lon="8.36916">
      </trkpt>
      <trkpt lat="46.776688" lon="8.369278">
      </trkpt>
      <trkpt lat="46.776705" lon="8.369383">
      </trkpt>
      <trkpt lat="46.776732" lon="8.369475">
      </trkpt>
      <trkpt lat="46.776731" lon="8.369502">
      </trkpt>
      <trkpt lat="46.776713" lon="8.369541">
      </trkpt>
      <trkpt lat="46.776676" lon="8.369658">
      </trkpt>
      <trkpt lat="46.776639" lon="8.369867">
      </trkpt>
      <trkpt lat="46.776619" lon="8.37001">
      </trkpt>
      <trkpt lat="46.776628" lon="8.370102">
      </trkpt>
      <trkpt lat="46.776672" lon="8.370181">
      </trkpt>
      <trkpt lat="46.77668" lon="8.370234">
      </trkpt>
      <trkpt lat="46.776671" lon="8.370339">
      </trkpt>
      <trkpt lat="46.776615" lon="8.370586">
      </trkpt>
      <trkpt lat="46.776623" lon="8.370691">
      </trkpt>
      <trkpt lat="46.776649" lon="8.370757">
      </trkpt>
      <trkpt lat="46.776648" lon="8.370888">
      </trkpt>
      <trkpt lat="46.776647" lon="8.371019">
      </trkpt>
      <trkpt lat="46.776674" lon="8.371085">
      </trkpt>
      <trkpt lat="46.776664" lon="8.37115">
      </trkpt>
      <trkpt lat="46.776654" lon="8.371281">
      </trkpt>
      <trkpt lat="46.776671" lon="8.371386">
      </trkpt>
      <trkpt lat="46.776795" lon="8.37165">
      </trkpt>
      <trkpt lat="46.77683" lon="8.371782">
      </trkpt>
      <trkpt lat="46.776829" lon="8.3719">
      </trkpt>
      <trkpt lat="46.776855" lon="8.371965">
      </trkpt>
      <trkpt lat="46.776864" lon="8.372057">
      </trkpt>
      <trkpt lat="46.7768" lon="8.372148">
      </trkpt>
      <trkpt lat="46.776754" lon="8.372265">
      </trkpt>
      <trkpt lat="46.776762" lon="8.372396">
      </trkpt>
      <trkpt lat="46.776734" lon="8.372461">
      </trkpt>
      <trkpt lat="46.776732" lon="8.372697">
      </trkpt>
      <trkpt lat="46.776749" lon="8.372815">
      </trkpt>
      <trkpt lat="46.77674" lon="8.372893">
      </trkpt>
      <trkpt lat="46.776694" lon="8.372971">
      </trkpt>
      <trkpt lat="46.776675" lon="8.373102">
      </trkpt>
      <trkpt lat="46.776719" lon="8.373259">
      </trkpt>
      <trkpt lat="46.7767" lon="8.373351">
      </trkpt>
      <trkpt lat="46.776681" lon="8.373455">
      </trkpt>
      <trkpt lat="46.776698" lon="8.373639">
      </trkpt>
      <trkpt lat="46.776687" lon="8.373809">
      </trkpt>
      <trkpt lat="46.776713" lon="8.373927">
      </trkpt>
      <trkpt lat="46.776711" lon="8.37415">
      </trkpt>
      <trkpt lat="46.776738" lon="8.374242">
      </trkpt>
      <trkpt lat="46.776791" lon="8.374348">
      </trkpt>
      <trkpt lat="46.776799" lon="8.374387">
      </trkpt>
      <trkpt lat="46.776889" lon="8.374493">
      </trkpt>
      <trkpt lat="46.776915" lon="8.374546">
      </trkpt>
      <trkpt lat="46.776896" lon="8.374664">
      </trkpt>
      <trkpt lat="46.776877" lon="8.374807">
      </trkpt>
      <trkpt lat="46.776849" lon="8.374964">
      </trkpt>
      <trkpt lat="46.776875" lon="8.375108">
      </trkpt>
      <trkpt lat="46.776928" lon="8.375227">
      </trkpt>
      <trkpt lat="46.776963" lon="8.375333">
      </trkpt>
      <trkpt lat="46.77698" lon="8.375438">
      </trkpt>
      <trkpt lat="46.776995" lon="8.375752">
      </trkpt>
      <trkpt lat="46.777011" lon="8.375975">
      </trkpt>
      <trkpt lat="46.777019" lon="8.376159">
      </trkpt>
      <trkpt lat="46.777027" lon="8.376263">
      </trkpt>
      <trkpt lat="46.777054" lon="8.376303">
      </trkpt>
      <trkpt lat="46.777071" lon="8.37633">
      </trkpt>
      <trkpt lat="46.777062" lon="8.376369">
      </trkpt>
      <trkpt lat="46.777017" lon="8.376407">
      </trkpt>
      <trkpt lat="46.776999" lon="8.376433">
      </trkpt>
      <trkpt lat="46.776971" lon="8.376551">
      </trkpt>
      <trkpt lat="46.776961" lon="8.376603">
      </trkpt>
      <trkpt lat="46.776979" lon="8.376655">
      </trkpt>
      <trkpt lat="46.77696" lon="8.37676">
      </trkpt>
      <trkpt lat="46.77695" lon="8.376838">
      </trkpt>
      <trkpt lat="46.776967" lon="8.376956">
      </trkpt>
      <trkpt lat="46.776966" lon="8.377166">
      </trkpt>
      <trkpt lat="46.776973" lon="8.37731">
      </trkpt>
      <trkpt lat="46.777" lon="8.377415">
      </trkpt>
      <trkpt lat="46.777026" lon="8.377521">
      </trkpt>
      <trkpt lat="46.777042" lon="8.377704">
      </trkpt>
      <trkpt lat="46.777058" lon="8.377979">
      </trkpt>
      <trkpt lat="46.777075" lon="8.378124">
      </trkpt>
      <trkpt lat="46.777073" lon="8.378294">
      </trkpt>
      <trkpt lat="46.777064" lon="8.378385">
      </trkpt>
      <trkpt lat="46.777063" lon="8.378503">
      </trkpt>
      <trkpt lat="46.777051" lon="8.378817">
      </trkpt>
      <trkpt lat="46.777068" lon="8.378909">
      </trkpt>
      <trkpt lat="46.777103" lon="8.379028">
      </trkpt>
      <trkpt lat="46.777112" lon="8.379106">
      </trkpt>
      <trkpt lat="46.777101" lon="8.379263">
      </trkpt>
      <trkpt lat="46.777101" lon="8.379342">
      </trkpt>
      <trkpt lat="46.777109" lon="8.379408">
      </trkpt>
      <trkpt lat="46.777188" lon="8.379618">
      </trkpt>
      <trkpt lat="46.777214" lon="8.37975">
      </trkpt>
      <trkpt lat="46.777232" lon="8.379789">
      </trkpt>
      <trkpt lat="46.77724" lon="8.379881">
      </trkpt>
      <trkpt lat="46.777239" lon="8.379999">
      </trkpt>
      <trkpt lat="46.777283" lon="8.380157">
      </trkpt>
      <trkpt lat="46.777336" lon="8.380223">
      </trkpt>
      <trkpt lat="46.77738" lon="8.380316">
      </trkpt>
      <trkpt lat="46.777397" lon="8.380473">
      </trkpt>
      <trkpt lat="46.777441" lon="8.380566">
      </trkpt>
      <trkpt lat="46.777432" lon="8.380592">
      </trkpt>
      <trkpt lat="46.777396" lon="8.380604">
      </trkpt>
      <trkpt lat="46.77737" lon="8.380551">
      </trkpt>
      <trkpt lat="46.777351" lon="8.380564">
      </trkpt>
      <trkpt lat="46.777333" lon="8.380564">
      </trkpt>
      <trkpt lat="46.777369" lon="8.380669">
      </trkpt>
      <trkpt lat="46.777323" lon="8.38076">
      </trkpt>
      <trkpt lat="46.777314" lon="8.380799">
      </trkpt>
      <trkpt lat="46.777313" lon="8.380904">
      </trkpt>
      <trkpt lat="46.777339" lon="8.380983">
      </trkpt>
      <trkpt lat="46.777375" lon="8.381036">
      </trkpt>
      <trkpt lat="46.777375" lon="8.381036">
      </trkpt>
      <trkpt lat="46.777428" lon="8.381089">
      </trkpt>
      <trkpt lat="46.777428" lon="8.381129">
      </trkpt>
      <trkpt lat="46.777364" lon="8.381193">
      </trkpt>
      <trkpt lat="46.777292" lon="8.38127">
      </trkpt>
      <trkpt lat="46.777246" lon="8.381335">
      </trkpt>
      <trkpt lat="46.777237" lon="8.381361">
      </trkpt>
      <trkpt lat="46.777246" lon="8.3814">
      </trkpt>
      <trkpt lat="46.777263" lon="8.381414">
      </trkpt>
      <trkpt lat="46.777326" lon="8.381428">
      </trkpt>
      <trkpt lat="46.777398" lon="8.381508">
      </trkpt>
      <trkpt lat="46.77746" lon="8.381587">
      </trkpt>
      <trkpt lat="46.777451" lon="8.38164">
      </trkpt>
      <trkpt lat="46.777396" lon="8.381665">
      </trkpt>
      <trkpt lat="46.77736" lon="8.381717">
      </trkpt>
      <trkpt lat="46.777324" lon="8.381768">
      </trkpt>
      <trkpt lat="46.777305" lon="8.381781">
      </trkpt>
      <trkpt lat="46.777296" lon="8.38182">
      </trkpt>
      <trkpt lat="46.777341" lon="8.381847">
      </trkpt>
      <trkpt lat="46.777331" lon="8.381899">
      </trkpt>
      <trkpt lat="46.777268" lon="8.381911">
      </trkpt>
      <trkpt lat="46.77725" lon="8.381937">
      </trkpt>
      <trkpt lat="46.777187" lon="8.381949">
      </trkpt>
      <trkpt lat="46.777169" lon="8.381988">
      </trkpt>
      <trkpt lat="46.777142" lon="8.382014">
      </trkpt>
      <trkpt lat="46.777222" lon="8.38212">
      </trkpt>
      <trkpt lat="46.777167" lon="8.382158">
      </trkpt>
      <trkpt lat="46.777149" lon="8.382237">
      </trkpt>
      <trkpt lat="46.77713" lon="8.38238">
      </trkpt>
      <trkpt lat="46.777137" lon="8.382577">
      </trkpt>
      <trkpt lat="46.777199" lon="8.38267">
      </trkpt>
      <trkpt lat="46.777288" lon="8.382802">
      </trkpt>
      <trkpt lat="46.777296" lon="8.382868">
      </trkpt>
      <trkpt lat="46.77734" lon="8.383039">
      </trkpt>
      <trkpt lat="46.777348" lon="8.383196">
      </trkpt>
      <trkpt lat="46.777365" lon="8.383275">
      </trkpt>
      <trkpt lat="46.77741" lon="8.383328">
      </trkpt>
      <trkpt lat="46.777426" lon="8.383459">
      </trkpt>
      <trkpt lat="46.777461" lon="8.38363">
      </trkpt>
      <trkpt lat="46.777523" lon="8.383736">
      </trkpt>
      <trkpt lat="46.777558" lon="8.383828">
      </trkpt>
      <trkpt lat="46.777621" lon="8.383908">
      </trkpt>
      <trkpt lat="46.77772" lon="8.383923">
      </trkpt>
      <trkpt lat="46.777764" lon="8.383963">
      </trkpt>
      <trkpt lat="46.777809" lon="8.384042">
      </trkpt>
      <trkpt lat="46.777843" lon="8.384187">
      </trkpt>
      <trkpt lat="46.777869" lon="8.384318">
      </trkpt>
      <trkpt lat="46.777869" lon="8.384318">
      </trkpt>
      <trkpt lat="46.777913" lon="8.384411">
      </trkpt>
      <trkpt lat="46.777922" lon="8.384476">
      </trkpt>
      <trkpt lat="46.777948" lon="8.384542">
      </trkpt>
      <trkpt lat="46.777984" lon="8.384595">
      </trkpt>
      <trkpt lat="46.777992" lon="8.384661">
      </trkpt>
      <trkpt lat="46.77801" lon="8.384753">
      </trkpt>
      <trkpt lat="46.778045" lon="8.384858">
      </trkpt>
      <trkpt lat="46.778071" lon="8.38495">
      </trkpt>
      <trkpt lat="46.778097" lon="8.385056">
      </trkpt>
      <trkpt lat="46.778141" lon="8.3852">
      </trkpt>
      <trkpt lat="46.778176" lon="8.385345">
      </trkpt>
      <trkpt lat="46.778193" lon="8.385411">
      </trkpt>
      <trkpt lat="46.778201" lon="8.385503">
      </trkpt>
      <trkpt lat="46.778228" lon="8.385556">
      </trkpt>
      <trkpt lat="46.778228" lon="8.385556">
      </trkpt>
      <trkpt lat="46.778245" lon="8.385687">
      </trkpt>
      <trkpt lat="46.778253" lon="8.385779">
      </trkpt>
      <trkpt lat="46.778261" lon="8.385923">
      </trkpt>
      <trkpt lat="46.77826" lon="8.386014">
      </trkpt>
      <trkpt lat="46.778277" lon="8.386146">
      </trkpt>
      <trkpt lat="46.778312" lon="8.386303">
      </trkpt>
      <trkpt lat="46.778337" lon="8.386448">
      </trkpt>
      <trkpt lat="46.778354" lon="8.386553">
      </trkpt>
      <trkpt lat="46.778354" lon="8.386553">
      </trkpt>
      <trkpt lat="46.778363" lon="8.386645">
      </trkpt>
      <trkpt lat="46.778362" lon="8.38671">
      </trkpt>
      <trkpt lat="46.778362" lon="8.38671">
      </trkpt>
      <trkpt lat="46.77846" lon="8.386791">
      </trkpt>
      <trkpt lat="46.77854" lon="8.386923">
      </trkpt>
      <trkpt lat="46.77854" lon="8.386923">
      </trkpt>
      <trkpt lat="46.778664" lon="8.387161">
      </trkpt>
      <trkpt lat="46.778691" lon="8.387201">
      </trkpt>
      <trkpt lat="46.778691" lon="8.387201">
      </trkpt>
      <trkpt lat="46.778807" lon="8.38736">
      </trkpt>
      <trkpt lat="46.778807" lon="8.38736">
      </trkpt>
      <trkpt lat="46.779005" lon="8.38735">
      </trkpt>
      <trkpt lat="46.779041" lon="8.387351">
      </trkpt>
      <trkpt lat="46.779085" lon="8.387378">
      </trkpt>
      <trkpt lat="46.779157" lon="8.387431">
      </trkpt>
      <trkpt lat="46.779183" lon="8.387471">
      </trkpt>
      <trkpt lat="46.779192" lon="8.387524">
      </trkpt>
      <trkpt lat="46.779182" lon="8.387654">
      </trkpt>
      <trkpt lat="46.779181" lon="8.387772">
      </trkpt>
      <trkpt lat="46.779207" lon="8.387864">
      </trkpt>
      <trkpt lat="46.779243" lon="8.38793">
      </trkpt>
      <trkpt lat="46.779359" lon="8.38805">
      </trkpt>
      <trkpt lat="46.779466" lon="8.388131">
      </trkpt>
      <trkpt lat="46.779466" lon="8.388131">
      </trkpt>
      <trkpt lat="46.779547" lon="8.388132">
      </trkpt>
      <trkpt lat="46.779619" lon="8.388147">
      </trkpt>
      <trkpt lat="46.77969" lon="8.38824">
      </trkpt>
      <trkpt lat="46.779815" lon="8.388386">
      </trkpt>
      <trkpt lat="46.779886" lon="8.388466">
      </trkpt>
      <trkpt lat="46.77994" lon="8.388467">
      </trkpt>
      <trkpt lat="46.780002" lon="8.388507">
      </trkpt>
      <trkpt lat="46.780057" lon="8.388495">
      </trkpt>
      <trkpt lat="46.780129" lon="8.388444">
      </trkpt>
      <trkpt lat="46.780192" lon="8.388432">
      </trkpt>
      <trkpt lat="46.780246" lon="8.388446">
      </trkpt>
      <trkpt lat="46.780299" lon="8.388525">
      </trkpt>
      <trkpt lat="46.780371" lon="8.388553">
      </trkpt>
      <trkpt lat="46.780443" lon="8.388528">
      </trkpt>
      <trkpt lat="46.780506" lon="8.388529">
      </trkpt>
      <trkpt lat="46.780649" lon="8.388636">
      </trkpt>
      <trkpt lat="46.78073" lon="8.388677">
      </trkpt>
      <trkpt lat="46.780774" lon="8.388769">
      </trkpt>
      <trkpt lat="46.780828" lon="8.388823">
      </trkpt>
      <trkpt lat="46.780855" lon="8.38881">
      </trkpt>
      <trkpt lat="46.780908" lon="8.388837">
      </trkpt>
      <trkpt lat="46.78098" lon="8.388891">
      </trkpt>
      <trkpt lat="46.781051" lon="8.388984">
      </trkpt>
      <trkpt lat="46.781096" lon="8.388998">
      </trkpt>
      <trkpt lat="46.781122" lon="8.38909">
      </trkpt>
      <trkpt lat="46.781141" lon="8.389116">
      </trkpt>
      <trkpt lat="46.781168" lon="8.389117">
      </trkpt>
      <trkpt lat="46.781186" lon="8.389104">
      </trkpt>
      <trkpt lat="46.781222" lon="8.389065">
      </trkpt>
      <trkpt lat="46.781321" lon="8.389106">
      </trkpt>
      <trkpt lat="46.781348" lon="8.38912">
      </trkpt>
      <trkpt lat="46.781366" lon="8.389133">
      </trkpt>
      <trkpt lat="46.781366" lon="8.389133">
      </trkpt>
      <trkpt lat="46.781383" lon="8.389225">
      </trkpt>
      <trkpt lat="46.781446" lon="8.389266">
      </trkpt>
      <trkpt lat="46.781418" lon="8.38937">
      </trkpt>
      <trkpt lat="46.781443" lon="8.389541">
      </trkpt>
      <trkpt lat="46.781461" lon="8.389606">
      </trkpt>
      <trkpt lat="46.781477" lon="8.38979">
      </trkpt>
      <trkpt lat="46.781556" lon="8.39004">
      </trkpt>
      <trkpt lat="46.781618" lon="8.390107">
      </trkpt>
      <trkpt lat="46.781671" lon="8.390239">
      </trkpt>
      <trkpt lat="46.781688" lon="8.390357">
      </trkpt>
      <trkpt lat="46.781759" lon="8.390463">
      </trkpt>
      <trkpt lat="46.781759" lon="8.390463">
      </trkpt>
      <trkpt lat="46.781797" lon="8.390333">
      </trkpt>
      <trkpt lat="46.781869" lon="8.390242">
      </trkpt>
      <trkpt lat="46.781942" lon="8.390178">
      </trkpt>
      <trkpt lat="46.781969" lon="8.3901">
      </trkpt>
      <trkpt lat="46.782032" lon="8.390153">
      </trkpt>
      <trkpt lat="46.782104" lon="8.390181">
      </trkpt>
      <trkpt lat="46.782175" lon="8.390274">
      </trkpt>
      <trkpt lat="46.782246" lon="8.390328">
      </trkpt>
      <trkpt lat="46.78239" lon="8.390409">
      </trkpt>
      <trkpt lat="46.782434" lon="8.390449">
      </trkpt>
      <trkpt lat="46.782452" lon="8.390501">
      </trkpt>
      <trkpt lat="46.782469" lon="8.390606">
      </trkpt>
      <trkpt lat="46.782495" lon="8.390686">
      </trkpt>
      <trkpt lat="46.782522" lon="8.390751">
      </trkpt>
      <trkpt lat="46.782638" lon="8.390793">
      </trkpt>
      <trkpt lat="46.782719" lon="8.390847">
      </trkpt>
      <trkpt lat="46.782781" lon="8.3909">
      </trkpt>
      <trkpt lat="46.782799" lon="8.390953">
      </trkpt>
      <trkpt lat="46.782835" lon="8.390967">
      </trkpt>
      <trkpt lat="46.782889" lon="8.390954">
      </trkpt>
      <trkpt lat="46.782934" lon="8.390955">
      </trkpt>
      <trkpt lat="46.782943" lon="8.390968">
      </trkpt>
      <trkpt lat="46.782988" lon="8.390982">
      </trkpt>
      <trkpt lat="46.782996" lon="8.390996">
      </trkpt>
      <trkpt lat="46.783005" lon="8.391035">
      </trkpt>
      <trkpt lat="46.783041" lon="8.391049">
      </trkpt>
      <trkpt lat="46.783059" lon="8.391049">
      </trkpt>
      <trkpt lat="46.783086" lon="8.391089">
      </trkpt>
      <trkpt lat="46.783113" lon="8.391063">
      </trkpt>
      <trkpt lat="46.78313" lon="8.391142">
      </trkpt>
      <trkpt lat="46.78312" lon="8.391233">
      </trkpt>
      <trkpt lat="46.783182" lon="8.391392">
      </trkpt>
      <trkpt lat="46.783298" lon="8.391485">
      </trkpt>
      <trkpt lat="46.783379" lon="8.391487">
      </trkpt>
      <trkpt lat="46.783469" lon="8.391462">
      </trkpt>
      <trkpt lat="46.783514" lon="8.391502">
      </trkpt>
      <trkpt lat="46.783495" lon="8.391659">
      </trkpt>
      <trkpt lat="46.783504" lon="8.391672">
      </trkpt>
      <trkpt lat="46.783585" lon="8.391595">
      </trkpt>
      <trkpt lat="46.783685" lon="8.391492">
      </trkpt>
      <trkpt lat="46.783749" lon="8.391376">
      </trkpt>
      <trkpt lat="46.783785" lon="8.39135">
      </trkpt>
      <trkpt lat="46.783884" lon="8.391365">
      </trkpt>
      <trkpt lat="46.783938" lon="8.391366">
      </trkpt>
      <trkpt lat="46.783965" lon="8.39134">
      </trkpt>
      <trkpt lat="46.78401" lon="8.391328">
      </trkpt>
      <trkpt lat="46.784074" lon="8.39129">
      </trkpt>
      <trkpt lat="46.78411" lon="8.391264">
      </trkpt>
      <trkpt lat="46.784146" lon="8.391199">
      </trkpt>
      <trkpt lat="46.78421" lon="8.391135">
      </trkpt>
      <trkpt lat="46.784246" lon="8.391136">
      </trkpt>
      <trkpt lat="46.784245" lon="8.391188">
      </trkpt>
      <trkpt lat="46.784191" lon="8.391279">
      </trkpt>
      <trkpt lat="46.784154" lon="8.39137">
      </trkpt>
      <trkpt lat="46.784153" lon="8.391422">
      </trkpt>
      <trkpt lat="46.784126" lon="8.391487">
      </trkpt>
      <trkpt lat="46.784098" lon="8.391644">
      </trkpt>
      <trkpt lat="46.784052" lon="8.391669">
      </trkpt>
      <trkpt lat="46.784034" lon="8.391695">
      </trkpt>
      <trkpt lat="46.784016" lon="8.391734">
      </trkpt>
      <trkpt lat="46.784016" lon="8.391773">
      </trkpt>
      <trkpt lat="46.784051" lon="8.391826">
      </trkpt>
      <trkpt lat="46.784078" lon="8.391853">
      </trkpt>
      <trkpt lat="46.784078" lon="8.391879">
      </trkpt>
      <trkpt lat="46.784059" lon="8.391944">
      </trkpt>
      <trkpt lat="46.784059" lon="8.39197">
      </trkpt>
      <trkpt lat="46.784059" lon="8.391997">
      </trkpt>
      <trkpt lat="46.784076" lon="8.392023">
      </trkpt>
      <trkpt lat="46.784094" lon="8.39205">
      </trkpt>
      <trkpt lat="46.784112" lon="8.392076">
      </trkpt>
      <trkpt lat="46.784112" lon="8.392115">
      </trkpt>
      <trkpt lat="46.78412" lon="8.392155">
      </trkpt>
      <trkpt lat="46.784129" lon="8.392194">
      </trkpt>
      <trkpt lat="46.784147" lon="8.392234">
      </trkpt>
      <trkpt lat="46.784182" lon="8.392274">
      </trkpt>
      <trkpt lat="46.784209" lon="8.392314">
      </trkpt>
      <trkpt lat="46.784235" lon="8.392366">
      </trkpt>
      <trkpt lat="46.784253" lon="8.392406">
      </trkpt>
      <trkpt lat="46.784262" lon="8.392445">
      </trkpt>
      <trkpt lat="46.78428" lon="8.392472">
      </trkpt>
      <trkpt lat="46.784289" lon="8.392472">
      </trkpt>
      <trkpt lat="46.784298" lon="8.392459">
      </trkpt>
      <trkpt lat="46.784325" lon="8.39246">
      </trkpt>
      <trkpt lat="46.78437" lon="8.392447">
      </trkpt>
      <trkpt lat="46.784397" lon="8.392461">
      </trkpt>
      <trkpt lat="46.784432" lon="8.392501">
      </trkpt>
      <trkpt lat="46.78445" lon="8.39254">
      </trkpt>
      <trkpt lat="46.784468" lon="8.39258">
      </trkpt>
      <trkpt lat="46.784476" lon="8.392633">
      </trkpt>
      <trkpt lat="46.784485" lon="8.392672">
      </trkpt>
      <trkpt lat="46.784512" lon="8.392699">
      </trkpt>
      <trkpt lat="46.784511" lon="8.392751">
      </trkpt>
      <trkpt lat="46.78452" lon="8.392777">
      </trkpt>
      <trkpt lat="46.784529" lon="8.392791">
      </trkpt>
      <trkpt lat="46.784592" lon="8.392818">
      </trkpt>
      <trkpt lat="46.784619" lon="8.392805">
      </trkpt>
      <trkpt lat="46.784672" lon="8.392859">
      </trkpt>
      <trkpt lat="46.784699" lon="8.392859">
      </trkpt>
      <trkpt lat="46.784708" lon="8.39282">
      </trkpt>
      <trkpt lat="46.784734" lon="8.392821">
      </trkpt>
      <trkpt lat="46.78477" lon="8.392834">
      </trkpt>
      <trkpt lat="46.784816" lon="8.392809">
      </trkpt>
      <trkpt lat="46.78486" lon="8.392836">
      </trkpt>
      <trkpt lat="46.784896" lon="8.392836">
      </trkpt>
      <trkpt lat="46.784942" lon="8.392798">
      </trkpt>
      <trkpt lat="46.784978" lon="8.392786">
      </trkpt>
      <trkpt lat="46.785032" lon="8.392734">
      </trkpt>
      <trkpt lat="46.785086" lon="8.392709">
      </trkpt>
      <trkpt lat="46.785149" lon="8.392684">
      </trkpt>
      <trkpt lat="46.785222" lon="8.39262">
      </trkpt>
      <trkpt lat="46.785312" lon="8.392569">
      </trkpt>
      <trkpt lat="46.785439" lon="8.392506">
      </trkpt>
      <trkpt lat="46.785574" lon="8.392469">
      </trkpt>
      <trkpt lat="46.785446" lon="8.392689">
      </trkpt>
      <trkpt lat="46.785381" lon="8.392924">
      </trkpt>
      <trkpt lat="46.785589" lon="8.392796">
      </trkpt>
      <trkpt lat="46.78557" lon="8.392927">
      </trkpt>
      <trkpt lat="46.785533" lon="8.39307">
      </trkpt>
      <trkpt lat="46.785595" lon="8.39315">
      </trkpt>
      <trkpt lat="46.785685" lon="8.393139">
      </trkpt>
      <trkpt lat="46.785684" lon="8.393256">
      </trkpt>
      <trkpt lat="46.785711" lon="8.393283">
      </trkpt>
      <trkpt lat="46.785793" lon="8.393154">
      </trkpt>
      <trkpt lat="46.78583" lon="8.393036">
      </trkpt>
      <trkpt lat="46.785903" lon="8.392972">
      </trkpt>
      <trkpt lat="46.78592" lon="8.393051">
      </trkpt>
      <trkpt lat="46.785892" lon="8.393182">
      </trkpt>
      <trkpt lat="46.7859" lon="8.39326">
      </trkpt>
      <trkpt lat="46.785891" lon="8.393299">
      </trkpt>
      <trkpt lat="46.785864" lon="8.393351">
      </trkpt>
      <trkpt lat="46.7859" lon="8.393352">
      </trkpt>
      <trkpt lat="46.785936" lon="8.393313">
      </trkpt>
      <trkpt lat="46.786009" lon="8.393184">
      </trkpt>
      <trkpt lat="46.786081" lon="8.393106">
      </trkpt>
      <trkpt lat="46.786108" lon="8.393133">
      </trkpt>
      <trkpt lat="46.786099" lon="8.393211">
      </trkpt>
      <trkpt lat="46.786117" lon="8.393212">
      </trkpt>
      <trkpt lat="46.786154" lon="8.393094">
      </trkpt>
      <trkpt lat="46.78619" lon="8.393017">
      </trkpt>
      <trkpt lat="46.786245" lon="8.392887">
      </trkpt>
      <trkpt lat="46.786291" lon="8.392835">
      </trkpt>
      <trkpt lat="46.786354" lon="8.392744">
      </trkpt>
      <trkpt lat="46.786427" lon="8.39268">
      </trkpt>
      <trkpt lat="46.786408" lon="8.392798">
      </trkpt>
      <trkpt lat="46.786416" lon="8.39289">
      </trkpt>
      <trkpt lat="46.786453" lon="8.392838">
      </trkpt>
      <trkpt lat="46.786489" lon="8.392786">
      </trkpt>
      <trkpt lat="46.786507" lon="8.392786">
      </trkpt>
      <trkpt lat="46.786497" lon="8.392865">
      </trkpt>
      <trkpt lat="46.786487" lon="8.392969">
      </trkpt>
      <trkpt lat="46.78646" lon="8.393048">
      </trkpt>
      <trkpt lat="46.786459" lon="8.3931">
      </trkpt>
      <trkpt lat="46.786505" lon="8.393048">
      </trkpt>
      <trkpt lat="46.78655" lon="8.393023">
      </trkpt>
      <trkpt lat="46.786604" lon="8.392985">
      </trkpt>
      <trkpt lat="46.786641" lon="8.392933">
      </trkpt>
      <trkpt lat="46.786705" lon="8.39279">
      </trkpt>
      <trkpt lat="46.786741" lon="8.392791">
      </trkpt>
      <trkpt lat="46.786786" lon="8.392791">
      </trkpt>
      <trkpt lat="46.786813" lon="8.392766">
      </trkpt>
      <trkpt lat="46.786858" lon="8.392727">
      </trkpt>
      <trkpt lat="46.786877" lon="8.392675">
      </trkpt>
      <trkpt lat="46.786895" lon="8.392662">
      </trkpt>
      <trkpt lat="46.786904" lon="8.392649">
      </trkpt>
      <trkpt lat="46.786922" lon="8.392689">
      </trkpt>
      <trkpt lat="46.78693" lon="8.392728">
      </trkpt>
      <trkpt lat="46.786939" lon="8.392742">
      </trkpt>
      <trkpt lat="46.786948" lon="8.392755">
      </trkpt>
      <trkpt lat="46.786966" lon="8.392742">
      </trkpt>
      <trkpt lat="46.786985" lon="8.392677">
      </trkpt>
      <trkpt lat="46.787003" lon="8.392586">
      </trkpt>
      <trkpt lat="46.787004" lon="8.39252">
      </trkpt>
      <trkpt lat="46.786995" lon="8.392494">
      </trkpt>
      <trkpt lat="46.78696" lon="8.392402">
      </trkpt>
      <trkpt lat="46.786951" lon="8.392375">
      </trkpt>
      <trkpt lat="46.786942" lon="8.392362">
      </trkpt>
      <trkpt lat="46.786952" lon="8.392336">
      </trkpt>
      <trkpt lat="46.78697" lon="8.39231">
      </trkpt>
      <trkpt lat="46.786997" lon="8.39231">
      </trkpt>
      <trkpt lat="46.787024" lon="8.392272">
      </trkpt>
      <trkpt lat="46.787069" lon="8.392259">
      </trkpt>
      <trkpt lat="46.787105" lon="8.392234">
      </trkpt>
      <trkpt lat="46.787124" lon="8.392208">
      </trkpt>
      <trkpt lat="46.787151" lon="8.392169">
      </trkpt>
      <trkpt lat="46.787169" lon="8.39213">
      </trkpt>
      <trkpt lat="46.787187" lon="8.392117">
      </trkpt>
      <trkpt lat="46.787241" lon="8.392092">
      </trkpt>
      <trkpt lat="46.78726" lon="8.392066">
      </trkpt>
      <trkpt lat="46.787296" lon="8.392001">
      </trkpt>
      <trkpt lat="46.787342" lon="8.391924">
      </trkpt>
      <trkpt lat="46.787378" lon="8.391846">
      </trkpt>
      <trkpt lat="46.787424" lon="8.391781">
      </trkpt>
      <trkpt lat="46.787424" lon="8.391781">
      </trkpt>
      <trkpt lat="46.787414" lon="8.391873">
      </trkpt>
      <trkpt lat="46.787385" lon="8.392186">
      </trkpt>
      <trkpt lat="46.787375" lon="8.392291">
      </trkpt>
      <trkpt lat="46.787382" lon="8.392527">
      </trkpt>
      <trkpt lat="46.787372" lon="8.392579">
      </trkpt>
      <trkpt lat="46.787381" lon="8.392605">
      </trkpt>
      <trkpt lat="46.787399" lon="8.392606">
      </trkpt>
      <trkpt lat="46.787435" lon="8.392567">
      </trkpt>
      <trkpt lat="46.787517" lon="8.392438">
      </trkpt>
      <trkpt lat="46.787527" lon="8.392412">
      </trkpt>
      <trkpt lat="46.787536" lon="8.392333">
      </trkpt>
      <trkpt lat="46.787546" lon="8.392294">
      </trkpt>
      <trkpt lat="46.787609" lon="8.392203">
      </trkpt>
      <trkpt lat="46.787627" lon="8.392204">
      </trkpt>
      <trkpt lat="46.787636" lon="8.392217">
      </trkpt>
      <trkpt lat="46.787626" lon="8.392309">
      </trkpt>
      <trkpt lat="46.787626" lon="8.392335">
      </trkpt>
      <trkpt lat="46.78767" lon="8.39244">
      </trkpt>
      <trkpt lat="46.787696" lon="8.392637">
      </trkpt>
      <trkpt lat="46.787695" lon="8.392703">
      </trkpt>
      <trkpt lat="46.787668" lon="8.392781">
      </trkpt>
      <trkpt lat="46.787595" lon="8.392884">
      </trkpt>
      <trkpt lat="46.787604" lon="8.392898">
      </trkpt>
      <trkpt lat="46.787631" lon="8.392898">
      </trkpt>
      <trkpt lat="46.78782" lon="8.392783">
      </trkpt>
      <trkpt lat="46.787893" lon="8.392667">
      </trkpt>
      <trkpt lat="46.787948" lon="8.392589">
      </trkpt>
      <trkpt lat="46.787985" lon="8.392472">
      </trkpt>
      <trkpt lat="46.788067" lon="8.392382">
      </trkpt>
      <trkpt lat="46.788076" lon="8.392395">
      </trkpt>
      <trkpt lat="46.788093" lon="8.392487">
      </trkpt>
      <trkpt lat="46.788092" lon="8.392526">
      </trkpt>
      <trkpt lat="46.788101" lon="8.39254">
      </trkpt>
      <trkpt lat="46.788172" lon="8.392646">
      </trkpt>
      <trkpt lat="46.788217" lon="8.392673">
      </trkpt>
      <trkpt lat="46.788226" lon="8.392686">
      </trkpt>
      <trkpt lat="46.788226" lon="8.392725">
      </trkpt>
      <trkpt lat="46.788216" lon="8.392764">
      </trkpt>
      <trkpt lat="46.788171" lon="8.392842">
      </trkpt>
      <trkpt lat="46.788152" lon="8.392894">
      </trkpt>
      <trkpt lat="46.788143" lon="8.392973">
      </trkpt>
      <trkpt lat="46.788115" lon="8.393116">
      </trkpt>
      <trkpt lat="46.788077" lon="8.393286">
      </trkpt>
      <trkpt lat="46.788049" lon="8.393403">
      </trkpt>
      <trkpt lat="46.788048" lon="8.393482">
      </trkpt>
      <trkpt lat="46.788057" lon="8.393495">
      </trkpt>
      <trkpt lat="46.788084" lon="8.393508">
      </trkpt>
      <trkpt lat="46.788147" lon="8.393523">
      </trkpt>
      <trkpt lat="46.788219" lon="8.393524">
      </trkpt>
      <trkpt lat="46.788246" lon="8.393551">
      </trkpt>
      <trkpt lat="46.788273" lon="8.393551">
      </trkpt>
      <trkpt lat="46.7883" lon="8.393552">
      </trkpt>
      <trkpt lat="46.788318" lon="8.393552">
      </trkpt>
      <trkpt lat="46.788345" lon="8.393526">
      </trkpt>
      <trkpt lat="46.788444" lon="8.393462">
      </trkpt>
      <trkpt lat="46.788544" lon="8.393399">
      </trkpt>
      <trkpt lat="46.788652" lon="8.393348">
      </trkpt>
      <trkpt lat="46.788869" lon="8.393234">
      </trkpt>
      <trkpt lat="46.788942" lon="8.393183">
      </trkpt>
      <trkpt lat="46.789068" lon="8.39312">
      </trkpt>
      <trkpt lat="46.789149" lon="8.393108">
      </trkpt>
      <trkpt lat="46.789203" lon="8.393096">
      </trkpt>
      <trkpt lat="46.78924" lon="8.393044">
      </trkpt>
      <trkpt lat="46.78924" lon="8.393044">
      </trkpt>
      <trkpt lat="46.789276" lon="8.393032">
      </trkpt>
      <trkpt lat="46.789312" lon="8.393033">
      </trkpt>
      <trkpt lat="46.789356" lon="8.39306">
      </trkpt>
      <trkpt lat="46.78941" lon="8.393113">
      </trkpt>
      <trkpt lat="46.789454" lon="8.393192">
      </trkpt>
      <trkpt lat="46.78949" lon="8.393206">
      </trkpt>
      <trkpt lat="46.789526" lon="8.393207">
      </trkpt>
      <trkpt lat="46.789562" lon="8.393233">
      </trkpt>
      <trkpt lat="46.78966" lon="8.393314">
      </trkpt>
      <trkpt lat="46.789714" lon="8.393367">
      </trkpt>
      <trkpt lat="46.789749" lon="8.393407">
      </trkpt>
      <trkpt lat="46.789839" lon="8.393461">
      </trkpt>
      <trkpt lat="46.789884" lon="8.393462">
      </trkpt>
      <trkpt lat="46.789956" lon="8.393463">
      </trkpt>
      <trkpt lat="46.789992" lon="8.393464">
      </trkpt>
      <trkpt lat="46.790046" lon="8.393425">
      </trkpt>
      <trkpt lat="46.790091" lon="8.393426">
      </trkpt>
      <trkpt lat="46.790136" lon="8.393453">
      </trkpt>
      <trkpt lat="46.790154" lon="8.393453">
      </trkpt>
      <trkpt lat="46.790208" lon="8.393454">
      </trkpt>
      <trkpt lat="46.790271" lon="8.393442">
      </trkpt>
      <trkpt lat="46.790379" lon="8.393379">
      </trkpt>
      <trkpt lat="46.79047" lon="8.393315">
      </trkpt>
      <trkpt lat="46.790515" lon="8.393303">
      </trkpt>
      <trkpt lat="46.790533" lon="8.393303">
      </trkpt>
      <trkpt lat="46.79056" lon="8.393317">
      </trkpt>
      <trkpt lat="46.790577" lon="8.393356">
      </trkpt>
      <trkpt lat="46.790586" lon="8.393409">
      </trkpt>
      <trkpt lat="46.790604" lon="8.393461">
      </trkpt>
      <trkpt lat="46.790648" lon="8.393502">
      </trkpt>
      <trkpt lat="46.79064" lon="8.39341">
      </trkpt>
      <trkpt lat="46.790649" lon="8.393384">
      </trkpt>
      <trkpt lat="46.790704" lon="8.393332">
      </trkpt>
      <trkpt lat="46.79074" lon="8.39328">
      </trkpt>
      <trkpt lat="46.79074" lon="8.39328">
      </trkpt>
      <trkpt lat="46.790786" lon="8.39319">
      </trkpt>
      <trkpt lat="46.790813" lon="8.393098">
      </trkpt>
      <trkpt lat="46.790851" lon="8.392916">
      </trkpt>
      <trkpt lat="46.79088" lon="8.39272">
      </trkpt>
      <trkpt lat="46.790889" lon="8.392694">
      </trkpt>
      <trkpt lat="46.790907" lon="8.392642">
      </trkpt>
      <trkpt lat="46.790907" lon="8.392642">
      </trkpt>
      <trkpt lat="46.790988" lon="8.392709">
      </trkpt>
      <trkpt lat="46.790988" lon="8.392709">
      </trkpt>
      <trkpt lat="46.791068" lon="8.392775">
      </trkpt>
      <trkpt lat="46.791068" lon="8.392775">
      </trkpt>
      <trkpt lat="46.791291" lon="8.392963">
      </trkpt>
      <trkpt lat="46.791291" lon="8.392963">
      </trkpt>
      <trkpt lat="46.791399" lon="8.393056">
      </trkpt>
      <trkpt lat="46.791425" lon="8.393096">
      </trkpt>
      <trkpt lat="46.791452" lon="8.393136">
      </trkpt>
      <trkpt lat="46.791513" lon="8.39336">
      </trkpt>
      <trkpt lat="46.7916" lon="8.393676">
      </trkpt>
      <trkpt lat="46.791635" lon="8.393781">
      </trkpt>
      <trkpt lat="46.791697" lon="8.393887">
      </trkpt>
      <trkpt lat="46.791804" lon="8.394111">
      </trkpt>
      <trkpt lat="46.791866" lon="8.39423">
      </trkpt>
      <trkpt lat="46.791918" lon="8.394389">
      </trkpt>
      <trkpt lat="46.79205" lon="8.394797">
      </trkpt>
      <trkpt lat="46.792128" lon="8.39506">
      </trkpt>
      <trkpt lat="46.792163" lon="8.395179">
      </trkpt>
      <trkpt lat="46.792199" lon="8.395258">
      </trkpt>
      <trkpt lat="46.792243" lon="8.395311">
      </trkpt>
      <trkpt lat="46.792297" lon="8.395351">
      </trkpt>
      <trkpt lat="46.792342" lon="8.395391">
      </trkpt>
      <trkpt lat="46.792342" lon="8.395391">
      </trkpt>
      <trkpt lat="46.792395" lon="8.395419">
      </trkpt>
      <trkpt lat="46.79244" lon="8.395433">
      </trkpt>
      <trkpt lat="46.792494" lon="8.395433">
      </trkpt>
      <trkpt lat="46.792548" lon="8.395421">
      </trkpt>
      <trkpt lat="46.792584" lon="8.395396">
      </trkpt>
      <trkpt lat="46.79263" lon="8.395331">
      </trkpt>
      <trkpt lat="46.792703" lon="8.395228">
      </trkpt>
      <trkpt lat="46.792739" lon="8.395189">
      </trkpt>
      <trkpt lat="46.792784" lon="8.395164">
      </trkpt>
      <trkpt lat="46.792811" lon="8.395164">
      </trkpt>
      <trkpt lat="46.792856" lon="8.395178">
      </trkpt>
      <trkpt lat="46.792856" lon="8.395178">
      </trkpt>
      <trkpt lat="46.792874" lon="8.395218">
      </trkpt>
      <trkpt lat="46.792891" lon="8.39527">
      </trkpt>
      <trkpt lat="46.792909" lon="8.395362">
      </trkpt>
      <trkpt lat="46.792934" lon="8.395546">
      </trkpt>
      <trkpt lat="46.792959" lon="8.395835">
      </trkpt>
      <trkpt lat="46.792985" lon="8.395966">
      </trkpt>
      <trkpt lat="46.792985" lon="8.395966">
      </trkpt>
      <trkpt lat="46.793011" lon="8.396071">
      </trkpt>
      <trkpt lat="46.793054" lon="8.396216">
      </trkpt>
      <trkpt lat="46.793072" lon="8.396269">
      </trkpt>
      <trkpt lat="46.793072" lon="8.396269">
      </trkpt>
      <trkpt lat="46.793107" lon="8.396322">
      </trkpt>
      <trkpt lat="46.793276" lon="8.396561">
      </trkpt>
      <trkpt lat="46.793338" lon="8.396667">
      </trkpt>
    </trkseg>
  </trk>
</gpx>