<?xml version="1.0" encoding="UTF-8"?>
<gpx xmlns="http://www.topografix.com/GPX/1/1" xmlns:xsi="http://www.w3.org/2001/XMLSchema-instance" xsi:schemaLocation="http://www.topografix.com/GPX/1/1 http://www.topografix.com/GPX/1/1/gpx.xsd" version="1.1" creator="Bergbot — https://github.com/suchipizza/BergBot">
  <metadata>
    <name>Walliser Sonnenweg (Leukerbad - Gampel)</name>
  </metadata>
  <trk>
    <name>Walliser Sonnenweg (Leukerbad - Gampel)</name>
    <trkseg>
      <trkpt lat="46.380018" lon="7.628861">
      </trkpt>
      <trkpt lat="46.379955" lon="7.628822">
      </trkpt>
      <trkpt lat="46.379955" lon="7.628822">
      </trkpt>
      <trkpt lat="46.379919" lon="7.628809">
      </trkpt>
      <trkpt lat="46.379883" lon="7.628809">
      </trkpt>
      <trkpt lat="46.379856" lon="7.628822">
      </trkpt>
      <trkpt lat="46.379829" lon="7.628848">
      </trkpt>
      <trkpt lat="46.379775" lon="7.628912">
      </trkpt>
      <trkpt lat="46.37964" lon="7.629107">
      </trkpt>
      <trkpt lat="46.379595" lon="7.629185">
      </trkpt>
      <trkpt lat="46.379595" lon="7.629185">
      </trkpt>
      <trkpt lat="46.379568" lon="7.629224">
      </trkpt>
      <trkpt lat="46.379423" lon="7.629457">
      </trkpt>
      <trkpt lat="46.379423" lon="7.629457">
      </trkpt>
      <trkpt lat="46.379387" lon="7.629509">
      </trkpt>
      <trkpt lat="46.379387" lon="7.629509">
      </trkpt>
      <trkpt lat="46.379306" lon="7.629665">
      </trkpt>
      <trkpt lat="46.379225" lon="7.62982">
      </trkpt>
      <trkpt lat="46.379171" lon="7.62995">
      </trkpt>
      <trkpt lat="46.379098" lon="7.63008">
      </trkpt>
      <trkpt lat="46.379098" lon="7.63008">
      </trkpt>
      <trkpt lat="46.379035" lon="7.63008">
      </trkpt>
      <trkpt lat="46.378927" lon="7.630079">
      </trkpt>
      <trkpt lat="46.378828" lon="7.630066">
      </trkpt>
      <trkpt lat="46.378828" lon="7.630066">
      </trkpt>
      <trkpt lat="46.378649" lon="7.630052">
      </trkpt>
      <trkpt lat="46.378649" lon="7.630052">
      </trkpt>
      <trkpt lat="46.378595" lon="7.630039">
      </trkpt>
      <trkpt lat="46.378307" lon="7.629999">
      </trkpt>
      <trkpt lat="46.378073" lon="7.629959">
      </trkpt>
      <trkpt lat="46.377129" lon="7.6298">
      </trkpt>
      <trkpt lat="46.376778" lon="7.629734">
      </trkpt>
      <trkpt lat="46.376445" lon="7.629681">
      </trkpt>
      <trkpt lat="46.375933" lon="7.629588">
      </trkpt>
      <trkpt lat="46.375933" lon="7.629588">
      </trkpt>
      <trkpt lat="46.375816" lon="7.629575">
      </trkpt>
      <trkpt lat="46.375816" lon="7.629575">
      </trkpt>
      <trkpt lat="46.375312" lon="7.629495">
      </trkpt>
      <trkpt lat="46.374961" lon="7.629416">
      </trkpt>
      <trkpt lat="46.374925" lon="7.629402">
      </trkpt>
      <trkpt lat="46.374872" lon="7.629363">
      </trkpt>
      <trkpt lat="46.374818" lon="7.629337">
      </trkpt>
      <trkpt lat="46.374782" lon="7.629324">
      </trkpt>
      <trkpt lat="46.374755" lon="7.629324">
      </trkpt>
      <trkpt lat="46.374728" lon="7.62935">
      </trkpt>
      <trkpt lat="46.374701" lon="7.629363">
      </trkpt>
      <trkpt lat="46.374674" lon="7.629376">
      </trkpt>
      <trkpt lat="46.374611" lon="7.629388">
      </trkpt>
      <trkpt lat="46.374539" lon="7.629427">
      </trkpt>
      <trkpt lat="46.374503" lon="7.629427">
      </trkpt>
      <trkpt lat="46.374467" lon="7.629427">
      </trkpt>
      <trkpt lat="46.374431" lon="7.629414">
      </trkpt>
      <trkpt lat="46.374269" lon="7.629335">
      </trkpt>
      <trkpt lat="46.374062" lon="7.629243">
      </trkpt>
      <trkpt lat="46.374017" lon="7.62923">
      </trkpt>
      <trkpt lat="46.37399" lon="7.62923">
      </trkpt>
      <trkpt lat="46.37399" lon="7.62923">
      </trkpt>
      <trkpt lat="46.373945" lon="7.629256">
      </trkpt>
      <trkpt lat="46.3739" lon="7.629282">
      </trkpt>
      <trkpt lat="46.373864" lon="7.629295">
      </trkpt>
      <trkpt lat="46.373819" lon="7.629295">
      </trkpt>
      <trkpt lat="46.373774" lon="7.629268">
      </trkpt>
      <trkpt lat="46.373774" lon="7.629268">
      </trkpt>
      <trkpt lat="46.37372" lon="7.629242">
      </trkpt>
      <trkpt lat="46.373666" lon="7.629229">
      </trkpt>
      <trkpt lat="46.373522" lon="7.629216">
      </trkpt>
      <trkpt lat="46.373325" lon="7.629189">
      </trkpt>
      <trkpt lat="46.373037" lon="7.629188">
      </trkpt>
      <trkpt lat="46.373037" lon="7.629188">
      </trkpt>
      <trkpt lat="46.372974" lon="7.629188">
      </trkpt>
      <trkpt lat="46.372974" lon="7.629188">
      </trkpt>
      <trkpt lat="46.372938" lon="7.629188">
      </trkpt>
      <trkpt lat="46.372776" lon="7.629213">
      </trkpt>
      <trkpt lat="46.372722" lon="7.629226">
      </trkpt>
      <trkpt lat="46.37265" lon="7.629239">
      </trkpt>
      <trkpt lat="46.372596" lon="7.629238">
      </trkpt>
      <trkpt lat="46.372506" lon="7.629212">
      </trkpt>
      <trkpt lat="46.372398" lon="7.629186">
      </trkpt>
      <trkpt lat="46.372335" lon="7.629185">
      </trkpt>
      <trkpt lat="46.372218" lon="7.629198">
      </trkpt>
      <trkpt lat="46.37211" lon="7.629211">
      </trkpt>
      <trkpt lat="46.371948" lon="7.629223">
      </trkpt>
      <trkpt lat="46.371939" lon="7.629275">
      </trkpt>
      <trkpt lat="46.371939" lon="7.629275">
      </trkpt>
      <trkpt lat="46.371759" lon="7.629196">
      </trkpt>
      <trkpt lat="46.371625" lon="7.629144">
      </trkpt>
      <trkpt lat="46.371526" lon="7.629118">
      </trkpt>
      <trkpt lat="46.371418" lon="7.629091">
      </trkpt>
      <trkpt lat="46.37131" lon="7.629065">
      </trkpt>
      <trkpt lat="46.371274" lon="7.629052">
      </trkpt>
      <trkpt lat="46.371256" lon="7.629026">
      </trkpt>
      <trkpt lat="46.371238" lon="7.629">
      </trkpt>
      <trkpt lat="46.371229" lon="7.628974">
      </trkpt>
      <trkpt lat="46.371229" lon="7.628974">
      </trkpt>
      <trkpt lat="46.371148" lon="7.628934">
      </trkpt>
      <trkpt lat="46.371112" lon="7.628908">
      </trkpt>
      <trkpt lat="46.371022" lon="7.628843">
      </trkpt>
      <trkpt lat="46.371022" lon="7.628843">
      </trkpt>
      <trkpt lat="46.371004" lon="7.62883">
      </trkpt>
      <trkpt lat="46.370816" lon="7.62866">
      </trkpt>
      <trkpt lat="46.37078" lon="7.628608">
      </trkpt>
      <trkpt lat="46.370708" lon="7.628491">
      </trkpt>
      <trkpt lat="46.3706" lon="7.628309">
      </trkpt>
      <trkpt lat="46.370547" lon="7.628231">
      </trkpt>
      <trkpt lat="46.370493" lon="7.628178">
      </trkpt>
      <trkpt lat="46.370412" lon="7.628126">
      </trkpt>
      <trkpt lat="46.370223" lon="7.627956">
      </trkpt>
      <trkpt lat="46.370223" lon="7.627956">
      </trkpt>
      <trkpt lat="46.369864" lon="7.627682">
      </trkpt>
      <trkpt lat="46.369783" lon="7.62763">
      </trkpt>
      <trkpt lat="46.369738" lon="7.627617">
      </trkpt>
      <trkpt lat="46.369711" lon="7.627617">
      </trkpt>
      <trkpt lat="46.369621" lon="7.627604">
      </trkpt>
      <trkpt lat="46.369567" lon="7.62759">
      </trkpt>
      <trkpt lat="46.36954" lon="7.627564">
      </trkpt>
      <trkpt lat="46.369468" lon="7.627486">
      </trkpt>
      <trkpt lat="46.369415" lon="7.627395">
      </trkpt>
      <trkpt lat="46.369316" lon="7.627304">
      </trkpt>
      <trkpt lat="46.369199" lon="7.627173">
      </trkpt>
      <trkpt lat="46.369118" lon="7.627121">
      </trkpt>
      <trkpt lat="46.369064" lon="7.627082">
      </trkpt>
      <trkpt lat="46.369037" lon="7.62703">
      </trkpt>
      <trkpt lat="46.36893" lon="7.626886">
      </trkpt>
      <trkpt lat="46.368885" lon="7.62686">
      </trkpt>
      <trkpt lat="46.368822" lon="7.626821">
      </trkpt>
      <trkpt lat="46.368777" lon="7.626808">
      </trkpt>
      <trkpt lat="46.368714" lon="7.626808">
      </trkpt>
      <trkpt lat="46.368687" lon="7.626782">
      </trkpt>
      <trkpt lat="46.368597" lon="7.626677">
      </trkpt>
      <trkpt lat="46.368436" lon="7.626456">
      </trkpt>
      <trkpt lat="46.368364" lon="7.626339">
      </trkpt>
      <trkpt lat="46.368346" lon="7.6263">
      </trkpt>
      <trkpt lat="46.368301" lon="7.626221">
      </trkpt>
      <trkpt lat="46.368229" lon="7.626143">
      </trkpt>
      <trkpt lat="46.368157" lon="7.626065">
      </trkpt>
      <trkpt lat="46.367969" lon="7.625895">
      </trkpt>
      <trkpt lat="46.367753" lon="7.625726">
      </trkpt>
      <trkpt lat="46.367618" lon="7.625595">
      </trkpt>
      <trkpt lat="46.367547" lon="7.625504">
      </trkpt>
      <trkpt lat="46.367466" lon="7.625387">
      </trkpt>
      <trkpt lat="46.367412" lon="7.625309">
      </trkpt>
      <trkpt lat="46.367358" lon="7.625257">
      </trkpt>
      <trkpt lat="46.367304" lon="7.625191">
      </trkpt>
      <trkpt lat="46.367223" lon="7.625126">
      </trkpt>
      <trkpt lat="46.367133" lon="7.625074">
      </trkpt>
      <trkpt lat="46.366828" lon="7.624813">
      </trkpt>
      <trkpt lat="46.366711" lon="7.624722">
      </trkpt>
      <trkpt lat="46.366612" lon="7.624669">
      </trkpt>
      <trkpt lat="46.366531" lon="7.624643">
      </trkpt>
      <trkpt lat="46.366433" lon="7.624617">
      </trkpt>
      <trkpt lat="46.366208" lon="7.624512">
      </trkpt>
      <trkpt lat="46.366082" lon="7.62446">
      </trkpt>
      <trkpt lat="46.365749" lon="7.624367">
      </trkpt>
      <trkpt lat="46.365632" lon="7.624341">
      </trkpt>
      <trkpt lat="46.365578" lon="7.624302">
      </trkpt>
      <trkpt lat="46.36548" lon="7.62425">
      </trkpt>
      <trkpt lat="46.365291" lon="7.624132">
      </trkpt>
      <trkpt lat="46.365021" lon="7.623949">
      </trkpt>
      <trkpt lat="46.364931" lon="7.62391">
      </trkpt>
      <trkpt lat="46.364869" lon="7.623858">
      </trkpt>
      <trkpt lat="46.364806" lon="7.623806">
      </trkpt>
      <trkpt lat="46.364716" lon="7.623701">
      </trkpt>
      <trkpt lat="46.364626" lon="7.623623">
      </trkpt>
      <trkpt lat="46.364563" lon="7.623571">
      </trkpt>
      <trkpt lat="46.364482" lon="7.623532">
      </trkpt>
      <trkpt lat="46.364401" lon="7.623479">
      </trkpt>
      <trkpt lat="46.364285" lon="7.623401">
      </trkpt>
      <trkpt lat="46.364186" lon="7.623336">
      </trkpt>
      <trkpt lat="46.364105" lon="7.623257">
      </trkpt>
      <trkpt lat="46.363988" lon="7.623166">
      </trkpt>
      <trkpt lat="46.363925" lon="7.623114">
      </trkpt>
      <trkpt lat="46.363871" lon="7.623062">
      </trkpt>
      <trkpt lat="46.363817" lon="7.623023">
      </trkpt>
      <trkpt lat="46.363763" lon="7.623009">
      </trkpt>
      <trkpt lat="46.363629" lon="7.622931">
      </trkpt>
      <trkpt lat="46.363548" lon="7.622892">
      </trkpt>
      <trkpt lat="46.363503" lon="7.622879">
      </trkpt>
      <trkpt lat="46.363431" lon="7.622878">
      </trkpt>
      <trkpt lat="46.363386" lon="7.622865">
      </trkpt>
      <trkpt lat="46.363323" lon="7.622839">
      </trkpt>
      <trkpt lat="46.363224" lon="7.622774">
      </trkpt>
      <trkpt lat="46.36308" lon="7.622682">
      </trkpt>
      <trkpt lat="46.362954" lon="7.622617">
      </trkpt>
      <trkpt lat="46.362874" lon="7.622591">
      </trkpt>
      <trkpt lat="46.362775" lon="7.622551">
      </trkpt>
      <trkpt lat="46.36264" lon="7.622525">
      </trkpt>
      <trkpt lat="46.362595" lon="7.622525">
      </trkpt>
      <trkpt lat="46.362559" lon="7.62255">
      </trkpt>
      <trkpt lat="46.362505" lon="7.622628">
      </trkpt>
      <trkpt lat="46.362478" lon="7.622641">
      </trkpt>
      <trkpt lat="46.362478" lon="7.622641">
      </trkpt>
      <trkpt lat="46.362406" lon="7.622654">
      </trkpt>
      <trkpt lat="46.362406" lon="7.622654">
      </trkpt>
      <trkpt lat="46.362397" lon="7.622641">
      </trkpt>
      <trkpt lat="46.362397" lon="7.622628">
      </trkpt>
      <trkpt lat="46.362397" lon="7.622628">
      </trkpt>
      <trkpt lat="46.36237" lon="7.622498">
      </trkpt>
      <trkpt lat="46.362316" lon="7.622329">
      </trkpt>
      <trkpt lat="46.362316" lon="7.62229">
      </trkpt>
      <trkpt lat="46.362343" lon="7.62229">
      </trkpt>
      <trkpt lat="46.362388" lon="7.622355">
      </trkpt>
      <trkpt lat="46.362424" lon="7.622368">
      </trkpt>
      <trkpt lat="46.362442" lon="7.622342">
      </trkpt>
      <trkpt lat="46.362451" lon="7.62229">
      </trkpt>
      <trkpt lat="46.362451" lon="7.62229">
      </trkpt>
      <trkpt lat="46.362415" lon="7.622277">
      </trkpt>
      <trkpt lat="46.36237" lon="7.622238">
      </trkpt>
      <trkpt lat="46.362281" lon="7.62216">
      </trkpt>
      <trkpt lat="46.362047" lon="7.621912">
      </trkpt>
      <trkpt lat="46.361957" lon="7.621795">
      </trkpt>
      <trkpt lat="46.361867" lon="7.621678">
      </trkpt>
      <trkpt lat="46.361823" lon="7.621612">
      </trkpt>
      <trkpt lat="46.361778" lon="7.62156">
      </trkpt>
      <trkpt lat="46.361742" lon="7.621534">
      </trkpt>
      <trkpt lat="46.361742" lon="7.621534">
      </trkpt>
      <trkpt lat="46.361724" lon="7.621521">
      </trkpt>
      <trkpt lat="46.361724" lon="7.621521">
      </trkpt>
      <trkpt lat="46.361661" lon="7.621482">
      </trkpt>
      <trkpt lat="46.361589" lon="7.621469">
      </trkpt>
      <trkpt lat="46.361499" lon="7.621442">
      </trkpt>
      <trkpt lat="46.361292" lon="7.621442">
      </trkpt>
      <trkpt lat="46.361238" lon="7.621429">
      </trkpt>
      <trkpt lat="46.361202" lon="7.621402">
      </trkpt>
      <trkpt lat="46.361166" lon="7.621376">
      </trkpt>
      <trkpt lat="46.361094" lon="7.621298">
      </trkpt>
      <trkpt lat="46.360969" lon="7.621116">
      </trkpt>
      <trkpt lat="46.360888" lon="7.620986">
      </trkpt>
      <trkpt lat="46.360834" lon="7.620856">
      </trkpt>
      <trkpt lat="46.360781" lon="7.620712">
      </trkpt>
      <trkpt lat="46.360745" lon="7.620556">
      </trkpt>
      <trkpt lat="46.360682" lon="7.620244">
      </trkpt>
      <trkpt lat="46.360638" lon="7.620088">
      </trkpt>
      <trkpt lat="46.360566" lon="7.619854">
      </trkpt>
      <trkpt lat="46.360503" lon="7.619698">
      </trkpt>
      <trkpt lat="46.360441" lon="7.619542">
      </trkpt>
      <trkpt lat="46.360369" lon="7.619399">
      </trkpt>
      <trkpt lat="46.360306" lon="7.619295">
      </trkpt>
      <trkpt lat="46.360243" lon="7.619216">
      </trkpt>
      <trkpt lat="46.360162" lon="7.619125">
      </trkpt>
      <trkpt lat="46.360091" lon="7.61906">
      </trkpt>
      <trkpt lat="46.359992" lon="7.618995">
      </trkpt>
      <trkpt lat="46.359866" lon="7.618942">
      </trkpt>
      <trkpt lat="46.359713" lon="7.618864">
      </trkpt>
      <trkpt lat="46.359713" lon="7.618864">
      </trkpt>
      <trkpt lat="46.359668" lon="7.618851">
      </trkpt>
      <trkpt lat="46.359668" lon="7.618851">
      </trkpt>
      <trkpt lat="46.359677" lon="7.618799">
      </trkpt>
      <trkpt lat="46.359731" lon="7.618734">
      </trkpt>
      <trkpt lat="46.359758" lon="7.618721">
      </trkpt>
      <trkpt lat="46.359767" lon="7.618721">
      </trkpt>
      <trkpt lat="46.359785" lon="7.618721">
      </trkpt>
      <trkpt lat="46.359767" lon="7.618747">
      </trkpt>
      <trkpt lat="46.359776" lon="7.618786">
      </trkpt>
      <trkpt lat="46.359776" lon="7.618825">
      </trkpt>
      <trkpt lat="46.359776" lon="7.618838">
      </trkpt>
      <trkpt lat="46.359785" lon="7.618851">
      </trkpt>
      <trkpt lat="46.359803" lon="7.618864">
      </trkpt>
      <trkpt lat="46.359812" lon="7.618851">
      </trkpt>
      <trkpt lat="46.35983" lon="7.618825">
      </trkpt>
      <trkpt lat="46.359848" lon="7.618825">
      </trkpt>
      <trkpt lat="46.359875" lon="7.618838">
      </trkpt>
      <trkpt lat="46.359893" lon="7.618864">
      </trkpt>
      <trkpt lat="46.359884" lon="7.618903">
      </trkpt>
      <trkpt lat="46.359848" lon="7.618981">
      </trkpt>
      <trkpt lat="46.359821" lon="7.619059">
      </trkpt>
      <trkpt lat="46.359821" lon="7.619085">
      </trkpt>
      <trkpt lat="46.35982" lon="7.619202">
      </trkpt>
      <trkpt lat="46.35982" lon="7.619293">
      </trkpt>
      <trkpt lat="46.359811" lon="7.619345">
      </trkpt>
      <trkpt lat="46.359739" lon="7.619384">
      </trkpt>
      <trkpt lat="46.359703" lon="7.619436">
      </trkpt>
      <trkpt lat="46.359676" lon="7.619552">
      </trkpt>
      <trkpt lat="46.359658" lon="7.619656">
      </trkpt>
      <trkpt lat="46.359649" lon="7.61976">
      </trkpt>
      <trkpt lat="46.359667" lon="7.619812">
      </trkpt>
      <trkpt lat="46.359711" lon="7.61989">
      </trkpt>
      <trkpt lat="46.359765" lon="7.619929">
      </trkpt>
      <trkpt lat="46.359774" lon="7.619994">
      </trkpt>
      <trkpt lat="46.359774" lon="7.620033">
      </trkpt>
      <trkpt lat="46.359774" lon="7.620033">
      </trkpt>
      <trkpt lat="46.359675" lon="7.620072">
      </trkpt>
      <trkpt lat="46.359675" lon="7.620072">
      </trkpt>
      <trkpt lat="46.359684" lon="7.620111">
      </trkpt>
      <trkpt lat="46.359666" lon="7.620176">
      </trkpt>
      <trkpt lat="46.359639" lon="7.620228">
      </trkpt>
      <trkpt lat="46.359702" lon="7.620254">
      </trkpt>
      <trkpt lat="46.359747" lon="7.620254">
      </trkpt>
      <trkpt lat="46.359729" lon="7.620293">
      </trkpt>
      <trkpt lat="46.359756" lon="7.620332">
      </trkpt>
      <trkpt lat="46.359792" lon="7.620332">
      </trkpt>
      <trkpt lat="46.359801" lon="7.620371">
      </trkpt>
      <trkpt lat="46.359819" lon="7.62041">
      </trkpt>
      <trkpt lat="46.359818" lon="7.620462">
      </trkpt>
      <trkpt lat="46.359818" lon="7.620462">
      </trkpt>
      <trkpt lat="46.359827" lon="7.620488">
      </trkpt>
      <trkpt lat="46.359872" lon="7.620502">
      </trkpt>
      <trkpt lat="46.359908" lon="7.620567">
      </trkpt>
      <trkpt lat="46.35998" lon="7.620645">
      </trkpt>
      <trkpt lat="46.360079" lon="7.620736">
      </trkpt>
      <trkpt lat="46.360151" lon="7.620827">
      </trkpt>
      <trkpt lat="46.360214" lon="7.620866">
      </trkpt>
      <trkpt lat="46.360258" lon="7.620958">
      </trkpt>
      <trkpt lat="46.360348" lon="7.621205">
      </trkpt>
      <trkpt lat="46.360402" lon="7.621309">
      </trkpt>
      <trkpt lat="46.360474" lon="7.621348">
      </trkpt>
      <trkpt lat="46.360635" lon="7.621453">
      </trkpt>
      <trkpt lat="46.360725" lon="7.621518">
      </trkpt>
      <trkpt lat="46.360761" lon="7.62157">
      </trkpt>
      <trkpt lat="46.360788" lon="7.621648">
      </trkpt>
      <trkpt lat="46.360788" lon="7.621648">
      </trkpt>
      <trkpt lat="46.360779" lon="7.621687">
      </trkpt>
      <trkpt lat="46.360788" lon="7.621739">
      </trkpt>
      <trkpt lat="46.360815" lon="7.621778">
      </trkpt>
      <trkpt lat="46.360968" lon="7.621843">
      </trkpt>
      <trkpt lat="46.360977" lon="7.621882">
      </trkpt>
      <trkpt lat="46.360959" lon="7.621934">
      </trkpt>
      <trkpt lat="46.36094" lon="7.621999">
      </trkpt>
      <trkpt lat="46.360958" lon="7.622051">
      </trkpt>
      <trkpt lat="46.361012" lon="7.622155">
      </trkpt>
      <trkpt lat="46.36103" lon="7.622195">
      </trkpt>
      <trkpt lat="46.36103" lon="7.62222">
      </trkpt>
      <trkpt lat="46.360949" lon="7.622246">
      </trkpt>
      <trkpt lat="46.360778" lon="7.622259">
      </trkpt>
      <trkpt lat="46.360751" lon="7.622272">
      </trkpt>
      <trkpt lat="46.360724" lon="7.622258">
      </trkpt>
      <trkpt lat="46.360688" lon="7.622258">
      </trkpt>
      <trkpt lat="46.360652" lon="7.622271">
      </trkpt>
      <trkpt lat="46.360652" lon="7.622271">
      </trkpt>
      <trkpt lat="46.360724" lon="7.622466">
      </trkpt>
      <trkpt lat="46.360697" lon="7.622622">
      </trkpt>
      <trkpt lat="46.360697" lon="7.622622">
      </trkpt>
      <trkpt lat="46.360705" lon="7.622856">
      </trkpt>
      <trkpt lat="46.360705" lon="7.622856">
      </trkpt>
      <trkpt lat="46.360714" lon="7.622856">
      </trkpt>
      <trkpt lat="46.360759" lon="7.622882">
      </trkpt>
      <trkpt lat="46.360795" lon="7.622921">
      </trkpt>
      <trkpt lat="46.360804" lon="7.622973">
      </trkpt>
      <trkpt lat="46.360804" lon="7.623025">
      </trkpt>
      <trkpt lat="46.360795" lon="7.623064">
      </trkpt>
      <trkpt lat="46.360768" lon="7.623103">
      </trkpt>
      <trkpt lat="46.360696" lon="7.623142">
      </trkpt>
      <trkpt lat="46.360633" lon="7.623155">
      </trkpt>
      <trkpt lat="46.360633" lon="7.623155">
      </trkpt>
      <trkpt lat="46.360606" lon="7.623116">
      </trkpt>
      <trkpt lat="46.360606" lon="7.623116">
      </trkpt>
      <trkpt lat="46.36048" lon="7.623089">
      </trkpt>
      <trkpt lat="46.360363" lon="7.623089">
      </trkpt>
      <trkpt lat="46.360318" lon="7.623089">
      </trkpt>
      <trkpt lat="46.360219" lon="7.623114">
      </trkpt>
      <trkpt lat="46.36003" lon="7.623166">
      </trkpt>
      <trkpt lat="46.359886" lon="7.623178">
      </trkpt>
      <trkpt lat="46.359787" lon="7.623191">
      </trkpt>
      <trkpt lat="46.359679" lon="7.623164">
      </trkpt>
      <trkpt lat="46.359589" lon="7.623138">
      </trkpt>
      <trkpt lat="46.359499" lon="7.623086">
      </trkpt>
      <trkpt lat="46.359499" lon="7.623086">
      </trkpt>
      <trkpt lat="46.359463" lon="7.62306">
      </trkpt>
      <trkpt lat="46.359419" lon="7.623021">
      </trkpt>
      <trkpt lat="46.359329" lon="7.622916">
      </trkpt>
      <trkpt lat="46.359068" lon="7.622747">
      </trkpt>
      <trkpt lat="46.358969" lon="7.622694">
      </trkpt>
      <trkpt lat="46.358924" lon="7.622668">
      </trkpt>
      <trkpt lat="46.358852" lon="7.622694">
      </trkpt>
      <trkpt lat="46.358789" lon="7.622694">
      </trkpt>
      <trkpt lat="46.358744" lon="7.622694">
      </trkpt>
      <trkpt lat="46.358663" lon="7.622667">
      </trkpt>
      <trkpt lat="46.358502" lon="7.622615">
      </trkpt>
      <trkpt lat="46.358421" lon="7.622576">
      </trkpt>
      <trkpt lat="46.358331" lon="7.622497">
      </trkpt>
      <trkpt lat="46.358241" lon="7.622419">
      </trkpt>
      <trkpt lat="46.358178" lon="7.622354">
      </trkpt>
      <trkpt lat="46.358124" lon="7.622302">
      </trkpt>
      <trkpt lat="46.358079" lon="7.62225">
      </trkpt>
      <trkpt lat="46.358034" lon="7.62221">
      </trkpt>
      <trkpt lat="46.357882" lon="7.622054">
      </trkpt>
      <trkpt lat="46.357828" lon="7.622015">
      </trkpt>
      <trkpt lat="46.357792" lon="7.621963">
      </trkpt>
      <trkpt lat="46.357747" lon="7.621937">
      </trkpt>
      <trkpt lat="46.357711" lon="7.62191">
      </trkpt>
      <trkpt lat="46.357684" lon="7.621897">
      </trkpt>
      <trkpt lat="46.357648" lon="7.621897">
      </trkpt>
      <trkpt lat="46.357621" lon="7.621884">
      </trkpt>
      <trkpt lat="46.357603" lon="7.621871">
      </trkpt>
      <trkpt lat="46.357576" lon="7.621845">
      </trkpt>
      <trkpt lat="46.35754" lon="7.621832">
      </trkpt>
      <trkpt lat="46.357504" lon="7.621832">
      </trkpt>
      <trkpt lat="46.357441" lon="7.621832">
      </trkpt>
      <trkpt lat="46.357414" lon="7.621832">
      </trkpt>
      <trkpt lat="46.357387" lon="7.621831">
      </trkpt>
      <trkpt lat="46.357324" lon="7.621805">
      </trkpt>
      <trkpt lat="46.357307" lon="7.621792">
      </trkpt>
      <trkpt lat="46.357271" lon="7.621779">
      </trkpt>
      <trkpt lat="46.357244" lon="7.621779">
      </trkpt>
      <trkpt lat="46.357181" lon="7.621753">
      </trkpt>
      <trkpt lat="46.3571" lon="7.621753">
      </trkpt>
      <trkpt lat="46.357073" lon="7.621765">
      </trkpt>
      <trkpt lat="46.357037" lon="7.621778">
      </trkpt>
      <trkpt lat="46.357019" lon="7.621791">
      </trkpt>
      <trkpt lat="46.356911" lon="7.621791">
      </trkpt>
      <trkpt lat="46.356875" lon="7.621778">
      </trkpt>
      <trkpt lat="46.356839" lon="7.621765">
      </trkpt>
      <trkpt lat="46.356794" lon="7.621739">
      </trkpt>
      <trkpt lat="46.356767" lon="7.621712">
      </trkpt>
      <trkpt lat="46.35674" lon="7.621699">
      </trkpt>
      <trkpt lat="46.356722" lon="7.621673">
      </trkpt>
      <trkpt lat="46.356704" lon="7.62166">
      </trkpt>
      <trkpt lat="46.356686" lon="7.621647">
      </trkpt>
      <trkpt lat="46.356677" lon="7.62166">
      </trkpt>
      <trkpt lat="46.356659" lon="7.621673">
      </trkpt>
      <trkpt lat="46.356641" lon="7.621686">
      </trkpt>
      <trkpt lat="46.356641" lon="7.621725">
      </trkpt>
      <trkpt lat="46.356632" lon="7.621751">
      </trkpt>
      <trkpt lat="46.356623" lon="7.621777">
      </trkpt>
      <trkpt lat="46.356596" lon="7.62179">
      </trkpt>
      <trkpt lat="46.356578" lon="7.621803">
      </trkpt>
      <trkpt lat="46.356551" lon="7.621829">
      </trkpt>
      <trkpt lat="46.356515" lon="7.621855">
      </trkpt>
      <trkpt lat="46.356488" lon="7.621841">
      </trkpt>
      <trkpt lat="46.356488" lon="7.621828">
      </trkpt>
      <trkpt lat="46.356488" lon="7.621802">
      </trkpt>
      <trkpt lat="46.356497" lon="7.621764">
      </trkpt>
      <trkpt lat="46.356506" lon="7.621751">
      </trkpt>
      <trkpt lat="46.356506" lon="7.621725">
      </trkpt>
      <trkpt lat="46.356497" lon="7.621712">
      </trkpt>
      <trkpt lat="46.356452" lon="7.621711">
      </trkpt>
      <trkpt lat="46.356443" lon="7.621711">
      </trkpt>
      <trkpt lat="46.356443" lon="7.621672">
      </trkpt>
      <trkpt lat="46.356434" lon="7.621594">
      </trkpt>
      <trkpt lat="46.356434" lon="7.621542">
      </trkpt>
      <trkpt lat="46.356443" lon="7.621516">
      </trkpt>
      <trkpt lat="46.356452" lon="7.621491">
      </trkpt>
      <trkpt lat="46.356461" lon="7.621478">
      </trkpt>
      <trkpt lat="46.356471" lon="7.6214">
      </trkpt>
      <trkpt lat="46.356462" lon="7.621387">
      </trkpt>
      <trkpt lat="46.356444" lon="7.621387">
      </trkpt>
      <trkpt lat="46.356417" lon="7.621386">
      </trkpt>
      <trkpt lat="46.35639" lon="7.621373">
      </trkpt>
      <trkpt lat="46.356354" lon="7.621347">
      </trkpt>
      <trkpt lat="46.356309" lon="7.621321">
      </trkpt>
      <trkpt lat="46.35612" lon="7.621243">
      </trkpt>
      <trkpt lat="46.356084" lon="7.621229">
      </trkpt>
      <trkpt lat="46.356039" lon="7.621203">
      </trkpt>
      <trkpt lat="46.356021" lon="7.621203">
      </trkpt>
      <trkpt lat="46.355994" lon="7.621203">
      </trkpt>
      <trkpt lat="46.355958" lon="7.621177">
      </trkpt>
      <trkpt lat="46.355922" lon="7.621177">
      </trkpt>
      <trkpt lat="46.355823" lon="7.621151">
      </trkpt>
      <trkpt lat="46.355778" lon="7.621137">
      </trkpt>
      <trkpt lat="46.355706" lon="7.621137">
      </trkpt>
      <trkpt lat="46.355607" lon="7.621124">
      </trkpt>
      <trkpt lat="46.355589" lon="7.621124">
      </trkpt>
      <trkpt lat="46.355536" lon="7.621046">
      </trkpt>
      <trkpt lat="46.355518" lon="7.62102">
      </trkpt>
      <trkpt lat="46.355509" lon="7.621007">
      </trkpt>
      <trkpt lat="46.355509" lon="7.621007">
      </trkpt>
      <trkpt lat="46.355482" lon="7.620968">
      </trkpt>
      <trkpt lat="46.355437" lon="7.620941">
      </trkpt>
      <trkpt lat="46.355374" lon="7.620915">
      </trkpt>
      <trkpt lat="46.355311" lon="7.620889">
      </trkpt>
      <trkpt lat="46.355248" lon="7.62085">
      </trkpt>
      <trkpt lat="46.355095" lon="7.620797">
      </trkpt>
      <trkpt lat="46.355077" lon="7.620784">
      </trkpt>
      <trkpt lat="46.35505" lon="7.620771">
      </trkpt>
      <trkpt lat="46.355014" lon="7.620771">
      </trkpt>
      <trkpt lat="46.354987" lon="7.620784">
      </trkpt>
      <trkpt lat="46.35496" lon="7.620797">
      </trkpt>
      <trkpt lat="46.354942" lon="7.62081">
      </trkpt>
      <trkpt lat="46.354916" lon="7.62081">
      </trkpt>
      <trkpt lat="46.354862" lon="7.62081">
      </trkpt>
      <trkpt lat="46.354835" lon="7.62081">
      </trkpt>
      <trkpt lat="46.354808" lon="7.620809">
      </trkpt>
      <trkpt lat="46.354772" lon="7.620822">
      </trkpt>
      <trkpt lat="46.354754" lon="7.620848">
      </trkpt>
      <trkpt lat="46.354727" lon="7.620874">
      </trkpt>
      <trkpt lat="46.354709" lon="7.6209">
      </trkpt>
      <trkpt lat="46.354691" lon="7.620913">
      </trkpt>
      <trkpt lat="46.354637" lon="7.620965">
      </trkpt>
      <trkpt lat="46.354601" lon="7.620991">
      </trkpt>
      <trkpt lat="46.354529" lon="7.621081">
      </trkpt>
      <trkpt lat="46.354475" lon="7.621146">
      </trkpt>
      <trkpt lat="46.354439" lon="7.621172">
      </trkpt>
      <trkpt lat="46.354376" lon="7.621224">
      </trkpt>
      <trkpt lat="46.354241" lon="7.62134">
      </trkpt>
      <trkpt lat="46.354169" lon="7.621379">
      </trkpt>
      <trkpt lat="46.354097" lon="7.621444">
      </trkpt>
      <trkpt lat="46.354052" lon="7.621482">
      </trkpt>
      <trkpt lat="46.353998" lon="7.621534">
      </trkpt>
      <trkpt lat="46.353925" lon="7.621612">
      </trkpt>
      <trkpt lat="46.35388" lon="7.62169">
      </trkpt>
      <trkpt lat="46.353826" lon="7.621781">
      </trkpt>
      <trkpt lat="46.353808" lon="7.621793">
      </trkpt>
      <trkpt lat="46.353781" lon="7.621845">
      </trkpt>
      <trkpt lat="46.353754" lon="7.621871">
      </trkpt>
      <trkpt lat="46.353727" lon="7.621897">
      </trkpt>
      <trkpt lat="46.353709" lon="7.62191">
      </trkpt>
      <trkpt lat="46.353691" lon="7.621936">
      </trkpt>
      <trkpt lat="46.353682" lon="7.621988">
      </trkpt>
      <trkpt lat="46.353664" lon="7.622014">
      </trkpt>
      <trkpt lat="46.353646" lon="7.622053">
      </trkpt>
      <trkpt lat="46.35361" lon="7.622066">
      </trkpt>
      <trkpt lat="46.353592" lon="7.622092">
      </trkpt>
      <trkpt lat="46.353574" lon="7.62213">
      </trkpt>
      <trkpt lat="46.353556" lon="7.622169">
      </trkpt>
      <trkpt lat="46.353547" lon="7.622195">
      </trkpt>
      <trkpt lat="46.353529" lon="7.622247">
      </trkpt>
      <trkpt lat="46.353529" lon="7.622273">
      </trkpt>
      <trkpt lat="46.35352" lon="7.622299">
      </trkpt>
      <trkpt lat="46.353501" lon="7.622338">
      </trkpt>
      <trkpt lat="46.353438" lon="7.622455">
      </trkpt>
      <trkpt lat="46.353411" lon="7.622494">
      </trkpt>
      <trkpt lat="46.353402" lon="7.622507">
      </trkpt>
      <trkpt lat="46.353348" lon="7.622506">
      </trkpt>
      <trkpt lat="46.353321" lon="7.622506">
      </trkpt>
      <trkpt lat="46.353303" lon="7.622519">
      </trkpt>
      <trkpt lat="46.353276" lon="7.622532">
      </trkpt>
      <trkpt lat="46.353249" lon="7.622571">
      </trkpt>
      <trkpt lat="46.353231" lon="7.622584">
      </trkpt>
      <trkpt lat="46.353204" lon="7.622597">
      </trkpt>
      <trkpt lat="46.353195" lon="7.62261">
      </trkpt>
      <trkpt lat="46.353168" lon="7.622636">
      </trkpt>
      <trkpt lat="46.353141" lon="7.622675">
      </trkpt>
      <trkpt lat="46.353123" lon="7.622714">
      </trkpt>
      <trkpt lat="46.353096" lon="7.622765">
      </trkpt>
      <trkpt lat="46.353087" lon="7.622791">
      </trkpt>
      <trkpt lat="46.353078" lon="7.622882">
      </trkpt>
      <trkpt lat="46.353069" lon="7.622908">
      </trkpt>
      <trkpt lat="46.353042" lon="7.623038">
      </trkpt>
      <trkpt lat="46.353023" lon="7.623168">
      </trkpt>
      <trkpt lat="46.353014" lon="7.623246">
      </trkpt>
      <trkpt lat="46.352996" lon="7.623337">
      </trkpt>
      <trkpt lat="46.352987" lon="7.623402">
      </trkpt>
      <trkpt lat="46.352987" lon="7.623532">
      </trkpt>
      <trkpt lat="46.352978" lon="7.623674">
      </trkpt>
      <trkpt lat="46.352977" lon="7.623713">
      </trkpt>
      <trkpt lat="46.352977" lon="7.623765">
      </trkpt>
      <trkpt lat="46.352977" lon="7.623843">
      </trkpt>
      <trkpt lat="46.352968" lon="7.623934">
      </trkpt>
      <trkpt lat="46.352968" lon="7.623986">
      </trkpt>
      <trkpt lat="46.352959" lon="7.624064">
      </trkpt>
      <trkpt lat="46.35295" lon="7.624142">
      </trkpt>
      <trkpt lat="46.352941" lon="7.624207">
      </trkpt>
      <trkpt lat="46.352941" lon="7.624246">
      </trkpt>
      <trkpt lat="46.352941" lon="7.624285">
      </trkpt>
      <trkpt lat="46.352931" lon="7.62435">
      </trkpt>
      <trkpt lat="46.352904" lon="7.624441">
      </trkpt>
      <trkpt lat="46.352895" lon="7.624467">
      </trkpt>
      <trkpt lat="46.352895" lon="7.624558">
      </trkpt>
      <trkpt lat="46.352886" lon="7.624635">
      </trkpt>
      <trkpt lat="46.352886" lon="7.624739">
      </trkpt>
      <trkpt lat="46.352868" lon="7.624869">
      </trkpt>
      <trkpt lat="46.352868" lon="7.624921">
      </trkpt>
      <trkpt lat="46.352849" lon="7.625012">
      </trkpt>
      <trkpt lat="46.352849" lon="7.625077">
      </trkpt>
      <trkpt lat="46.352831" lon="7.625194">
      </trkpt>
      <trkpt lat="46.352822" lon="7.625272">
      </trkpt>
      <trkpt lat="46.352813" lon="7.625389">
      </trkpt>
      <trkpt lat="46.352795" lon="7.625532">
      </trkpt>
      <trkpt lat="46.352785" lon="7.625609">
      </trkpt>
      <trkpt lat="46.352785" lon="7.625687">
      </trkpt>
      <trkpt lat="46.352785" lon="7.625765">
      </trkpt>
      <trkpt lat="46.352776" lon="7.625817">
      </trkpt>
      <trkpt lat="46.352767" lon="7.625856">
      </trkpt>
      <trkpt lat="46.352767" lon="7.625856">
      </trkpt>
      <trkpt lat="46.352758" lon="7.625882">
      </trkpt>
      <trkpt lat="46.352758" lon="7.625921">
      </trkpt>
      <trkpt lat="46.352758" lon="7.625921">
      </trkpt>
      <trkpt lat="46.352758" lon="7.625934">
      </trkpt>
      <trkpt lat="46.352758" lon="7.625973">
      </trkpt>
      <trkpt lat="46.352767" lon="7.625999">
      </trkpt>
      <trkpt lat="46.352776" lon="7.626038">
      </trkpt>
      <trkpt lat="46.352785" lon="7.626155">
      </trkpt>
      <trkpt lat="46.352785" lon="7.626207">
      </trkpt>
      <trkpt lat="46.352793" lon="7.626272">
      </trkpt>
      <trkpt lat="46.352802" lon="7.62635">
      </trkpt>
      <trkpt lat="46.352811" lon="7.626467">
      </trkpt>
      <trkpt lat="46.352829" lon="7.626558">
      </trkpt>
      <trkpt lat="46.352865" lon="7.626688">
      </trkpt>
      <trkpt lat="46.352892" lon="7.626779">
      </trkpt>
      <trkpt lat="46.3529" lon="7.626844">
      </trkpt>
      <trkpt lat="46.352918" lon="7.626922">
      </trkpt>
      <trkpt lat="46.352935" lon="7.626987">
      </trkpt>
      <trkpt lat="46.352944" lon="7.627078">
      </trkpt>
      <trkpt lat="46.352944" lon="7.62713">
      </trkpt>
      <trkpt lat="46.352953" lon="7.627182">
      </trkpt>
      <trkpt lat="46.352962" lon="7.627234">
      </trkpt>
      <trkpt lat="46.35298" lon="7.627273">
      </trkpt>
      <trkpt lat="46.352989" lon="7.627325">
      </trkpt>
      <trkpt lat="46.353006" lon="7.627455">
      </trkpt>
      <trkpt lat="46.353015" lon="7.62752">
      </trkpt>
      <trkpt lat="46.353024" lon="7.627598">
      </trkpt>
      <trkpt lat="46.353024" lon="7.627663">
      </trkpt>
      <trkpt lat="46.353024" lon="7.627702">
      </trkpt>
      <trkpt lat="46.353042" lon="7.627728">
      </trkpt>
      <trkpt lat="46.35306" lon="7.627728">
      </trkpt>
      <trkpt lat="46.353087" lon="7.627741">
      </trkpt>
      <trkpt lat="46.353114" lon="7.62778">
      </trkpt>
      <trkpt lat="46.353123" lon="7.627806">
      </trkpt>
      <trkpt lat="46.353141" lon="7.627858">
      </trkpt>
      <trkpt lat="46.35315" lon="7.62791">
      </trkpt>
      <trkpt lat="46.353194" lon="7.628001">
      </trkpt>
      <trkpt lat="46.35323" lon="7.628079">
      </trkpt>
      <trkpt lat="46.353248" lon="7.628144">
      </trkpt>
      <trkpt lat="46.353275" lon="7.628287">
      </trkpt>
      <trkpt lat="46.353274" lon="7.62856">
      </trkpt>
      <trkpt lat="46.353265" lon="7.628612">
      </trkpt>
      <trkpt lat="46.353265" lon="7.628651">
      </trkpt>
      <trkpt lat="46.353265" lon="7.628703">
      </trkpt>
      <trkpt lat="46.353274" lon="7.628742">
      </trkpt>
      <trkpt lat="46.353274" lon="7.628794">
      </trkpt>
      <trkpt lat="46.353292" lon="7.628833">
      </trkpt>
      <trkpt lat="46.353301" lon="7.628872">
      </trkpt>
      <trkpt lat="46.35331" lon="7.628989">
      </trkpt>
      <trkpt lat="46.35331" lon="7.629041">
      </trkpt>
      <trkpt lat="46.3533" lon="7.629093">
      </trkpt>
      <trkpt lat="46.3533" lon="7.629145">
      </trkpt>
      <trkpt lat="46.3533" lon="7.62921">
      </trkpt>
      <trkpt lat="46.353327" lon="7.629366">
      </trkpt>
      <trkpt lat="46.353327" lon="7.629418">
      </trkpt>
      <trkpt lat="46.353345" lon="7.629457">
      </trkpt>
      <trkpt lat="46.353354" lon="7.629483">
      </trkpt>
      <trkpt lat="46.353363" lon="7.629522">
      </trkpt>
      <trkpt lat="46.353381" lon="7.629561">
      </trkpt>
      <trkpt lat="46.353381" lon="7.629613">
      </trkpt>
      <trkpt lat="46.353381" lon="7.629639">
      </trkpt>
      <trkpt lat="46.353371" lon="7.629652">
      </trkpt>
      <trkpt lat="46.353353" lon="7.629652">
      </trkpt>
      <trkpt lat="46.353318" lon="7.629626">
      </trkpt>
      <trkpt lat="46.353282" lon="7.629587">
      </trkpt>
      <trkpt lat="46.353255" lon="7.629574">
      </trkpt>
      <trkpt lat="46.353228" lon="7.62956">
      </trkpt>
      <trkpt lat="46.353201" lon="7.629521">
      </trkpt>
      <trkpt lat="46.353165" lon="7.629469">
      </trkpt>
      <trkpt lat="46.353138" lon="7.629417">
      </trkpt>
      <trkpt lat="46.353102" lon="7.629391">
      </trkpt>
      <trkpt lat="46.35303" lon="7.629248">
      </trkpt>
      <trkpt lat="46.353003" lon="7.629222">
      </trkpt>
      <trkpt lat="46.352985" lon="7.629183">
      </trkpt>
      <trkpt lat="46.352968" lon="7.629144">
      </trkpt>
      <trkpt lat="46.35295" lon="7.629105">
      </trkpt>
      <trkpt lat="46.352878" lon="7.62904">
      </trkpt>
      <trkpt lat="46.352833" lon="7.629013">
      </trkpt>
      <trkpt lat="46.352788" lon="7.628974">
      </trkpt>
      <trkpt lat="46.352761" lon="7.628961">
      </trkpt>
      <trkpt lat="46.352734" lon="7.628935">
      </trkpt>
      <trkpt lat="46.352707" lon="7.628896">
      </trkpt>
      <trkpt lat="46.352689" lon="7.62887">
      </trkpt>
      <trkpt lat="46.352653" lon="7.628857">
      </trkpt>
      <trkpt lat="46.352617" lon="7.628857">
      </trkpt>
      <trkpt lat="46.352572" lon="7.628831">
      </trkpt>
      <trkpt lat="46.352536" lon="7.62883">
      </trkpt>
      <trkpt lat="46.352509" lon="7.628817">
      </trkpt>
      <trkpt lat="46.352491" lon="7.628791">
      </trkpt>
      <trkpt lat="46.352455" lon="7.628765">
      </trkpt>
      <trkpt lat="46.35241" lon="7.628752">
      </trkpt>
      <trkpt lat="46.352383" lon="7.628739">
      </trkpt>
      <trkpt lat="46.352357" lon="7.628713">
      </trkpt>
      <trkpt lat="46.35233" lon="7.628674">
      </trkpt>
      <trkpt lat="46.352312" lon="7.628661">
      </trkpt>
      <trkpt lat="46.352276" lon="7.628648">
      </trkpt>
      <trkpt lat="46.352231" lon="7.628648">
      </trkpt>
      <trkpt lat="46.352177" lon="7.628647">
      </trkpt>
      <trkpt lat="46.352069" lon="7.628556">
      </trkpt>
      <trkpt lat="46.352006" lon="7.628504">
      </trkpt>
      <trkpt lat="46.351916" lon="7.628439">
      </trkpt>
      <trkpt lat="46.351871" lon="7.628412">
      </trkpt>
      <trkpt lat="46.351826" lon="7.628386">
      </trkpt>
      <trkpt lat="46.351782" lon="7.628347">
      </trkpt>
      <trkpt lat="46.351756" lon="7.628308">
      </trkpt>
      <trkpt lat="46.351738" lon="7.628256">
      </trkpt>
      <trkpt lat="46.351693" lon="7.62823">
      </trkpt>
      <trkpt lat="46.351666" lon="7.628204">
      </trkpt>
      <trkpt lat="46.351612" lon="7.628126">
      </trkpt>
      <trkpt lat="46.351594" lon="7.6281">
      </trkpt>
      <trkpt lat="46.351558" lon="7.628048">
      </trkpt>
      <trkpt lat="46.351531" lon="7.627996">
      </trkpt>
      <trkpt lat="46.351513" lon="7.627957">
      </trkpt>
      <trkpt lat="46.35145" lon="7.627891">
      </trkpt>
      <trkpt lat="46.351405" lon="7.627852">
      </trkpt>
      <trkpt lat="46.351379" lon="7.6278">
      </trkpt>
      <trkpt lat="46.351352" lon="7.627774">
      </trkpt>
      <trkpt lat="46.351316" lon="7.627657">
      </trkpt>
      <trkpt lat="46.35128" lon="7.627592">
      </trkpt>
      <trkpt lat="46.351235" lon="7.627553">
      </trkpt>
      <trkpt lat="46.35119" lon="7.627514">
      </trkpt>
      <trkpt lat="46.351145" lon="7.627475">
      </trkpt>
      <trkpt lat="46.351127" lon="7.627436">
      </trkpt>
      <trkpt lat="46.351091" lon="7.627396">
      </trkpt>
      <trkpt lat="46.351064" lon="7.62737">
      </trkpt>
      <trkpt lat="46.351011" lon="7.627318">
      </trkpt>
      <trkpt lat="46.351011" lon="7.627318">
      </trkpt>
      <trkpt lat="46.350984" lon="7.627253">
      </trkpt>
      <trkpt lat="46.350957" lon="7.627201">
      </trkpt>
      <trkpt lat="46.350912" lon="7.62711">
      </trkpt>
      <trkpt lat="46.350885" lon="7.627071">
      </trkpt>
      <trkpt lat="46.350849" lon="7.627019">
      </trkpt>
      <trkpt lat="46.350804" lon="7.626928">
      </trkpt>
      <trkpt lat="46.350768" lon="7.62685">
      </trkpt>
      <trkpt lat="46.350724" lon="7.626785">
      </trkpt>
      <trkpt lat="46.350697" lon="7.626759">
      </trkpt>
      <trkpt lat="46.350688" lon="7.62672">
      </trkpt>
      <trkpt lat="46.350652" lon="7.62668">
      </trkpt>
      <trkpt lat="46.350625" lon="7.626602">
      </trkpt>
      <trkpt lat="46.350598" lon="7.626537">
      </trkpt>
      <trkpt lat="46.35058" lon="7.626498">
      </trkpt>
      <trkpt lat="46.350553" lon="7.626459">
      </trkpt>
      <trkpt lat="46.350526" lon="7.626433">
      </trkpt>
      <trkpt lat="46.350499" lon="7.626381">
      </trkpt>
      <trkpt lat="46.350463" lon="7.626355">
      </trkpt>
      <trkpt lat="46.350401" lon="7.626303">
      </trkpt>
      <trkpt lat="46.350356" lon="7.626264">
      </trkpt>
      <trkpt lat="46.350302" lon="7.626238">
      </trkpt>
      <trkpt lat="46.35023" lon="7.626185">
      </trkpt>
      <trkpt lat="46.350176" lon="7.626146">
      </trkpt>
      <trkpt lat="46.350104" lon="7.62612">
      </trkpt>
      <trkpt lat="46.349996" lon="7.626042">
      </trkpt>
      <trkpt lat="46.349942" lon="7.626015">
      </trkpt>
      <trkpt lat="46.349942" lon="7.626015">
      </trkpt>
      <trkpt lat="46.349915" lon="7.625989">
      </trkpt>
      <trkpt lat="46.349888" lon="7.62595">
      </trkpt>
      <trkpt lat="46.349861" lon="7.625937">
      </trkpt>
      <trkpt lat="46.349807" lon="7.625911">
      </trkpt>
      <trkpt lat="46.349745" lon="7.625872">
      </trkpt>
      <trkpt lat="46.349745" lon="7.625872">
      </trkpt>
      <trkpt lat="46.349709" lon="7.625872">
      </trkpt>
      <trkpt lat="46.349673" lon="7.625872">
      </trkpt>
      <trkpt lat="46.349646" lon="7.625898">
      </trkpt>
      <trkpt lat="46.349528" lon="7.625962">
      </trkpt>
      <trkpt lat="46.349438" lon="7.626014">
      </trkpt>
      <trkpt lat="46.349285" lon="7.626091">
      </trkpt>
      <trkpt lat="46.349222" lon="7.626117">
      </trkpt>
      <trkpt lat="46.34915" lon="7.626156">
      </trkpt>
      <trkpt lat="46.349069" lon="7.626194">
      </trkpt>
      <trkpt lat="46.348952" lon="7.626233">
      </trkpt>
      <trkpt lat="46.348835" lon="7.626232">
      </trkpt>
      <trkpt lat="46.348772" lon="7.626245">
      </trkpt>
      <trkpt lat="46.348709" lon="7.626271">
      </trkpt>
      <trkpt lat="46.348583" lon="7.626349">
      </trkpt>
      <trkpt lat="46.348502" lon="7.626387">
      </trkpt>
      <trkpt lat="46.348466" lon="7.626413">
      </trkpt>
      <trkpt lat="46.348421" lon="7.626439">
      </trkpt>
      <trkpt lat="46.348385" lon="7.626491">
      </trkpt>
      <trkpt lat="46.348295" lon="7.62662">
      </trkpt>
      <trkpt lat="46.34825" lon="7.626685">
      </trkpt>
      <trkpt lat="46.348205" lon="7.626724">
      </trkpt>
      <trkpt lat="46.348169" lon="7.626763">
      </trkpt>
      <trkpt lat="46.348124" lon="7.626802">
      </trkpt>
      <trkpt lat="46.348088" lon="7.626866">
      </trkpt>
      <trkpt lat="46.348052" lon="7.626918">
      </trkpt>
      <trkpt lat="46.348025" lon="7.626957">
      </trkpt>
      <trkpt lat="46.347997" lon="7.627009">
      </trkpt>
      <trkpt lat="46.347889" lon="7.627255">
      </trkpt>
      <trkpt lat="46.347817" lon="7.62745">
      </trkpt>
      <trkpt lat="46.347745" lon="7.627606">
      </trkpt>
      <trkpt lat="46.347718" lon="7.627658">
      </trkpt>
      <trkpt lat="46.347663" lon="7.627748">
      </trkpt>
      <trkpt lat="46.3476" lon="7.6278">
      </trkpt>
      <trkpt lat="46.347528" lon="7.627852">
      </trkpt>
      <trkpt lat="46.347474" lon="7.627904">
      </trkpt>
      <trkpt lat="46.347294" lon="7.628111">
      </trkpt>
      <trkpt lat="46.347222" lon="7.628188">
      </trkpt>
      <trkpt lat="46.347159" lon="7.628279">
      </trkpt>
      <trkpt lat="46.347096" lon="7.628357">
      </trkpt>
      <trkpt lat="46.34706" lon="7.628422">
      </trkpt>
      <trkpt lat="46.347024" lon="7.628487">
      </trkpt>
      <trkpt lat="46.346996" lon="7.628538">
      </trkpt>
      <trkpt lat="46.34696" lon="7.628603">
      </trkpt>
      <trkpt lat="46.346888" lon="7.628746">
      </trkpt>
      <trkpt lat="46.346852" lon="7.628811">
      </trkpt>
      <trkpt lat="46.346834" lon="7.628863">
      </trkpt>
      <trkpt lat="46.346825" lon="7.628914">
      </trkpt>
      <trkpt lat="46.346825" lon="7.628966">
      </trkpt>
      <trkpt lat="46.346834" lon="7.629031">
      </trkpt>
      <trkpt lat="46.346851" lon="7.629161">
      </trkpt>
      <trkpt lat="46.34686" lon="7.629226">
      </trkpt>
      <trkpt lat="46.346869" lon="7.629278">
      </trkpt>
      <trkpt lat="46.346887" lon="7.62933">
      </trkpt>
      <trkpt lat="46.346905" lon="7.629382">
      </trkpt>
      <trkpt lat="46.346923" lon="7.629434">
      </trkpt>
      <trkpt lat="46.346923" lon="7.629486">
      </trkpt>
      <trkpt lat="46.346923" lon="7.629538">
      </trkpt>
      <trkpt lat="46.346905" lon="7.629603">
      </trkpt>
      <trkpt lat="46.346878" lon="7.629668">
      </trkpt>
      <trkpt lat="46.346851" lon="7.629733">
      </trkpt>
      <trkpt lat="46.346814" lon="7.629798">
      </trkpt>
      <trkpt lat="46.346742" lon="7.629901">
      </trkpt>
      <trkpt lat="46.346715" lon="7.629953">
      </trkpt>
      <trkpt lat="46.346697" lon="7.630031">
      </trkpt>
      <trkpt lat="46.346679" lon="7.630226">
      </trkpt>
      <trkpt lat="46.34667" lon="7.630291">
      </trkpt>
      <trkpt lat="46.346642" lon="7.630447">
      </trkpt>
      <trkpt lat="46.346624" lon="7.630538">
      </trkpt>
      <trkpt lat="46.346615" lon="7.630706">
      </trkpt>
      <trkpt lat="46.346615" lon="7.630706">
      </trkpt>
      <trkpt lat="46.346597" lon="7.630823">
      </trkpt>
      <trkpt lat="46.34657" lon="7.63094">
      </trkpt>
      <trkpt lat="46.346551" lon="7.631044">
      </trkpt>
      <trkpt lat="46.346542" lon="7.631161">
      </trkpt>
      <trkpt lat="46.346524" lon="7.631291">
      </trkpt>
      <trkpt lat="46.346515" lon="7.631368">
      </trkpt>
      <trkpt lat="46.346506" lon="7.631459">
      </trkpt>
      <trkpt lat="46.346506" lon="7.631576">
      </trkpt>
      <trkpt lat="46.346496" lon="7.631654">
      </trkpt>
      <trkpt lat="46.346478" lon="7.631823">
      </trkpt>
      <trkpt lat="46.346478" lon="7.631862">
      </trkpt>
      <trkpt lat="46.346487" lon="7.631901">
      </trkpt>
      <trkpt lat="46.346505" lon="7.63194">
      </trkpt>
      <trkpt lat="46.346523" lon="7.631979">
      </trkpt>
      <trkpt lat="46.346523" lon="7.632018">
      </trkpt>
      <trkpt lat="46.346523" lon="7.632109">
      </trkpt>
      <trkpt lat="46.346532" lon="7.632174">
      </trkpt>
      <trkpt lat="46.346549" lon="7.632226">
      </trkpt>
      <trkpt lat="46.346558" lon="7.632265">
      </trkpt>
      <trkpt lat="46.346576" lon="7.632291">
      </trkpt>
      <trkpt lat="46.346585" lon="7.632356">
      </trkpt>
      <trkpt lat="46.346594" lon="7.632551">
      </trkpt>
      <trkpt lat="46.346603" lon="7.632616">
      </trkpt>
      <trkpt lat="46.346621" lon="7.632681">
      </trkpt>
      <trkpt lat="46.34663" lon="7.632746">
      </trkpt>
      <trkpt lat="46.346638" lon="7.632798">
      </trkpt>
      <trkpt lat="46.346647" lon="7.63285">
      </trkpt>
      <trkpt lat="46.346638" lon="7.63298">
      </trkpt>
      <trkpt lat="46.346638" lon="7.633058">
      </trkpt>
      <trkpt lat="46.34662" lon="7.63311">
      </trkpt>
      <trkpt lat="46.346566" lon="7.633174">
      </trkpt>
      <trkpt lat="46.346503" lon="7.633252">
      </trkpt>
      <trkpt lat="46.346485" lon="7.633252">
      </trkpt>
      <trkpt lat="46.346431" lon="7.633239">
      </trkpt>
      <trkpt lat="46.346368" lon="7.633213">
      </trkpt>
      <trkpt lat="46.346323" lon="7.633199">
      </trkpt>
      <trkpt lat="46.346278" lon="7.633199">
      </trkpt>
      <trkpt lat="46.346233" lon="7.633199">
      </trkpt>
      <trkpt lat="46.346107" lon="7.633212">
      </trkpt>
      <trkpt lat="46.34608" lon="7.633212">
      </trkpt>
      <trkpt lat="46.346017" lon="7.633198">
      </trkpt>
      <trkpt lat="46.345972" lon="7.633211">
      </trkpt>
      <trkpt lat="46.345909" lon="7.633224">
      </trkpt>
      <trkpt lat="46.345864" lon="7.633237">
      </trkpt>
      <trkpt lat="46.34581" lon="7.633275">
      </trkpt>
      <trkpt lat="46.345765" lon="7.633301">
      </trkpt>
      <trkpt lat="46.345702" lon="7.633314">
      </trkpt>
      <trkpt lat="46.34545" lon="7.633391">
      </trkpt>
      <trkpt lat="46.345351" lon="7.633417">
      </trkpt>
      <trkpt lat="46.345279" lon="7.633429">
      </trkpt>
      <trkpt lat="46.345234" lon="7.633442">
      </trkpt>
      <trkpt lat="46.34518" lon="7.633481">
      </trkpt>
      <trkpt lat="46.34518" lon="7.633481">
      </trkpt>
      <trkpt lat="46.345144" lon="7.633533">
      </trkpt>
      <trkpt lat="46.345108" lon="7.633585">
      </trkpt>
      <trkpt lat="46.345081" lon="7.633676">
      </trkpt>
      <trkpt lat="46.345063" lon="7.633727">
      </trkpt>
      <trkpt lat="46.345026" lon="7.633922">
      </trkpt>
      <trkpt lat="46.344999" lon="7.634052">
      </trkpt>
      <trkpt lat="46.344981" lon="7.634143">
      </trkpt>
      <trkpt lat="46.344963" lon="7.634208">
      </trkpt>
      <trkpt lat="46.344945" lon="7.634273">
      </trkpt>
      <trkpt lat="46.344945" lon="7.634338">
      </trkpt>
      <trkpt lat="46.344935" lon="7.634415">
      </trkpt>
      <trkpt lat="46.344935" lon="7.634805">
      </trkpt>
      <trkpt lat="46.344944" lon="7.634922">
      </trkpt>
      <trkpt lat="46.34497" lon="7.63513">
      </trkpt>
      <trkpt lat="46.344988" lon="7.635208">
      </trkpt>
      <trkpt lat="46.345024" lon="7.635325">
      </trkpt>
      <trkpt lat="46.34506" lon="7.635416">
      </trkpt>
      <trkpt lat="46.345087" lon="7.635481">
      </trkpt>
      <trkpt lat="46.345087" lon="7.635507">
      </trkpt>
      <trkpt lat="46.345086" lon="7.635546">
      </trkpt>
      <trkpt lat="46.345086" lon="7.635546">
      </trkpt>
      <trkpt lat="46.345014" lon="7.635624">
      </trkpt>
      <trkpt lat="46.345014" lon="7.635624">
      </trkpt>
      <trkpt lat="46.344996" lon="7.635611">
      </trkpt>
      <trkpt lat="46.344969" lon="7.635598">
      </trkpt>
      <trkpt lat="46.344942" lon="7.635572">
      </trkpt>
      <trkpt lat="46.344889" lon="7.635519">
      </trkpt>
      <trkpt lat="46.344781" lon="7.635376">
      </trkpt>
      <trkpt lat="46.344727" lon="7.635324">
      </trkpt>
      <trkpt lat="46.344673" lon="7.635246">
      </trkpt>
      <trkpt lat="46.344646" lon="7.635181">
      </trkpt>
      <trkpt lat="46.344593" lon="7.634999">
      </trkpt>
      <trkpt lat="46.344566" lon="7.634934">
      </trkpt>
      <trkpt lat="46.344539" lon="7.634895">
      </trkpt>
      <trkpt lat="46.344431" lon="7.63479">
      </trkpt>
      <trkpt lat="46.344413" lon="7.634751">
      </trkpt>
      <trkpt lat="46.344359" lon="7.634569">
      </trkpt>
      <trkpt lat="46.344342" lon="7.634517">
      </trkpt>
      <trkpt lat="46.344297" lon="7.634478">
      </trkpt>
      <trkpt lat="46.344297" lon="7.634478">
      </trkpt>
      <trkpt lat="46.344261" lon="7.634439">
      </trkpt>
      <trkpt lat="46.344216" lon="7.634426">
      </trkpt>
      <trkpt lat="46.344153" lon="7.634426">
      </trkpt>
      <trkpt lat="46.34409" lon="7.634425">
      </trkpt>
      <trkpt lat="46.344027" lon="7.634425">
      </trkpt>
      <trkpt lat="46.343964" lon="7.634412">
      </trkpt>
      <trkpt lat="46.34391" lon="7.634386">
      </trkpt>
      <trkpt lat="46.343856" lon="7.634347">
      </trkpt>
      <trkpt lat="46.343784" lon="7.634268">
      </trkpt>
      <trkpt lat="46.343703" lon="7.634203">
      </trkpt>
      <trkpt lat="46.343614" lon="7.634151">
      </trkpt>
      <trkpt lat="46.343587" lon="7.634138">
      </trkpt>
      <trkpt lat="46.343524" lon="7.634125">
      </trkpt>
      <trkpt lat="46.343461" lon="7.634111">
      </trkpt>
      <trkpt lat="46.34338" lon="7.634098">
      </trkpt>
      <trkpt lat="46.343326" lon="7.634098">
      </trkpt>
      <trkpt lat="46.343281" lon="7.634098">
      </trkpt>
      <trkpt lat="46.343218" lon="7.634111">
      </trkpt>
      <trkpt lat="46.343155" lon="7.634097">
      </trkpt>
      <trkpt lat="46.343065" lon="7.634071">
      </trkpt>
      <trkpt lat="46.342984" lon="7.634045">
      </trkpt>
      <trkpt lat="46.342948" lon="7.634006">
      </trkpt>
      <trkpt lat="46.342903" lon="7.633954">
      </trkpt>
      <trkpt lat="46.342858" lon="7.633888">
      </trkpt>
      <trkpt lat="46.342805" lon="7.633797">
      </trkpt>
      <trkpt lat="46.342787" lon="7.633758">
      </trkpt>
      <trkpt lat="46.342787" lon="7.633758">
      </trkpt>
      <trkpt lat="46.342688" lon="7.633589">
      </trkpt>
      <trkpt lat="46.342688" lon="7.633589">
      </trkpt>
      <trkpt lat="46.342652" lon="7.633615">
      </trkpt>
      <trkpt lat="46.34258" lon="7.633641">
      </trkpt>
      <trkpt lat="46.34249" lon="7.633679">
      </trkpt>
      <trkpt lat="46.342454" lon="7.633692">
      </trkpt>
      <trkpt lat="46.342454" lon="7.633692">
      </trkpt>
      <trkpt lat="46.342364" lon="7.633913">
      </trkpt>
      <trkpt lat="46.342364" lon="7.633913">
      </trkpt>
      <trkpt lat="46.342355" lon="7.633926">
      </trkpt>
      <trkpt lat="46.342237" lon="7.634302">
      </trkpt>
      <trkpt lat="46.34221" lon="7.634367">
      </trkpt>
      <trkpt lat="46.342183" lon="7.634432">
      </trkpt>
      <trkpt lat="46.342057" lon="7.634587">
      </trkpt>
      <trkpt lat="46.341966" lon="7.634717">
      </trkpt>
      <trkpt lat="46.341885" lon="7.634833">
      </trkpt>
      <trkpt lat="46.341876" lon="7.634859">
      </trkpt>
      <trkpt lat="46.341876" lon="7.634859">
      </trkpt>
      <trkpt lat="46.341867" lon="7.634872">
      </trkpt>
      <trkpt lat="46.341849" lon="7.634937">
      </trkpt>
      <trkpt lat="46.341831" lon="7.634989">
      </trkpt>
      <trkpt lat="46.341813" lon="7.635106">
      </trkpt>
      <trkpt lat="46.341804" lon="7.635171">
      </trkpt>
      <trkpt lat="46.341803" lon="7.635287">
      </trkpt>
      <trkpt lat="46.341794" lon="7.63543">
      </trkpt>
      <trkpt lat="46.341776" lon="7.635599">
      </trkpt>
      <trkpt lat="46.341758" lon="7.635703">
      </trkpt>
      <trkpt lat="46.341749" lon="7.635755">
      </trkpt>
      <trkpt lat="46.341722" lon="7.635833">
      </trkpt>
      <trkpt lat="46.341649" lon="7.636001">
      </trkpt>
      <trkpt lat="46.341604" lon="7.636066">
      </trkpt>
      <trkpt lat="46.341559" lon="7.636131">
      </trkpt>
      <trkpt lat="46.34146" lon="7.63626">
      </trkpt>
      <trkpt lat="46.34128" lon="7.636494">
      </trkpt>
      <trkpt lat="46.341262" lon="7.636532">
      </trkpt>
      <trkpt lat="46.341225" lon="7.63661">
      </trkpt>
      <trkpt lat="46.341198" lon="7.636714">
      </trkpt>
      <trkpt lat="46.341135" lon="7.636935">
      </trkpt>
      <trkpt lat="46.341108" lon="7.637038">
      </trkpt>
      <trkpt lat="46.341108" lon="7.637064">
      </trkpt>
      <trkpt lat="46.341117" lon="7.637129">
      </trkpt>
      <trkpt lat="46.341126" lon="7.637181">
      </trkpt>
      <trkpt lat="46.341152" lon="7.637298">
      </trkpt>
      <trkpt lat="46.341179" lon="7.637428">
      </trkpt>
      <trkpt lat="46.341179" lon="7.637428">
      </trkpt>
      <trkpt lat="46.341062" lon="7.637454">
      </trkpt>
      <trkpt lat="46.341026" lon="7.63748">
      </trkpt>
      <trkpt lat="46.341008" lon="7.637506">
      </trkpt>
      <trkpt lat="46.34099" lon="7.637506">
      </trkpt>
      <trkpt lat="46.340963" lon="7.637492">
      </trkpt>
      <trkpt lat="46.340927" lon="7.637479">
      </trkpt>
      <trkpt lat="46.340873" lon="7.637479">
      </trkpt>
      <trkpt lat="46.340819" lon="7.637479">
      </trkpt>
      <trkpt lat="46.340801" lon="7.637492">
      </trkpt>
      <trkpt lat="46.340783" lon="7.637479">
      </trkpt>
      <trkpt lat="46.340774" lon="7.637427">
      </trkpt>
      <trkpt lat="46.340774" lon="7.637349">
      </trkpt>
      <trkpt lat="46.340793" lon="7.637258">
      </trkpt>
      <trkpt lat="46.340802" lon="7.637193">
      </trkpt>
      <trkpt lat="46.340802" lon="7.637128">
      </trkpt>
      <trkpt lat="46.340793" lon="7.637063">
      </trkpt>
      <trkpt lat="46.340775" lon="7.637037">
      </trkpt>
      <trkpt lat="46.340757" lon="7.636959">
      </trkpt>
      <trkpt lat="46.340748" lon="7.636933">
      </trkpt>
      <trkpt lat="46.340721" lon="7.636946">
      </trkpt>
      <trkpt lat="46.340694" lon="7.637037">
      </trkpt>
      <trkpt lat="46.340694" lon="7.637063">
      </trkpt>
      <trkpt lat="46.340694" lon="7.637089">
      </trkpt>
      <trkpt lat="46.340676" lon="7.637089">
      </trkpt>
      <trkpt lat="46.340676" lon="7.637089">
      </trkpt>
      <trkpt lat="46.340667" lon="7.637076">
      </trkpt>
      <trkpt lat="46.340658" lon="7.637011">
      </trkpt>
      <trkpt lat="46.34064" lon="7.636998">
      </trkpt>
      <trkpt lat="46.340631" lon="7.637024">
      </trkpt>
      <trkpt lat="46.340631" lon="7.637076">
      </trkpt>
      <trkpt lat="46.340595" lon="7.637218">
      </trkpt>
      <trkpt lat="46.340577" lon="7.637257">
      </trkpt>
      <trkpt lat="46.340541" lon="7.637309">
      </trkpt>
      <trkpt lat="46.340523" lon="7.637348">
      </trkpt>
      <trkpt lat="46.340513" lon="7.637387">
      </trkpt>
      <trkpt lat="46.340504" lon="7.6374">
      </trkpt>
      <trkpt lat="46.340486" lon="7.637413">
      </trkpt>
      <trkpt lat="46.340468" lon="7.637452">
      </trkpt>
      <trkpt lat="46.340459" lon="7.637478">
      </trkpt>
      <trkpt lat="46.34045" lon="7.637478">
      </trkpt>
      <trkpt lat="46.340432" lon="7.637426">
      </trkpt>
      <trkpt lat="46.340423" lon="7.637413">
      </trkpt>
      <trkpt lat="46.340414" lon="7.637413">
      </trkpt>
      <trkpt lat="46.340414" lon="7.637439">
      </trkpt>
      <trkpt lat="46.340405" lon="7.637477">
      </trkpt>
      <trkpt lat="46.340396" lon="7.63749">
      </trkpt>
      <trkpt lat="46.340387" lon="7.637477">
      </trkpt>
      <trkpt lat="46.340369" lon="7.637451">
      </trkpt>
      <trkpt lat="46.340369" lon="7.637412">
      </trkpt>
      <trkpt lat="46.340352" lon="7.637386">
      </trkpt>
      <trkpt lat="46.340343" lon="7.637399">
      </trkpt>
      <trkpt lat="46.340324" lon="7.637438">
      </trkpt>
      <trkpt lat="46.340315" lon="7.637464">
      </trkpt>
      <trkpt lat="46.340306" lon="7.637464">
      </trkpt>
      <trkpt lat="46.34027" lon="7.63749">
      </trkpt>
      <trkpt lat="46.340261" lon="7.63749">
      </trkpt>
      <trkpt lat="46.340243" lon="7.637477">
      </trkpt>
      <trkpt lat="46.340234" lon="7.637477">
      </trkpt>
      <trkpt lat="46.340217" lon="7.637438">
      </trkpt>
      <trkpt lat="46.340217" lon="7.637438">
      </trkpt>
      <trkpt lat="46.340253" lon="7.637412">
      </trkpt>
      <trkpt lat="46.340262" lon="7.637399">
      </trkpt>
      <trkpt lat="46.340262" lon="7.637399">
      </trkpt>
      <trkpt lat="46.340235" lon="7.637256">
      </trkpt>
      <trkpt lat="46.340208" lon="7.637139">
      </trkpt>
      <trkpt lat="46.34019" lon="7.6371">
      </trkpt>
      <trkpt lat="46.34019" lon="7.6371">
      </trkpt>
      <trkpt lat="46.340172" lon="7.637113">
      </trkpt>
      <trkpt lat="46.340154" lon="7.637126">
      </trkpt>
      <trkpt lat="46.340136" lon="7.637152">
      </trkpt>
      <trkpt lat="46.340118" lon="7.637178">
      </trkpt>
      <trkpt lat="46.340118" lon="7.637165">
      </trkpt>
      <trkpt lat="46.3401" lon="7.637152">
      </trkpt>
      <trkpt lat="46.340073" lon="7.637087">
      </trkpt>
      <trkpt lat="46.340055" lon="7.637035">
      </trkpt>
      <trkpt lat="46.340046" lon="7.637009">
      </trkpt>
      <trkpt lat="46.340046" lon="7.637009">
      </trkpt>
      <trkpt lat="46.339992" lon="7.637034">
      </trkpt>
      <trkpt lat="46.339992" lon="7.637034">
      </trkpt>
      <trkpt lat="46.339983" lon="7.637047">
      </trkpt>
      <trkpt lat="46.339983" lon="7.637073">
      </trkpt>
      <trkpt lat="46.339983" lon="7.637086">
      </trkpt>
      <trkpt lat="46.340001" lon="7.637125">
      </trkpt>
      <trkpt lat="46.34001" lon="7.637151">
      </trkpt>
      <trkpt lat="46.34001" lon="7.637177">
      </trkpt>
      <trkpt lat="46.340001" lon="7.637203">
      </trkpt>
      <trkpt lat="46.339974" lon="7.637216">
      </trkpt>
      <trkpt lat="46.339956" lon="7.637216">
      </trkpt>
      <trkpt lat="46.33992" lon="7.637216">
      </trkpt>
      <trkpt lat="46.339848" lon="7.637177">
      </trkpt>
      <trkpt lat="46.339848" lon="7.637216">
      </trkpt>
      <trkpt lat="46.339866" lon="7.63732">
      </trkpt>
      <trkpt lat="46.339866" lon="7.63732">
      </trkpt>
      <trkpt lat="46.339785" lon="7.63728">
      </trkpt>
      <trkpt lat="46.339632" lon="7.637215">
      </trkpt>
      <trkpt lat="46.339587" lon="7.637202">
      </trkpt>
      <trkpt lat="46.339389" lon="7.637201">
      </trkpt>
      <trkpt lat="46.339335" lon="7.637214">
      </trkpt>
      <trkpt lat="46.339281" lon="7.63724">
      </trkpt>
      <trkpt lat="46.339236" lon="7.637278">
      </trkpt>
      <trkpt lat="46.339236" lon="7.637278">
      </trkpt>
      <trkpt lat="46.339119" lon="7.637304">
      </trkpt>
      <trkpt lat="46.339074" lon="7.637304">
      </trkpt>
      <trkpt lat="46.339011" lon="7.637278">
      </trkpt>
      <trkpt lat="46.338921" lon="7.637251">
      </trkpt>
      <trkpt lat="46.338859" lon="7.637238">
      </trkpt>
      <trkpt lat="46.338805" lon="7.637225">
      </trkpt>
      <trkpt lat="46.338643" lon="7.63725">
      </trkpt>
      <trkpt lat="46.33858" lon="7.637289">
      </trkpt>
      <trkpt lat="46.338507" lon="7.637341">
      </trkpt>
      <trkpt lat="46.338453" lon="7.637405">
      </trkpt>
      <trkpt lat="46.33839" lon="7.637483">
      </trkpt>
      <trkpt lat="46.338363" lon="7.637535">
      </trkpt>
      <trkpt lat="46.338336" lon="7.637587">
      </trkpt>
      <trkpt lat="46.338327" lon="7.637639">
      </trkpt>
      <trkpt lat="46.338309" lon="7.637691">
      </trkpt>
      <trkpt lat="46.338237" lon="7.637794">
      </trkpt>
      <trkpt lat="46.338147" lon="7.637885">
      </trkpt>
      <trkpt lat="46.338084" lon="7.63795">
      </trkpt>
      <trkpt lat="46.338012" lon="7.638014">
      </trkpt>
      <trkpt lat="46.337957" lon="7.638066">
      </trkpt>
      <trkpt lat="46.337903" lon="7.638144">
      </trkpt>
      <trkpt lat="46.337876" lon="7.638183">
      </trkpt>
      <trkpt lat="46.337831" lon="7.638221">
      </trkpt>
      <trkpt lat="46.337786" lon="7.63826">
      </trkpt>
      <trkpt lat="46.337705" lon="7.638299">
      </trkpt>
      <trkpt lat="46.337615" lon="7.638324">
      </trkpt>
      <trkpt lat="46.337291" lon="7.638388">
      </trkpt>
      <trkpt lat="46.337174" lon="7.638427">
      </trkpt>
      <trkpt lat="46.337084" lon="7.638452">
      </trkpt>
      <trkpt lat="46.337057" lon="7.638478">
      </trkpt>
      <trkpt lat="46.337021" lon="7.638504">
      </trkpt>
      <trkpt lat="46.336967" lon="7.638556">
      </trkpt>
      <trkpt lat="46.33694" lon="7.638569">
      </trkpt>
      <trkpt lat="46.336904" lon="7.638582">
      </trkpt>
      <trkpt lat="46.336895" lon="7.638608">
      </trkpt>
      <trkpt lat="46.336877" lon="7.638646">
      </trkpt>
      <trkpt lat="46.336877" lon="7.638672">
      </trkpt>
      <trkpt lat="46.336858" lon="7.638724">
      </trkpt>
      <trkpt lat="46.33684" lon="7.638763">
      </trkpt>
      <trkpt lat="46.336795" lon="7.638854">
      </trkpt>
      <trkpt lat="46.33675" lon="7.638932">
      </trkpt>
      <trkpt lat="46.336695" lon="7.639048">
      </trkpt>
      <trkpt lat="46.336668" lon="7.639126">
      </trkpt>
      <trkpt lat="46.33665" lon="7.639178">
      </trkpt>
      <trkpt lat="46.336605" lon="7.639243">
      </trkpt>
      <trkpt lat="46.336578" lon="7.639308">
      </trkpt>
      <trkpt lat="46.336551" lon="7.639386">
      </trkpt>
      <trkpt lat="46.336533" lon="7.639489">
      </trkpt>
      <trkpt lat="46.336515" lon="7.639567">
      </trkpt>
      <trkpt lat="46.336514" lon="7.639619">
      </trkpt>
      <trkpt lat="46.336505" lon="7.639671">
      </trkpt>
      <trkpt lat="46.336478" lon="7.639723">
      </trkpt>
      <trkpt lat="46.33646" lon="7.639788">
      </trkpt>
      <trkpt lat="46.336433" lon="7.639931">
      </trkpt>
      <trkpt lat="46.336406" lon="7.640086">
      </trkpt>
      <trkpt lat="46.336369" lon="7.640216">
      </trkpt>
      <trkpt lat="46.336369" lon="7.640268">
      </trkpt>
      <trkpt lat="46.336342" lon="7.640333">
      </trkpt>
      <trkpt lat="46.336333" lon="7.640385">
      </trkpt>
      <trkpt lat="46.336315" lon="7.640528">
      </trkpt>
      <trkpt lat="46.336297" lon="7.640592">
      </trkpt>
      <trkpt lat="46.336243" lon="7.640696">
      </trkpt>
      <trkpt lat="46.336216" lon="7.640748">
      </trkpt>
      <trkpt lat="46.336134" lon="7.640968">
      </trkpt>
      <trkpt lat="46.336107" lon="7.641072">
      </trkpt>
      <trkpt lat="46.336107" lon="7.641163">
      </trkpt>
      <trkpt lat="46.336107" lon="7.641267">
      </trkpt>
      <trkpt lat="46.336107" lon="7.641319">
      </trkpt>
      <trkpt lat="46.336098" lon="7.641358">
      </trkpt>
      <trkpt lat="46.336079" lon="7.64141">
      </trkpt>
      <trkpt lat="46.336061" lon="7.641462">
      </trkpt>
      <trkpt lat="46.33607" lon="7.641527">
      </trkpt>
      <trkpt lat="46.336088" lon="7.641592">
      </trkpt>
      <trkpt lat="46.336097" lon="7.641644">
      </trkpt>
      <trkpt lat="46.336115" lon="7.641657">
      </trkpt>
      <trkpt lat="46.336124" lon="7.64167">
      </trkpt>
      <trkpt lat="46.336115" lon="7.641696">
      </trkpt>
      <trkpt lat="46.336097" lon="7.641722">
      </trkpt>
      <trkpt lat="46.336088" lon="7.641774">
      </trkpt>
      <trkpt lat="46.336079" lon="7.641825">
      </trkpt>
      <trkpt lat="46.336061" lon="7.641851">
      </trkpt>
      <trkpt lat="46.336025" lon="7.64189">
      </trkpt>
      <trkpt lat="46.335989" lon="7.641916">
      </trkpt>
      <trkpt lat="46.335971" lon="7.641955">
      </trkpt>
      <trkpt lat="46.33597" lon="7.641994">
      </trkpt>
      <trkpt lat="46.335979" lon="7.642059">
      </trkpt>
      <trkpt lat="46.335988" lon="7.642124">
      </trkpt>
      <trkpt lat="46.336006" lon="7.642189">
      </trkpt>
      <trkpt lat="46.336024" lon="7.642254">
      </trkpt>
      <trkpt lat="46.336024" lon="7.642319">
      </trkpt>
      <trkpt lat="46.336033" lon="7.642423">
      </trkpt>
      <trkpt lat="46.336033" lon="7.642462">
      </trkpt>
      <trkpt lat="46.336023" lon="7.642553">
      </trkpt>
      <trkpt lat="46.336014" lon="7.642591">
      </trkpt>
      <trkpt lat="46.336005" lon="7.64263">
      </trkpt>
      <trkpt lat="46.335987" lon="7.642695">
      </trkpt>
      <trkpt lat="46.335978" lon="7.642786">
      </trkpt>
      <trkpt lat="46.335978" lon="7.64289">
      </trkpt>
      <trkpt lat="46.335978" lon="7.642955">
      </trkpt>
      <trkpt lat="46.335996" lon="7.643085">
      </trkpt>
      <trkpt lat="46.336004" lon="7.643189">
      </trkpt>
      <trkpt lat="46.336004" lon="7.64328">
      </trkpt>
      <trkpt lat="46.336004" lon="7.643397">
      </trkpt>
      <trkpt lat="46.336004" lon="7.643462">
      </trkpt>
      <trkpt lat="46.336013" lon="7.64354">
      </trkpt>
      <trkpt lat="46.336013" lon="7.64354">
      </trkpt>
      <trkpt lat="46.335959" lon="7.643617">
      </trkpt>
      <trkpt lat="46.335895" lon="7.643708">
      </trkpt>
      <trkpt lat="46.335841" lon="7.64376">
      </trkpt>
      <trkpt lat="46.335769" lon="7.643798">
      </trkpt>
      <trkpt lat="46.335715" lon="7.643837">
      </trkpt>
      <trkpt lat="46.335679" lon="7.643837">
      </trkpt>
      <trkpt lat="46.335625" lon="7.643837">
      </trkpt>
      <trkpt lat="46.335553" lon="7.643837">
      </trkpt>
      <trkpt lat="46.33549" lon="7.643823">
      </trkpt>
      <trkpt lat="46.335418" lon="7.64381">
      </trkpt>
      <trkpt lat="46.335347" lon="7.64381">
      </trkpt>
      <trkpt lat="46.335176" lon="7.643835">
      </trkpt>
      <trkpt lat="46.335095" lon="7.643848">
      </trkpt>
      <trkpt lat="46.335041" lon="7.643861">
      </trkpt>
      <trkpt lat="46.334969" lon="7.643886">
      </trkpt>
      <trkpt lat="46.334716" lon="7.644067">
      </trkpt>
      <trkpt lat="46.334617" lon="7.644132">
      </trkpt>
      <trkpt lat="46.334563" lon="7.644144">
      </trkpt>
      <trkpt lat="46.334518" lon="7.644144">
      </trkpt>
      <trkpt lat="46.334437" lon="7.644131">
      </trkpt>
      <trkpt lat="46.334303" lon="7.644079">
      </trkpt>
      <trkpt lat="46.334258" lon="7.644052">
      </trkpt>
      <trkpt lat="46.334213" lon="7.644039">
      </trkpt>
      <trkpt lat="46.334159" lon="7.644026">
      </trkpt>
      <trkpt lat="46.334087" lon="7.644013">
      </trkpt>
      <trkpt lat="46.334015" lon="7.644013">
      </trkpt>
      <trkpt lat="46.333907" lon="7.644012">
      </trkpt>
      <trkpt lat="46.333772" lon="7.643986">
      </trkpt>
      <trkpt lat="46.333736" lon="7.643986">
      </trkpt>
      <trkpt lat="46.333691" lon="7.643972">
      </trkpt>
      <trkpt lat="46.333637" lon="7.643946">
      </trkpt>
      <trkpt lat="46.333323" lon="7.643802">
      </trkpt>
      <trkpt lat="46.333269" lon="7.643789">
      </trkpt>
      <trkpt lat="46.333206" lon="7.643776">
      </trkpt>
      <trkpt lat="46.333206" lon="7.643776">
      </trkpt>
      <trkpt lat="46.33317" lon="7.643776">
      </trkpt>
      <trkpt lat="46.333098" lon="7.643788">
      </trkpt>
      <trkpt lat="46.333035" lon="7.643788">
      </trkpt>
      <trkpt lat="46.332972" lon="7.643788">
      </trkpt>
      <trkpt lat="46.3329" lon="7.643775">
      </trkpt>
      <trkpt lat="46.332837" lon="7.643761">
      </trkpt>
      <trkpt lat="46.332774" lon="7.643748">
      </trkpt>
      <trkpt lat="46.332549" lon="7.643669">
      </trkpt>
      <trkpt lat="46.33245" lon="7.643643">
      </trkpt>
      <trkpt lat="46.332387" lon="7.64363">
      </trkpt>
      <trkpt lat="46.332306" lon="7.64363">
      </trkpt>
      <trkpt lat="46.33227" lon="7.643629">
      </trkpt>
      <trkpt lat="46.332216" lon="7.643629">
      </trkpt>
      <trkpt lat="46.332171" lon="7.643655">
      </trkpt>
      <trkpt lat="46.332135" lon="7.643668">
      </trkpt>
      <trkpt lat="46.332108" lon="7.643694">
      </trkpt>
      <trkpt lat="46.332081" lon="7.643733">
      </trkpt>
      <trkpt lat="46.332072" lon="7.643771">
      </trkpt>
      <trkpt lat="46.332054" lon="7.643823">
      </trkpt>
      <trkpt lat="46.332054" lon="7.643888">
      </trkpt>
      <trkpt lat="46.332063" lon="7.643953">
      </trkpt>
      <trkpt lat="46.332072" lon="7.644005">
      </trkpt>
      <trkpt lat="46.332072" lon="7.644005">
      </trkpt>
      <trkpt lat="46.33209" lon="7.644096">
      </trkpt>
      <trkpt lat="46.332125" lon="7.6442">
      </trkpt>
      <trkpt lat="46.332143" lon="7.644278">
      </trkpt>
      <trkpt lat="46.332161" lon="7.644408">
      </trkpt>
      <trkpt lat="46.33217" lon="7.644512">
      </trkpt>
      <trkpt lat="46.332179" lon="7.644629">
      </trkpt>
      <trkpt lat="46.332187" lon="7.644772">
      </trkpt>
      <trkpt lat="46.332223" lon="7.645097">
      </trkpt>
      <trkpt lat="46.332231" lon="7.64524">
      </trkpt>
      <trkpt lat="46.33224" lon="7.645382">
      </trkpt>
      <trkpt lat="46.332249" lon="7.645473">
      </trkpt>
      <trkpt lat="46.332276" lon="7.64559">
      </trkpt>
      <trkpt lat="46.332294" lon="7.645681">
      </trkpt>
      <trkpt lat="46.332311" lon="7.645837">
      </trkpt>
      <trkpt lat="46.332356" lon="7.646214">
      </trkpt>
      <trkpt lat="46.332409" lon="7.646526">
      </trkpt>
      <trkpt lat="46.332418" lon="7.646656">
      </trkpt>
      <trkpt lat="46.332426" lon="7.646929">
      </trkpt>
      <trkpt lat="46.332426" lon="7.647162">
      </trkpt>
      <trkpt lat="46.332416" lon="7.647474">
      </trkpt>
      <trkpt lat="46.332416" lon="7.647539">
      </trkpt>
      <trkpt lat="46.332425" lon="7.64763">
      </trkpt>
      <trkpt lat="46.332443" lon="7.647734">
      </trkpt>
      <trkpt lat="46.332496" lon="7.647981">
      </trkpt>
      <trkpt lat="46.332505" lon="7.648046">
      </trkpt>
      <trkpt lat="46.332505" lon="7.648111">
      </trkpt>
      <trkpt lat="46.332505" lon="7.648189">
      </trkpt>
      <trkpt lat="46.332496" lon="7.648253">
      </trkpt>
      <trkpt lat="46.33245" lon="7.648435">
      </trkpt>
      <trkpt lat="46.332441" lon="7.6485">
      </trkpt>
      <trkpt lat="46.332441" lon="7.648578">
      </trkpt>
      <trkpt lat="46.332441" lon="7.648695">
      </trkpt>
      <trkpt lat="46.33245" lon="7.648838">
      </trkpt>
      <trkpt lat="46.33245" lon="7.648838">
      </trkpt>
      <trkpt lat="46.332459" lon="7.648903">
      </trkpt>
      <trkpt lat="46.332468" lon="7.648955">
      </trkpt>
      <trkpt lat="46.332467" lon="7.649007">
      </trkpt>
      <trkpt lat="46.332458" lon="7.649084">
      </trkpt>
      <trkpt lat="46.33244" lon="7.649175">
      </trkpt>
      <trkpt lat="46.332413" lon="7.649279">
      </trkpt>
      <trkpt lat="46.332386" lon="7.649344">
      </trkpt>
      <trkpt lat="46.332341" lon="7.649435">
      </trkpt>
      <trkpt lat="46.332314" lon="7.649486">
      </trkpt>
      <trkpt lat="46.332286" lon="7.649551">
      </trkpt>
      <trkpt lat="46.332268" lon="7.649629">
      </trkpt>
      <trkpt lat="46.33225" lon="7.64972">
      </trkpt>
      <trkpt lat="46.332214" lon="7.649915">
      </trkpt>
      <trkpt lat="46.332205" lon="7.650018">
      </trkpt>
      <trkpt lat="46.332204" lon="7.650122">
      </trkpt>
      <trkpt lat="46.332194" lon="7.650681">
      </trkpt>
      <trkpt lat="46.332185" lon="7.650837">
      </trkpt>
      <trkpt lat="46.332185" lon="7.650927">
      </trkpt>
      <trkpt lat="46.332176" lon="7.651005">
      </trkpt>
      <trkpt lat="46.332139" lon="7.6512">
      </trkpt>
      <trkpt lat="46.332121" lon="7.651265">
      </trkpt>
      <trkpt lat="46.332112" lon="7.651317">
      </trkpt>
      <trkpt lat="46.332085" lon="7.651356">
      </trkpt>
      <trkpt lat="46.332013" lon="7.651459">
      </trkpt>
      <trkpt lat="46.331968" lon="7.651537">
      </trkpt>
      <trkpt lat="46.331932" lon="7.651615">
      </trkpt>
      <trkpt lat="46.331914" lon="7.65168">
      </trkpt>
      <trkpt lat="46.331896" lon="7.651744">
      </trkpt>
      <trkpt lat="46.331886" lon="7.651848">
      </trkpt>
      <trkpt lat="46.331877" lon="7.651952">
      </trkpt>
      <trkpt lat="46.331868" lon="7.652108">
      </trkpt>
      <trkpt lat="46.331859" lon="7.652277">
      </trkpt>
      <trkpt lat="46.33184" lon="7.652394">
      </trkpt>
      <trkpt lat="46.331822" lon="7.652458">
      </trkpt>
      <trkpt lat="46.331795" lon="7.652523">
      </trkpt>
      <trkpt lat="46.331759" lon="7.652588">
      </trkpt>
      <trkpt lat="46.331714" lon="7.652679">
      </trkpt>
      <trkpt lat="46.33166" lon="7.652795">
      </trkpt>
      <trkpt lat="46.331624" lon="7.652899">
      </trkpt>
      <trkpt lat="46.33156" lon="7.653094">
      </trkpt>
      <trkpt lat="46.331524" lon="7.653184">
      </trkpt>
      <trkpt lat="46.331443" lon="7.653366">
      </trkpt>
      <trkpt lat="46.331389" lon="7.653496">
      </trkpt>
      <trkpt lat="46.331289" lon="7.653781">
      </trkpt>
      <trkpt lat="46.331253" lon="7.653859">
      </trkpt>
      <trkpt lat="46.331208" lon="7.65391">
      </trkpt>
      <trkpt lat="46.331172" lon="7.653949">
      </trkpt>
      <trkpt lat="46.331091" lon="7.654001">
      </trkpt>
      <trkpt lat="46.331019" lon="7.654053">
      </trkpt>
      <trkpt lat="46.330983" lon="7.654091">
      </trkpt>
      <trkpt lat="46.330956" lon="7.65413">
      </trkpt>
      <trkpt lat="46.330928" lon="7.654169">
      </trkpt>
      <trkpt lat="46.330874" lon="7.654338">
      </trkpt>
      <trkpt lat="46.330766" lon="7.654623">
      </trkpt>
      <trkpt lat="46.330639" lon="7.655025">
      </trkpt>
      <trkpt lat="46.330612" lon="7.655103">
      </trkpt>
      <trkpt lat="46.330585" lon="7.655142">
      </trkpt>
      <trkpt lat="46.330531" lon="7.655206">
      </trkpt>
      <trkpt lat="46.330468" lon="7.655245">
      </trkpt>
      <trkpt lat="46.330405" lon="7.655284">
      </trkpt>
      <trkpt lat="46.330342" lon="7.655323">
      </trkpt>
      <trkpt lat="46.33027" lon="7.655348">
      </trkpt>
      <trkpt lat="46.330188" lon="7.6554">
      </trkpt>
      <trkpt lat="46.330143" lon="7.655426">
      </trkpt>
      <trkpt lat="46.330098" lon="7.655477">
      </trkpt>
      <trkpt lat="46.330062" lon="7.655529">
      </trkpt>
      <trkpt lat="46.330044" lon="7.655568">
      </trkpt>
      <trkpt lat="46.330026" lon="7.65562">
      </trkpt>
      <trkpt lat="46.330026" lon="7.655659">
      </trkpt>
      <trkpt lat="46.330026" lon="7.655724">
      </trkpt>
      <trkpt lat="46.330026" lon="7.655776">
      </trkpt>
      <trkpt lat="46.330035" lon="7.655854">
      </trkpt>
      <trkpt lat="46.330062" lon="7.655945">
      </trkpt>
      <trkpt lat="46.330097" lon="7.656049">
      </trkpt>
      <trkpt lat="46.330124" lon="7.656127">
      </trkpt>
      <trkpt lat="46.330169" lon="7.65627">
      </trkpt>
      <trkpt lat="46.330205" lon="7.656374">
      </trkpt>
      <trkpt lat="46.330222" lon="7.656465">
      </trkpt>
      <trkpt lat="46.330222" lon="7.656517">
      </trkpt>
      <trkpt lat="46.330222" lon="7.656582">
      </trkpt>
      <trkpt lat="46.330213" lon="7.65666">
      </trkpt>
      <trkpt lat="46.330195" lon="7.656815">
      </trkpt>
      <trkpt lat="46.330186" lon="7.656919">
      </trkpt>
      <trkpt lat="46.330176" lon="7.657036">
      </trkpt>
      <trkpt lat="46.330176" lon="7.657153">
      </trkpt>
      <trkpt lat="46.330176" lon="7.657283">
      </trkpt>
      <trkpt lat="46.330184" lon="7.657581">
      </trkpt>
      <trkpt lat="46.330193" lon="7.657685">
      </trkpt>
      <trkpt lat="46.330202" lon="7.657763">
      </trkpt>
      <trkpt lat="46.330211" lon="7.657841">
      </trkpt>
      <trkpt lat="46.33022" lon="7.657958">
      </trkpt>
      <trkpt lat="46.33021" lon="7.658088">
      </trkpt>
      <trkpt lat="46.33021" lon="7.658257">
      </trkpt>
      <trkpt lat="46.330219" lon="7.658361">
      </trkpt>
      <trkpt lat="46.330228" lon="7.658465">
      </trkpt>
      <trkpt lat="46.330254" lon="7.658673">
      </trkpt>
      <trkpt lat="46.33029" lon="7.658816">
      </trkpt>
      <trkpt lat="46.330299" lon="7.658894">
      </trkpt>
      <trkpt lat="46.33029" lon="7.658997">
      </trkpt>
      <trkpt lat="46.33028" lon="7.659062">
      </trkpt>
      <trkpt lat="46.33028" lon="7.659153">
      </trkpt>
      <trkpt lat="46.33028" lon="7.659153">
      </trkpt>
      <trkpt lat="46.33028" lon="7.659205">
      </trkpt>
      <trkpt lat="46.330271" lon="7.659322">
      </trkpt>
      <trkpt lat="46.330271" lon="7.659426">
      </trkpt>
      <trkpt lat="46.330271" lon="7.659426">
      </trkpt>
      <trkpt lat="46.330307" lon="7.659439">
      </trkpt>
      <trkpt lat="46.330325" lon="7.659465">
      </trkpt>
      <trkpt lat="46.330343" lon="7.659491">
      </trkpt>
      <trkpt lat="46.330342" lon="7.65953">
      </trkpt>
      <trkpt lat="46.330342" lon="7.659582">
      </trkpt>
      <trkpt lat="46.330342" lon="7.659647">
      </trkpt>
      <trkpt lat="46.330333" lon="7.659712">
      </trkpt>
      <trkpt lat="46.330315" lon="7.659803">
      </trkpt>
      <trkpt lat="46.330297" lon="7.659919">
      </trkpt>
      <trkpt lat="46.330278" lon="7.660062">
      </trkpt>
      <trkpt lat="46.33026" lon="7.660218">
      </trkpt>
      <trkpt lat="46.330233" lon="7.6604">
      </trkpt>
      <trkpt lat="46.330214" lon="7.660581">
      </trkpt>
      <trkpt lat="46.330205" lon="7.660724">
      </trkpt>
      <trkpt lat="46.330196" lon="7.660841">
      </trkpt>
      <trkpt lat="46.330196" lon="7.660906">
      </trkpt>
      <trkpt lat="46.330205" lon="7.66101">
      </trkpt>
      <trkpt lat="46.330231" lon="7.661101">
      </trkpt>
      <trkpt lat="46.330258" lon="7.661231">
      </trkpt>
      <trkpt lat="46.330276" lon="7.661309">
      </trkpt>
      <trkpt lat="46.330276" lon="7.661361">
      </trkpt>
      <trkpt lat="46.330276" lon="7.661439">
      </trkpt>
      <trkpt lat="46.330267" lon="7.661504">
      </trkpt>
      <trkpt lat="46.330258" lon="7.661555">
      </trkpt>
      <trkpt lat="46.330239" lon="7.661607">
      </trkpt>
      <trkpt lat="46.330221" lon="7.661633">
      </trkpt>
      <trkpt lat="46.330167" lon="7.661724">
      </trkpt>
      <trkpt lat="46.330122" lon="7.661789">
      </trkpt>
      <trkpt lat="46.330086" lon="7.66184">
      </trkpt>
      <trkpt lat="46.330068" lon="7.661892">
      </trkpt>
      <trkpt lat="46.330059" lon="7.661944">
      </trkpt>
      <trkpt lat="46.330059" lon="7.661996">
      </trkpt>
      <trkpt lat="46.330059" lon="7.662048">
      </trkpt>
      <trkpt lat="46.330085" lon="7.662256">
      </trkpt>
      <trkpt lat="46.330085" lon="7.662321">
      </trkpt>
      <trkpt lat="46.330085" lon="7.662373">
      </trkpt>
      <trkpt lat="46.330076" lon="7.662438">
      </trkpt>
      <trkpt lat="46.330058" lon="7.662477">
      </trkpt>
      <trkpt lat="46.330031" lon="7.662529">
      </trkpt>
      <trkpt lat="46.329977" lon="7.662593">
      </trkpt>
      <trkpt lat="46.329931" lon="7.662684">
      </trkpt>
      <trkpt lat="46.329904" lon="7.662749">
      </trkpt>
      <trkpt lat="46.329895" lon="7.662814">
      </trkpt>
      <trkpt lat="46.329895" lon="7.662814">
      </trkpt>
      <trkpt lat="46.329859" lon="7.662852">
      </trkpt>
      <trkpt lat="46.329841" lon="7.662891">
      </trkpt>
      <trkpt lat="46.329814" lon="7.663021">
      </trkpt>
      <trkpt lat="46.329787" lon="7.663164">
      </trkpt>
      <trkpt lat="46.329759" lon="7.663397">
      </trkpt>
      <trkpt lat="46.32975" lon="7.663475">
      </trkpt>
      <trkpt lat="46.329633" lon="7.663761">
      </trkpt>
      <trkpt lat="46.329633" lon="7.663761">
      </trkpt>
      <trkpt lat="46.329578" lon="7.664098">
      </trkpt>
      <trkpt lat="46.32956" lon="7.664241">
      </trkpt>
      <trkpt lat="46.329523" lon="7.664305">
      </trkpt>
      <trkpt lat="46.329478" lon="7.664357">
      </trkpt>
      <trkpt lat="46.329424" lon="7.664448">
      </trkpt>
      <trkpt lat="46.329334" lon="7.664538">
      </trkpt>
      <trkpt lat="46.329307" lon="7.664577">
      </trkpt>
      <trkpt lat="46.329253" lon="7.664616">
      </trkpt>
      <trkpt lat="46.329208" lon="7.664642">
      </trkpt>
      <trkpt lat="46.329163" lon="7.664642">
      </trkpt>
      <trkpt lat="46.329127" lon="7.664654">
      </trkpt>
      <trkpt lat="46.3291" lon="7.664654">
      </trkpt>
      <trkpt lat="46.329055" lon="7.664628">
      </trkpt>
      <trkpt lat="46.328956" lon="7.664537">
      </trkpt>
      <trkpt lat="46.328884" lon="7.664485">
      </trkpt>
      <trkpt lat="46.328803" lon="7.664471">
      </trkpt>
      <trkpt lat="46.328732" lon="7.664484">
      </trkpt>
      <trkpt lat="46.328732" lon="7.664484">
      </trkpt>
      <trkpt lat="46.328687" lon="7.664471">
      </trkpt>
      <trkpt lat="46.328624" lon="7.664445">
      </trkpt>
      <trkpt lat="46.328525" lon="7.664405">
      </trkpt>
      <trkpt lat="46.32848" lon="7.664379">
      </trkpt>
      <trkpt lat="46.328453" lon="7.664379">
      </trkpt>
      <trkpt lat="46.328381" lon="7.664392">
      </trkpt>
      <trkpt lat="46.328273" lon="7.664443">
      </trkpt>
      <trkpt lat="46.328237" lon="7.664469">
      </trkpt>
      <trkpt lat="46.328201" lon="7.664482">
      </trkpt>
      <trkpt lat="46.32812" lon="7.664507">
      </trkpt>
      <trkpt lat="46.328102" lon="7.664546">
      </trkpt>
      <trkpt lat="46.328102" lon="7.664624">
      </trkpt>
      <trkpt lat="46.328101" lon="7.664741">
      </trkpt>
      <trkpt lat="46.328128" lon="7.665079">
      </trkpt>
      <trkpt lat="46.328136" lon="7.665248">
      </trkpt>
      <trkpt lat="46.328127" lon="7.665326">
      </trkpt>
      <trkpt lat="46.328127" lon="7.665377">
      </trkpt>
      <trkpt lat="46.328109" lon="7.665442">
      </trkpt>
      <trkpt lat="46.328091" lon="7.665481">
      </trkpt>
      <trkpt lat="46.328082" lon="7.665481">
      </trkpt>
      <trkpt lat="46.328064" lon="7.665481">
      </trkpt>
      <trkpt lat="46.328046" lon="7.665455">
      </trkpt>
      <trkpt lat="46.328001" lon="7.665364">
      </trkpt>
      <trkpt lat="46.327992" lon="7.665377">
      </trkpt>
      <trkpt lat="46.327992" lon="7.665468">
      </trkpt>
      <trkpt lat="46.327992" lon="7.665468">
      </trkpt>
      <trkpt lat="46.327992" lon="7.665625">
      </trkpt>
      <trkpt lat="46.327982" lon="7.66569">
      </trkpt>
      <trkpt lat="46.327964" lon="7.665754">
      </trkpt>
      <trkpt lat="46.327955" lon="7.665845">
      </trkpt>
      <trkpt lat="46.327946" lon="7.665858">
      </trkpt>
      <trkpt lat="46.327946" lon="7.665858">
      </trkpt>
      <trkpt lat="46.327955" lon="7.665988">
      </trkpt>
      <trkpt lat="46.327973" lon="7.666118">
      </trkpt>
      <trkpt lat="46.32799" lon="7.666196">
      </trkpt>
      <trkpt lat="46.327999" lon="7.666274">
      </trkpt>
      <trkpt lat="46.327999" lon="7.666326">
      </trkpt>
      <trkpt lat="46.328017" lon="7.666352">
      </trkpt>
      <trkpt lat="46.328035" lon="7.666443">
      </trkpt>
      <trkpt lat="46.328062" lon="7.666521">
      </trkpt>
      <trkpt lat="46.328089" lon="7.666573">
      </trkpt>
      <trkpt lat="46.328106" lon="7.666651">
      </trkpt>
      <trkpt lat="46.328124" lon="7.666703">
      </trkpt>
      <trkpt lat="46.328124" lon="7.666742">
      </trkpt>
      <trkpt lat="46.328115" lon="7.666807">
      </trkpt>
      <trkpt lat="46.328133" lon="7.666885">
      </trkpt>
      <trkpt lat="46.328169" lon="7.666963">
      </trkpt>
      <trkpt lat="46.328187" lon="7.667002">
      </trkpt>
      <trkpt lat="46.328205" lon="7.667041">
      </trkpt>
      <trkpt lat="46.328205" lon="7.66708">
      </trkpt>
      <trkpt lat="46.328231" lon="7.667171">
      </trkpt>
      <trkpt lat="46.328258" lon="7.667223">
      </trkpt>
      <trkpt lat="46.328276" lon="7.667249">
      </trkpt>
      <trkpt lat="46.328294" lon="7.667301">
      </trkpt>
      <trkpt lat="46.328357" lon="7.667366">
      </trkpt>
      <trkpt lat="46.328384" lon="7.667431">
      </trkpt>
      <trkpt lat="46.328419" lon="7.667613">
      </trkpt>
      <trkpt lat="46.328455" lon="7.66773">
      </trkpt>
      <trkpt lat="46.328455" lon="7.66773">
      </trkpt>
      <trkpt lat="46.328491" lon="7.667886">
      </trkpt>
      <trkpt lat="46.3285" lon="7.667938">
      </trkpt>
      <trkpt lat="46.328508" lon="7.668068">
      </trkpt>
      <trkpt lat="46.328508" lon="7.668146">
      </trkpt>
      <trkpt lat="46.328526" lon="7.668198">
      </trkpt>
      <trkpt lat="46.328553" lon="7.668276">
      </trkpt>
      <trkpt lat="46.328598" lon="7.66838">
      </trkpt>
      <trkpt lat="46.328616" lon="7.668471">
      </trkpt>
      <trkpt lat="46.328624" lon="7.668523">
      </trkpt>
      <trkpt lat="46.328624" lon="7.668601">
      </trkpt>
      <trkpt lat="46.328597" lon="7.668744">
      </trkpt>
      <trkpt lat="46.328588" lon="7.668861">
      </trkpt>
      <trkpt lat="46.328579" lon="7.668977">
      </trkpt>
      <trkpt lat="46.328569" lon="7.669081">
      </trkpt>
      <trkpt lat="46.328578" lon="7.669198">
      </trkpt>
      <trkpt lat="46.328569" lon="7.669302">
      </trkpt>
      <trkpt lat="46.32856" lon="7.66938">
      </trkpt>
      <trkpt lat="46.328559" lon="7.66951">
      </trkpt>
      <trkpt lat="46.32855" lon="7.669549">
      </trkpt>
      <trkpt lat="46.328541" lon="7.669639">
      </trkpt>
      <trkpt lat="46.328532" lon="7.669691">
      </trkpt>
      <trkpt lat="46.328496" lon="7.669756">
      </trkpt>
      <trkpt lat="46.328469" lon="7.669795">
      </trkpt>
      <trkpt lat="46.328451" lon="7.669847">
      </trkpt>
      <trkpt lat="46.328451" lon="7.669873">
      </trkpt>
      <trkpt lat="46.328469" lon="7.669912">
      </trkpt>
      <trkpt lat="46.328469" lon="7.669925">
      </trkpt>
      <trkpt lat="46.32846" lon="7.669938">
      </trkpt>
      <trkpt lat="46.328442" lon="7.669912">
      </trkpt>
      <trkpt lat="46.328424" lon="7.669912">
      </trkpt>
      <trkpt lat="46.328415" lon="7.669912">
      </trkpt>
      <trkpt lat="46.328406" lon="7.669938">
      </trkpt>
      <trkpt lat="46.328397" lon="7.669964">
      </trkpt>
      <trkpt lat="46.328397" lon="7.670015">
      </trkpt>
      <trkpt lat="46.328405" lon="7.670093">
      </trkpt>
      <trkpt lat="46.328441" lon="7.670223">
      </trkpt>
      <trkpt lat="46.328441" lon="7.670288">
      </trkpt>
      <trkpt lat="46.328459" lon="7.670366">
      </trkpt>
      <trkpt lat="46.328468" lon="7.670405">
      </trkpt>
      <trkpt lat="46.32845" lon="7.67047">
      </trkpt>
      <trkpt lat="46.328422" lon="7.670561">
      </trkpt>
      <trkpt lat="46.328413" lon="7.6706">
      </trkpt>
      <trkpt lat="46.328413" lon="7.6706">
      </trkpt>
      <trkpt lat="46.328449" lon="7.670691">
      </trkpt>
      <trkpt lat="46.328458" lon="7.670704">
      </trkpt>
      <trkpt lat="46.328458" lon="7.670743">
      </trkpt>
      <trkpt lat="46.328458" lon="7.670808">
      </trkpt>
      <trkpt lat="46.328467" lon="7.670834">
      </trkpt>
      <trkpt lat="46.328476" lon="7.67086">
      </trkpt>
      <trkpt lat="46.328512" lon="7.670925">
      </trkpt>
      <trkpt lat="46.328565" lon="7.671003">
      </trkpt>
      <trkpt lat="46.32861" lon="7.671042">
      </trkpt>
      <trkpt lat="46.328664" lon="7.671133">
      </trkpt>
      <trkpt lat="46.3287" lon="7.671185">
      </trkpt>
      <trkpt lat="46.328745" lon="7.671225">
      </trkpt>
      <trkpt lat="46.328772" lon="7.671251">
      </trkpt>
      <trkpt lat="46.328853" lon="7.671342">
      </trkpt>
      <trkpt lat="46.328889" lon="7.671368">
      </trkpt>
      <trkpt lat="46.328951" lon="7.67142">
      </trkpt>
      <trkpt lat="46.32896" lon="7.671433">
      </trkpt>
      <trkpt lat="46.328969" lon="7.671472">
      </trkpt>
      <trkpt lat="46.328969" lon="7.671472">
      </trkpt>
      <trkpt lat="46.328897" lon="7.671433">
      </trkpt>
      <trkpt lat="46.328807" lon="7.671407">
      </trkpt>
      <trkpt lat="46.3287" lon="7.671367">
      </trkpt>
      <trkpt lat="46.3287" lon="7.671367">
      </trkpt>
      <trkpt lat="46.3287" lon="7.671406">
      </trkpt>
      <trkpt lat="46.328717" lon="7.671432">
      </trkpt>
      <trkpt lat="46.328762" lon="7.671484">
      </trkpt>
      <trkpt lat="46.328825" lon="7.671563">
      </trkpt>
      <trkpt lat="46.328879" lon="7.671602">
      </trkpt>
      <trkpt lat="46.328942" lon="7.671641">
      </trkpt>
      <trkpt lat="46.32905" lon="7.671719">
      </trkpt>
      <trkpt lat="46.329086" lon="7.671745">
      </trkpt>
      <trkpt lat="46.329122" lon="7.671785">
      </trkpt>
      <trkpt lat="46.329166" lon="7.671837">
      </trkpt>
      <trkpt lat="46.329202" lon="7.671889">
      </trkpt>
      <trkpt lat="46.329247" lon="7.671941">
      </trkpt>
      <trkpt lat="46.329301" lon="7.672006">
      </trkpt>
      <trkpt lat="46.329346" lon="7.672032">
      </trkpt>
      <trkpt lat="46.329427" lon="7.672111">
      </trkpt>
      <trkpt lat="46.329454" lon="7.672111">
      </trkpt>
      <trkpt lat="46.329481" lon="7.672124">
      </trkpt>
      <trkpt lat="46.329553" lon="7.672124">
      </trkpt>
      <trkpt lat="46.329607" lon="7.67215">
      </trkpt>
      <trkpt lat="46.329643" lon="7.672176">
      </trkpt>
      <trkpt lat="46.329696" lon="7.67219">
      </trkpt>
      <trkpt lat="46.329723" lon="7.672216">
      </trkpt>
      <trkpt lat="46.329741" lon="7.672255">
      </trkpt>
      <trkpt lat="46.32975" lon="7.672307">
      </trkpt>
      <trkpt lat="46.329759" lon="7.672359">
      </trkpt>
      <trkpt lat="46.32975" lon="7.672411">
      </trkpt>
      <trkpt lat="46.329732" lon="7.672462">
      </trkpt>
      <trkpt lat="46.329714" lon="7.672566">
      </trkpt>
      <trkpt lat="46.329687" lon="7.672657">
      </trkpt>
      <trkpt lat="46.329677" lon="7.672748">
      </trkpt>
      <trkpt lat="46.329677" lon="7.672839">
      </trkpt>
      <trkpt lat="46.329677" lon="7.672878">
      </trkpt>
      <trkpt lat="46.329695" lon="7.67293">
      </trkpt>
      <trkpt lat="46.329713" lon="7.672969">
      </trkpt>
      <trkpt lat="46.329749" lon="7.672995">
      </trkpt>
      <trkpt lat="46.329785" lon="7.673008">
      </trkpt>
      <trkpt lat="46.329883" lon="7.673035">
      </trkpt>
      <trkpt lat="46.329927" lon="7.673087">
      </trkpt>
      <trkpt lat="46.329963" lon="7.673139">
      </trkpt>
      <trkpt lat="46.329981" lon="7.673178">
      </trkpt>
      <trkpt lat="46.330008" lon="7.67323">
      </trkpt>
      <trkpt lat="46.330017" lon="7.673282">
      </trkpt>
      <trkpt lat="46.330035" lon="7.673321">
      </trkpt>
      <trkpt lat="46.330053" lon="7.673373">
      </trkpt>
      <trkpt lat="46.330053" lon="7.673373">
      </trkpt>
      <trkpt lat="46.330142" lon="7.673633">
      </trkpt>
      <trkpt lat="46.33016" lon="7.673711">
      </trkpt>
      <trkpt lat="46.330178" lon="7.673776">
      </trkpt>
      <trkpt lat="46.330205" lon="7.673958">
      </trkpt>
      <trkpt lat="46.330231" lon="7.674127">
      </trkpt>
      <trkpt lat="46.33024" lon="7.674231">
      </trkpt>
      <trkpt lat="46.330276" lon="7.674361">
      </trkpt>
      <trkpt lat="46.330302" lon="7.674465">
      </trkpt>
      <trkpt lat="46.330329" lon="7.674517">
      </trkpt>
      <trkpt lat="46.330383" lon="7.674608">
      </trkpt>
      <trkpt lat="46.330401" lon="7.67466">
      </trkpt>
      <trkpt lat="46.330419" lon="7.674699">
      </trkpt>
      <trkpt lat="46.330419" lon="7.674777">
      </trkpt>
      <trkpt lat="46.330437" lon="7.674868">
      </trkpt>
      <trkpt lat="46.330472" lon="7.67505">
      </trkpt>
      <trkpt lat="46.33049" lon="7.675102">
      </trkpt>
      <trkpt lat="46.330589" lon="7.675258">
      </trkpt>
      <trkpt lat="46.330634" lon="7.67531">
      </trkpt>
      <trkpt lat="46.330696" lon="7.675427">
      </trkpt>
      <trkpt lat="46.330759" lon="7.675519">
      </trkpt>
      <trkpt lat="46.330813" lon="7.675584">
      </trkpt>
      <trkpt lat="46.330858" lon="7.675649">
      </trkpt>
      <trkpt lat="46.330894" lon="7.675688">
      </trkpt>
      <trkpt lat="46.330921" lon="7.675727">
      </trkpt>
      <trkpt lat="46.330956" lon="7.67574">
      </trkpt>
      <trkpt lat="46.330992" lon="7.67574">
      </trkpt>
      <trkpt lat="46.331056" lon="7.675702">
      </trkpt>
      <trkpt lat="46.331128" lon="7.675663">
      </trkpt>
      <trkpt lat="46.331209" lon="7.67565">
      </trkpt>
      <trkpt lat="46.331272" lon="7.675664">
      </trkpt>
      <trkpt lat="46.331316" lon="7.67569">
      </trkpt>
      <trkpt lat="46.331352" lon="7.675742">
      </trkpt>
      <trkpt lat="46.33137" lon="7.675781">
      </trkpt>
      <trkpt lat="46.331406" lon="7.675833">
      </trkpt>
      <trkpt lat="46.331442" lon="7.675885">
      </trkpt>
      <trkpt lat="46.331478" lon="7.67595">
      </trkpt>
      <trkpt lat="46.331505" lon="7.676054">
      </trkpt>
      <trkpt lat="46.331612" lon="7.676289">
      </trkpt>
      <trkpt lat="46.331666" lon="7.67638">
      </trkpt>
      <trkpt lat="46.331693" lon="7.676393">
      </trkpt>
      <trkpt lat="46.331729" lon="7.676419">
      </trkpt>
      <trkpt lat="46.331792" lon="7.676406">
      </trkpt>
      <trkpt lat="46.331828" lon="7.676393">
      </trkpt>
      <trkpt lat="46.331873" lon="7.676407">
      </trkpt>
      <trkpt lat="46.331918" lon="7.676446">
      </trkpt>
      <trkpt lat="46.331971" lon="7.676576">
      </trkpt>
      <trkpt lat="46.331989" lon="7.67668">
      </trkpt>
      <trkpt lat="46.331998" lon="7.676784">
      </trkpt>
      <trkpt lat="46.331998" lon="7.676849">
      </trkpt>
      <trkpt lat="46.332007" lon="7.676914">
      </trkpt>
      <trkpt lat="46.332016" lon="7.676927">
      </trkpt>
      <trkpt lat="46.332033" lon="7.676979">
      </trkpt>
      <trkpt lat="46.332042" lon="7.677018">
      </trkpt>
      <trkpt lat="46.332042" lon="7.677018">
      </trkpt>
      <trkpt lat="46.332132" lon="7.677161">
      </trkpt>
      <trkpt lat="46.332186" lon="7.677239">
      </trkpt>
      <trkpt lat="46.332222" lon="7.677265">
      </trkpt>
      <trkpt lat="46.332267" lon="7.677291">
      </trkpt>
      <trkpt lat="46.332338" lon="7.677331">
      </trkpt>
      <trkpt lat="46.332392" lon="7.677331">
      </trkpt>
      <trkpt lat="46.332446" lon="7.677344">
      </trkpt>
      <trkpt lat="46.3325" lon="7.67737">
      </trkpt>
      <trkpt lat="46.332635" lon="7.677423">
      </trkpt>
      <trkpt lat="46.332698" lon="7.677475">
      </trkpt>
      <trkpt lat="46.332788" lon="7.677527">
      </trkpt>
      <trkpt lat="46.332878" lon="7.677554">
      </trkpt>
      <trkpt lat="46.332968" lon="7.677593">
      </trkpt>
      <trkpt lat="46.33304" lon="7.677632">
      </trkpt>
      <trkpt lat="46.33312" lon="7.677698">
      </trkpt>
      <trkpt lat="46.33321" lon="7.677789">
      </trkpt>
      <trkpt lat="46.333273" lon="7.677867">
      </trkpt>
      <trkpt lat="46.333327" lon="7.677932">
      </trkpt>
      <trkpt lat="46.333372" lon="7.677971">
      </trkpt>
      <trkpt lat="46.333408" lon="7.677998">
      </trkpt>
      <trkpt lat="46.333444" lon="7.678011">
      </trkpt>
      <trkpt lat="46.333497" lon="7.678024">
      </trkpt>
      <trkpt lat="46.33356" lon="7.678037">
      </trkpt>
      <trkpt lat="46.333641" lon="7.678064">
      </trkpt>
      <trkpt lat="46.333731" lon="7.678142">
      </trkpt>
      <trkpt lat="46.333758" lon="7.678155">
      </trkpt>
      <trkpt lat="46.333785" lon="7.678207">
      </trkpt>
      <trkpt lat="46.333839" lon="7.678285">
      </trkpt>
      <trkpt lat="46.333884" lon="7.678324">
      </trkpt>
      <trkpt lat="46.333938" lon="7.678325">
      </trkpt>
      <trkpt lat="46.33401" lon="7.678299">
      </trkpt>
      <trkpt lat="46.334109" lon="7.678299">
      </trkpt>
      <trkpt lat="46.334154" lon="7.6783">
      </trkpt>
      <trkpt lat="46.334154" lon="7.6783">
      </trkpt>
      <trkpt lat="46.334208" lon="7.6783">
      </trkpt>
      <trkpt lat="46.33428" lon="7.678274">
      </trkpt>
      <trkpt lat="46.334316" lon="7.678235">
      </trkpt>
      <trkpt lat="46.334352" lon="7.67821">
      </trkpt>
      <trkpt lat="46.334415" lon="7.678171">
      </trkpt>
      <trkpt lat="46.334505" lon="7.678145">
      </trkpt>
      <trkpt lat="46.334586" lon="7.678133">
      </trkpt>
      <trkpt lat="46.334694" lon="7.678107">
      </trkpt>
      <trkpt lat="46.334757" lon="7.678107">
      </trkpt>
      <trkpt lat="46.334802" lon="7.678134">
      </trkpt>
      <trkpt lat="46.334819" lon="7.678212">
      </trkpt>
      <trkpt lat="46.334819" lon="7.678316">
      </trkpt>
      <trkpt lat="46.334801" lon="7.678419">
      </trkpt>
      <trkpt lat="46.334792" lon="7.67851">
      </trkpt>
      <trkpt lat="46.33481" lon="7.678601">
      </trkpt>
      <trkpt lat="46.334836" lon="7.678679">
      </trkpt>
      <trkpt lat="46.33489" lon="7.678757">
      </trkpt>
      <trkpt lat="46.33498" lon="7.678862">
      </trkpt>
      <trkpt lat="46.335034" lon="7.678901">
      </trkpt>
      <trkpt lat="46.335079" lon="7.678927">
      </trkpt>
      <trkpt lat="46.335097" lon="7.678966">
      </trkpt>
      <trkpt lat="46.335115" lon="7.679005">
      </trkpt>
      <trkpt lat="46.335124" lon="7.679031">
      </trkpt>
      <trkpt lat="46.335151" lon="7.679057">
      </trkpt>
      <trkpt lat="46.335204" lon="7.679083">
      </trkpt>
      <trkpt lat="46.335249" lon="7.679097">
      </trkpt>
      <trkpt lat="46.335303" lon="7.679084">
      </trkpt>
      <trkpt lat="46.335366" lon="7.679071">
      </trkpt>
      <trkpt lat="46.335429" lon="7.679071">
      </trkpt>
      <trkpt lat="46.335492" lon="7.679072">
      </trkpt>
      <trkpt lat="46.335555" lon="7.679098">
      </trkpt>
      <trkpt lat="46.335582" lon="7.679098">
      </trkpt>
      <trkpt lat="46.335609" lon="7.679085">
      </trkpt>
      <trkpt lat="46.335645" lon="7.679098">
      </trkpt>
      <trkpt lat="46.335717" lon="7.679177">
      </trkpt>
      <trkpt lat="46.335753" lon="7.679242">
      </trkpt>
      <trkpt lat="46.335789" lon="7.67932">
      </trkpt>
      <trkpt lat="46.335815" lon="7.679398">
      </trkpt>
      <trkpt lat="46.335842" lon="7.679502">
      </trkpt>
      <trkpt lat="46.335869" lon="7.679541">
      </trkpt>
      <trkpt lat="46.335905" lon="7.679606">
      </trkpt>
      <trkpt lat="46.335977" lon="7.679697">
      </trkpt>
      <trkpt lat="46.336031" lon="7.679762">
      </trkpt>
      <trkpt lat="46.336031" lon="7.679762">
      </trkpt>
      <trkpt lat="46.336048" lon="7.679814">
      </trkpt>
      <trkpt lat="46.336093" lon="7.679867">
      </trkpt>
      <trkpt lat="46.336156" lon="7.679906">
      </trkpt>
      <trkpt lat="46.336201" lon="7.679919">
      </trkpt>
      <trkpt lat="46.336291" lon="7.679906">
      </trkpt>
      <trkpt lat="46.336372" lon="7.679894">
      </trkpt>
      <trkpt lat="46.336435" lon="7.679881">
      </trkpt>
      <trkpt lat="46.336471" lon="7.679855">
      </trkpt>
      <trkpt lat="46.336489" lon="7.679829">
      </trkpt>
      <trkpt lat="46.336507" lon="7.679791">
      </trkpt>
      <trkpt lat="46.336507" lon="7.679829">
      </trkpt>
      <trkpt lat="46.336525" lon="7.67983">
      </trkpt>
      <trkpt lat="46.336534" lon="7.679817">
      </trkpt>
      <trkpt lat="46.336534" lon="7.679765">
      </trkpt>
      <trkpt lat="46.336526" lon="7.679674">
      </trkpt>
      <trkpt lat="46.336535" lon="7.679648">
      </trkpt>
      <trkpt lat="46.336553" lon="7.679622">
      </trkpt>
      <trkpt lat="46.336589" lon="7.679609">
      </trkpt>
      <trkpt lat="46.336616" lon="7.679609">
      </trkpt>
      <trkpt lat="46.336625" lon="7.679622">
      </trkpt>
      <trkpt lat="46.336643" lon="7.679648">
      </trkpt>
      <trkpt lat="46.336643" lon="7.679661">
      </trkpt>
      <trkpt lat="46.336616" lon="7.679661">
      </trkpt>
      <trkpt lat="46.336598" lon="7.679648">
      </trkpt>
      <trkpt lat="46.336588" lon="7.679687">
      </trkpt>
      <trkpt lat="46.336597" lon="7.679713">
      </trkpt>
      <trkpt lat="46.336606" lon="7.679726">
      </trkpt>
      <trkpt lat="46.336633" lon="7.679739">
      </trkpt>
      <trkpt lat="46.336669" lon="7.679817">
      </trkpt>
      <trkpt lat="46.336687" lon="7.679856">
      </trkpt>
      <trkpt lat="46.336678" lon="7.679856">
      </trkpt>
      <trkpt lat="46.336651" lon="7.679856">
      </trkpt>
      <trkpt lat="46.336651" lon="7.679882">
      </trkpt>
      <trkpt lat="46.336678" lon="7.679895">
      </trkpt>
      <trkpt lat="46.336723" lon="7.679973">
      </trkpt>
      <trkpt lat="46.336848" lon="7.680169">
      </trkpt>
      <trkpt lat="46.336857" lon="7.680195">
      </trkpt>
      <trkpt lat="46.336875" lon="7.680221">
      </trkpt>
      <trkpt lat="46.336893" lon="7.680286">
      </trkpt>
      <trkpt lat="46.336893" lon="7.680325">
      </trkpt>
      <trkpt lat="46.336893" lon="7.680442">
      </trkpt>
      <trkpt lat="46.33692" lon="7.680494">
      </trkpt>
      <trkpt lat="46.336946" lon="7.680572">
      </trkpt>
      <trkpt lat="46.336982" lon="7.68065">
      </trkpt>
      <trkpt lat="46.337018" lon="7.680832">
      </trkpt>
      <trkpt lat="46.337054" lon="7.680923">
      </trkpt>
      <trkpt lat="46.337089" lon="7.681001">
      </trkpt>
      <trkpt lat="46.337143" lon="7.681105">
      </trkpt>
      <trkpt lat="46.337188" lon="7.681196">
      </trkpt>
      <trkpt lat="46.337251" lon="7.6813">
      </trkpt>
      <trkpt lat="46.337296" lon="7.681379">
      </trkpt>
      <trkpt lat="46.337313" lon="7.681418">
      </trkpt>
      <trkpt lat="46.337412" lon="7.681496">
      </trkpt>
      <trkpt lat="46.337439" lon="7.681509">
      </trkpt>
      <trkpt lat="46.337457" lon="7.681522">
      </trkpt>
      <trkpt lat="46.337493" lon="7.681548">
      </trkpt>
      <trkpt lat="46.33752" lon="7.681574">
      </trkpt>
      <trkpt lat="46.337538" lon="7.681626">
      </trkpt>
      <trkpt lat="46.337574" lon="7.681665">
      </trkpt>
      <trkpt lat="46.337619" lon="7.681744">
      </trkpt>
      <trkpt lat="46.337654" lon="7.681796">
      </trkpt>
      <trkpt lat="46.337717" lon="7.6819">
      </trkpt>
      <trkpt lat="46.337735" lon="7.681939">
      </trkpt>
      <trkpt lat="46.33778" lon="7.681991">
      </trkpt>
      <trkpt lat="46.337825" lon="7.682069">
      </trkpt>
      <trkpt lat="46.337906" lon="7.68216">
      </trkpt>
      <trkpt lat="46.33795" lon="7.682239">
      </trkpt>
      <trkpt lat="46.337986" lon="7.682291">
      </trkpt>
      <trkpt lat="46.338013" lon="7.68233">
      </trkpt>
      <trkpt lat="46.338067" lon="7.682395">
      </trkpt>
      <trkpt lat="46.338094" lon="7.682486">
      </trkpt>
      <trkpt lat="46.338121" lon="7.682603">
      </trkpt>
      <trkpt lat="46.33812" lon="7.682668">
      </trkpt>
      <trkpt lat="46.338111" lon="7.68272">
      </trkpt>
      <trkpt lat="46.338111" lon="7.68272">
      </trkpt>
      <trkpt lat="46.338066" lon="7.682785">
      </trkpt>
      <trkpt lat="46.338066" lon="7.682785">
      </trkpt>
      <trkpt lat="46.338021" lon="7.682784">
      </trkpt>
      <trkpt lat="46.338012" lon="7.682849">
      </trkpt>
      <trkpt lat="46.338012" lon="7.682901">
      </trkpt>
      <trkpt lat="46.338003" lon="7.682927">
      </trkpt>
      <trkpt lat="46.337967" lon="7.682992">
      </trkpt>
      <trkpt lat="46.33794" lon="7.683031">
      </trkpt>
      <trkpt lat="46.337886" lon="7.683109">
      </trkpt>
      <trkpt lat="46.337849" lon="7.683199">
      </trkpt>
      <trkpt lat="46.337795" lon="7.683238">
      </trkpt>
      <trkpt lat="46.337696" lon="7.68329">
      </trkpt>
      <trkpt lat="46.337651" lon="7.683276">
      </trkpt>
      <trkpt lat="46.337606" lon="7.68325">
      </trkpt>
      <trkpt lat="46.33757" lon="7.68325">
      </trkpt>
      <trkpt lat="46.337507" lon="7.683263">
      </trkpt>
      <trkpt lat="46.337471" lon="7.683288">
      </trkpt>
      <trkpt lat="46.337318" lon="7.683457">
      </trkpt>
      <trkpt lat="46.337246" lon="7.683521">
      </trkpt>
      <trkpt lat="46.337156" lon="7.683638">
      </trkpt>
      <trkpt lat="46.337093" lon="7.683689">
      </trkpt>
      <trkpt lat="46.337075" lon="7.683676">
      </trkpt>
      <trkpt lat="46.337075" lon="7.683676">
      </trkpt>
      <trkpt lat="46.337048" lon="7.683663">
      </trkpt>
      <trkpt lat="46.337021" lon="7.683663">
      </trkpt>
      <trkpt lat="46.336805" lon="7.683688">
      </trkpt>
      <trkpt lat="46.336787" lon="7.683688">
      </trkpt>
      <trkpt lat="46.33676" lon="7.683688">
      </trkpt>
      <trkpt lat="46.336724" lon="7.683714">
      </trkpt>
      <trkpt lat="46.336706" lon="7.683727">
      </trkpt>
      <trkpt lat="46.33667" lon="7.683765">
      </trkpt>
      <trkpt lat="46.33658" lon="7.683778">
      </trkpt>
      <trkpt lat="46.336553" lon="7.683817">
      </trkpt>
      <trkpt lat="46.336517" lon="7.683856">
      </trkpt>
      <trkpt lat="46.336481" lon="7.683881">
      </trkpt>
      <trkpt lat="46.336444" lon="7.68392">
      </trkpt>
      <trkpt lat="46.336408" lon="7.683946">
      </trkpt>
      <trkpt lat="46.336381" lon="7.683985">
      </trkpt>
      <trkpt lat="46.336363" lon="7.684011">
      </trkpt>
      <trkpt lat="46.336354" lon="7.68405">
      </trkpt>
      <trkpt lat="46.336345" lon="7.684102">
      </trkpt>
      <trkpt lat="46.336327" lon="7.684115">
      </trkpt>
      <trkpt lat="46.3363" lon="7.684127">
      </trkpt>
      <trkpt lat="46.336183" lon="7.684179">
      </trkpt>
      <trkpt lat="46.336147" lon="7.684179">
      </trkpt>
      <trkpt lat="46.33612" lon="7.684179">
      </trkpt>
      <trkpt lat="46.336075" lon="7.684152">
      </trkpt>
      <trkpt lat="46.33603" lon="7.684113">
      </trkpt>
      <trkpt lat="46.335994" lon="7.684087">
      </trkpt>
      <trkpt lat="46.335967" lon="7.684061">
      </trkpt>
      <trkpt lat="46.335887" lon="7.683983">
      </trkpt>
      <trkpt lat="46.335842" lon="7.683982">
      </trkpt>
      <trkpt lat="46.335797" lon="7.683969">
      </trkpt>
      <trkpt lat="46.335752" lon="7.683956">
      </trkpt>
      <trkpt lat="46.335707" lon="7.683943">
      </trkpt>
      <trkpt lat="46.335671" lon="7.683917">
      </trkpt>
      <trkpt lat="46.335626" lon="7.683891">
      </trkpt>
      <trkpt lat="46.335581" lon="7.683877">
      </trkpt>
      <trkpt lat="46.335536" lon="7.683864">
      </trkpt>
      <trkpt lat="46.335509" lon="7.683851">
      </trkpt>
      <trkpt lat="46.335491" lon="7.683864">
      </trkpt>
      <trkpt lat="46.335473" lon="7.683877">
      </trkpt>
      <trkpt lat="46.335464" lon="7.683916">
      </trkpt>
      <trkpt lat="46.335464" lon="7.683955">
      </trkpt>
      <trkpt lat="46.335473" lon="7.684033">
      </trkpt>
      <trkpt lat="46.335482" lon="7.684111">
      </trkpt>
      <trkpt lat="46.335481" lon="7.684176">
      </trkpt>
      <trkpt lat="46.335499" lon="7.684241">
      </trkpt>
      <trkpt lat="46.335535" lon="7.684345">
      </trkpt>
      <trkpt lat="46.335544" lon="7.684371">
      </trkpt>
      <trkpt lat="46.335544" lon="7.684449">
      </trkpt>
      <trkpt lat="46.335544" lon="7.684553">
      </trkpt>
      <trkpt lat="46.335543" lon="7.684592">
      </trkpt>
      <trkpt lat="46.335516" lon="7.684656">
      </trkpt>
      <trkpt lat="46.335507" lon="7.684708">
      </trkpt>
      <trkpt lat="46.335507" lon="7.68476">
      </trkpt>
      <trkpt lat="46.335525" lon="7.684812">
      </trkpt>
      <trkpt lat="46.33557" lon="7.684903">
      </trkpt>
      <trkpt lat="46.335588" lon="7.684968">
      </trkpt>
      <trkpt lat="46.335623" lon="7.685059">
      </trkpt>
      <trkpt lat="46.335659" lon="7.685164">
      </trkpt>
      <trkpt lat="46.335686" lon="7.685294">
      </trkpt>
      <trkpt lat="46.335704" lon="7.685359">
      </trkpt>
      <trkpt lat="46.335712" lon="7.685501">
      </trkpt>
      <trkpt lat="46.335712" lon="7.685553">
      </trkpt>
      <trkpt lat="46.335694" lon="7.685605">
      </trkpt>
      <trkpt lat="46.335685" lon="7.685644">
      </trkpt>
      <trkpt lat="46.335676" lon="7.685696">
      </trkpt>
      <trkpt lat="46.335658" lon="7.685748">
      </trkpt>
      <trkpt lat="46.335657" lon="7.68593">
      </trkpt>
      <trkpt lat="46.335666" lon="7.686034">
      </trkpt>
      <trkpt lat="46.335684" lon="7.686112">
      </trkpt>
      <trkpt lat="46.335684" lon="7.686164">
      </trkpt>
      <trkpt lat="46.335684" lon="7.686332">
      </trkpt>
      <trkpt lat="46.33571" lon="7.686488">
      </trkpt>
      <trkpt lat="46.33571" lon="7.686553">
      </trkpt>
      <trkpt lat="46.335728" lon="7.686592">
      </trkpt>
      <trkpt lat="46.335737" lon="7.686657">
      </trkpt>
      <trkpt lat="46.335737" lon="7.686709">
      </trkpt>
      <trkpt lat="46.335728" lon="7.686761">
      </trkpt>
      <trkpt lat="46.335719" lon="7.686813">
      </trkpt>
      <trkpt lat="46.3357" lon="7.686878">
      </trkpt>
      <trkpt lat="46.335691" lon="7.686904">
      </trkpt>
      <trkpt lat="46.3357" lon="7.686956">
      </trkpt>
      <trkpt lat="46.335709" lon="7.686995">
      </trkpt>
      <trkpt lat="46.335709" lon="7.687047">
      </trkpt>
      <trkpt lat="46.3357" lon="7.687125">
      </trkpt>
      <trkpt lat="46.335709" lon="7.68719">
      </trkpt>
      <trkpt lat="46.335709" lon="7.687255">
      </trkpt>
      <trkpt lat="46.335717" lon="7.687307">
      </trkpt>
      <trkpt lat="46.335771" lon="7.687372">
      </trkpt>
      <trkpt lat="46.335771" lon="7.687424">
      </trkpt>
      <trkpt lat="46.33578" lon="7.687463">
      </trkpt>
      <trkpt lat="46.335807" lon="7.687528">
      </trkpt>
      <trkpt lat="46.335834" lon="7.68758">
      </trkpt>
      <trkpt lat="46.33587" lon="7.687645">
      </trkpt>
      <trkpt lat="46.335905" lon="7.687749">
      </trkpt>
      <trkpt lat="46.335905" lon="7.687827">
      </trkpt>
      <trkpt lat="46.335914" lon="7.687905">
      </trkpt>
      <trkpt lat="46.335932" lon="7.688074">
      </trkpt>
      <trkpt lat="46.335941" lon="7.688126">
      </trkpt>
      <trkpt lat="46.33594" lon="7.688191">
      </trkpt>
      <trkpt lat="46.33594" lon="7.688204">
      </trkpt>
      <trkpt lat="46.335931" lon="7.688204">
      </trkpt>
      <trkpt lat="46.335896" lon="7.688139">
      </trkpt>
      <trkpt lat="46.335878" lon="7.688113">
      </trkpt>
      <trkpt lat="46.335851" lon="7.688048">
      </trkpt>
      <trkpt lat="46.335842" lon="7.688048">
      </trkpt>
      <trkpt lat="46.335833" lon="7.688073">
      </trkpt>
      <trkpt lat="46.335913" lon="7.688269">
      </trkpt>
      <trkpt lat="46.335931" lon="7.688308">
      </trkpt>
      <trkpt lat="46.335931" lon="7.688308">
      </trkpt>
      <trkpt lat="46.335904" lon="7.688385">
      </trkpt>
      <trkpt lat="46.335904" lon="7.688385">
      </trkpt>
      <trkpt lat="46.335895" lon="7.688398">
      </trkpt>
      <trkpt lat="46.335859" lon="7.688411">
      </trkpt>
      <trkpt lat="46.335832" lon="7.688411">
      </trkpt>
      <trkpt lat="46.335796" lon="7.688385">
      </trkpt>
      <trkpt lat="46.33576" lon="7.688346">
      </trkpt>
      <trkpt lat="46.335715" lon="7.68832">
      </trkpt>
      <trkpt lat="46.33567" lon="7.688268">
      </trkpt>
      <trkpt lat="46.335599" lon="7.68815">
      </trkpt>
      <trkpt lat="46.335572" lon="7.688137">
      </trkpt>
      <trkpt lat="46.335545" lon="7.688124">
      </trkpt>
      <trkpt lat="46.335518" lon="7.688137">
      </trkpt>
      <trkpt lat="46.335482" lon="7.68815">
      </trkpt>
      <trkpt lat="46.335446" lon="7.688163">
      </trkpt>
      <trkpt lat="46.335401" lon="7.688188">
      </trkpt>
      <trkpt lat="46.335374" lon="7.688201">
      </trkpt>
      <trkpt lat="46.335347" lon="7.688227">
      </trkpt>
      <trkpt lat="46.335338" lon="7.688279">
      </trkpt>
      <trkpt lat="46.335328" lon="7.688331">
      </trkpt>
      <trkpt lat="46.33531" lon="7.688383">
      </trkpt>
      <trkpt lat="46.335265" lon="7.68846">
      </trkpt>
      <trkpt lat="46.335229" lon="7.688551">
      </trkpt>
      <trkpt lat="46.335211" lon="7.688603">
      </trkpt>
      <trkpt lat="46.335211" lon="7.688603">
      </trkpt>
      <trkpt lat="46.335093" lon="7.688797">
      </trkpt>
      <trkpt lat="46.33503" lon="7.68894">
      </trkpt>
      <trkpt lat="46.335003" lon="7.689018">
      </trkpt>
      <trkpt lat="46.334994" lon="7.689096">
      </trkpt>
      <trkpt lat="46.335003" lon="7.689161">
      </trkpt>
      <trkpt lat="46.335002" lon="7.689303">
      </trkpt>
      <trkpt lat="46.335011" lon="7.689368">
      </trkpt>
      <trkpt lat="46.335047" lon="7.689498">
      </trkpt>
      <trkpt lat="46.335056" lon="7.68955">
      </trkpt>
      <trkpt lat="46.335056" lon="7.689628">
      </trkpt>
      <trkpt lat="46.335047" lon="7.689693">
      </trkpt>
      <trkpt lat="46.335046" lon="7.689849">
      </trkpt>
      <trkpt lat="46.335055" lon="7.68994">
      </trkpt>
      <trkpt lat="46.335055" lon="7.690005">
      </trkpt>
      <trkpt lat="46.335055" lon="7.690096">
      </trkpt>
      <trkpt lat="46.335055" lon="7.690096">
      </trkpt>
      <trkpt lat="46.335046" lon="7.690148">
      </trkpt>
      <trkpt lat="46.335027" lon="7.690187">
      </trkpt>
      <trkpt lat="46.335" lon="7.690226">
      </trkpt>
      <trkpt lat="46.334973" lon="7.690264">
      </trkpt>
      <trkpt lat="46.334919" lon="7.690277">
      </trkpt>
      <trkpt lat="46.334883" lon="7.690277">
      </trkpt>
      <trkpt lat="46.334838" lon="7.690251">
      </trkpt>
      <trkpt lat="46.334758" lon="7.690198">
      </trkpt>
      <trkpt lat="46.33465" lon="7.690094">
      </trkpt>
      <trkpt lat="46.334578" lon="7.690029">
      </trkpt>
      <trkpt lat="46.334515" lon="7.68999">
      </trkpt>
      <trkpt lat="46.334461" lon="7.689976">
      </trkpt>
      <trkpt lat="46.334416" lon="7.689963">
      </trkpt>
      <trkpt lat="46.334353" lon="7.689963">
      </trkpt>
      <trkpt lat="46.334281" lon="7.689988">
      </trkpt>
      <trkpt lat="46.334209" lon="7.690027">
      </trkpt>
      <trkpt lat="46.334119" lon="7.690118">
      </trkpt>
      <trkpt lat="46.334065" lon="7.690208">
      </trkpt>
      <trkpt lat="46.334011" lon="7.69026">
      </trkpt>
      <trkpt lat="46.333975" lon="7.690273">
      </trkpt>
      <trkpt lat="46.33393" lon="7.690299">
      </trkpt>
      <trkpt lat="46.333894" lon="7.690324">
      </trkpt>
      <trkpt lat="46.333849" lon="7.690376">
      </trkpt>
      <trkpt lat="46.333821" lon="7.690454">
      </trkpt>
      <trkpt lat="46.333758" lon="7.690609">
      </trkpt>
      <trkpt lat="46.333758" lon="7.690609">
      </trkpt>
      <trkpt lat="46.33365" lon="7.690778">
      </trkpt>
      <trkpt lat="46.333587" lon="7.690868">
      </trkpt>
      <trkpt lat="46.333532" lon="7.690985">
      </trkpt>
      <trkpt lat="46.333505" lon="7.691102">
      </trkpt>
      <trkpt lat="46.333469" lon="7.691179">
      </trkpt>
      <trkpt lat="46.333451" lon="7.691257">
      </trkpt>
      <trkpt lat="46.333415" lon="7.691309">
      </trkpt>
      <trkpt lat="46.333388" lon="7.691348">
      </trkpt>
      <trkpt lat="46.333334" lon="7.691361">
      </trkpt>
      <trkpt lat="46.33328" lon="7.691373">
      </trkpt>
      <trkpt lat="46.333226" lon="7.691347">
      </trkpt>
      <trkpt lat="46.333163" lon="7.691334">
      </trkpt>
      <trkpt lat="46.333109" lon="7.691334">
      </trkpt>
      <trkpt lat="46.333046" lon="7.691359">
      </trkpt>
      <trkpt lat="46.332974" lon="7.691411">
      </trkpt>
      <trkpt lat="46.332902" lon="7.691502">
      </trkpt>
      <trkpt lat="46.332865" lon="7.69154">
      </trkpt>
      <trkpt lat="46.33282" lon="7.691553">
      </trkpt>
      <trkpt lat="46.332767" lon="7.691553">
      </trkpt>
      <trkpt lat="46.332713" lon="7.691514">
      </trkpt>
      <trkpt lat="46.332578" lon="7.691435">
      </trkpt>
      <trkpt lat="46.33247" lon="7.691357">
      </trkpt>
      <trkpt lat="46.332317" lon="7.691278">
      </trkpt>
      <trkpt lat="46.332192" lon="7.691212">
      </trkpt>
      <trkpt lat="46.332147" lon="7.691198">
      </trkpt>
      <trkpt lat="46.332093" lon="7.691211">
      </trkpt>
      <trkpt lat="46.332039" lon="7.691224">
      </trkpt>
      <trkpt lat="46.331994" lon="7.691263">
      </trkpt>
      <trkpt lat="46.331957" lon="7.691288">
      </trkpt>
      <trkpt lat="46.33193" lon="7.691301">
      </trkpt>
      <trkpt lat="46.331912" lon="7.691314">
      </trkpt>
      <trkpt lat="46.331868" lon="7.691288">
      </trkpt>
      <trkpt lat="46.331796" lon="7.691236">
      </trkpt>
      <trkpt lat="46.331544" lon="7.69104">
      </trkpt>
      <trkpt lat="46.331544" lon="7.69104">
      </trkpt>
      <trkpt lat="46.331436" lon="7.690948">
      </trkpt>
      <trkpt lat="46.331158" lon="7.690739">
      </trkpt>
      <trkpt lat="46.331113" lon="7.690687">
      </trkpt>
      <trkpt lat="46.331068" lon="7.690635">
      </trkpt>
      <trkpt lat="46.331032" lon="7.690609">
      </trkpt>
      <trkpt lat="46.330987" lon="7.690596">
      </trkpt>
      <trkpt lat="46.330934" lon="7.690595">
      </trkpt>
      <trkpt lat="46.330862" lon="7.690582">
      </trkpt>
      <trkpt lat="46.330862" lon="7.690582">
      </trkpt>
      <trkpt lat="46.33079" lon="7.690556">
      </trkpt>
      <trkpt lat="46.3307" lon="7.69049">
      </trkpt>
      <trkpt lat="46.330664" lon="7.69049">
      </trkpt>
      <trkpt lat="46.33061" lon="7.69049">
      </trkpt>
      <trkpt lat="46.330538" lon="7.690503">
      </trkpt>
      <trkpt lat="46.330457" lon="7.690489">
      </trkpt>
      <trkpt lat="46.330367" lon="7.690476">
      </trkpt>
      <trkpt lat="46.330088" lon="7.69041">
      </trkpt>
      <trkpt lat="46.329828" lon="7.690344">
      </trkpt>
      <trkpt lat="46.329684" lon="7.690317">
      </trkpt>
      <trkpt lat="46.329648" lon="7.690304">
      </trkpt>
      <trkpt lat="46.329414" lon="7.690342">
      </trkpt>
      <trkpt lat="46.329342" lon="7.690367">
      </trkpt>
      <trkpt lat="46.329279" lon="7.690393">
      </trkpt>
      <trkpt lat="46.329189" lon="7.690444">
      </trkpt>
      <trkpt lat="46.329144" lon="7.690496">
      </trkpt>
      <trkpt lat="46.329107" lon="7.690548">
      </trkpt>
      <trkpt lat="46.329062" lon="7.690626">
      </trkpt>
      <trkpt lat="46.328999" lon="7.690755">
      </trkpt>
      <trkpt lat="46.328954" lon="7.690833">
      </trkpt>
      <trkpt lat="46.328927" lon="7.690898">
      </trkpt>
      <trkpt lat="46.328827" lon="7.691066">
      </trkpt>
      <trkpt lat="46.328827" lon="7.691066">
      </trkpt>
      <trkpt lat="46.32881" lon="7.69104">
      </trkpt>
      <trkpt lat="46.328792" lon="7.69104">
      </trkpt>
      <trkpt lat="46.328657" lon="7.691052">
      </trkpt>
      <trkpt lat="46.328585" lon="7.691052">
      </trkpt>
      <trkpt lat="46.328522" lon="7.691039">
      </trkpt>
      <trkpt lat="46.328459" lon="7.691012">
      </trkpt>
      <trkpt lat="46.328378" lon="7.690973">
      </trkpt>
      <trkpt lat="46.328261" lon="7.690869">
      </trkpt>
      <trkpt lat="46.328126" lon="7.690764">
      </trkpt>
      <trkpt lat="46.328064" lon="7.690712">
      </trkpt>
      <trkpt lat="46.328028" lon="7.690686">
      </trkpt>
      <trkpt lat="46.328001" lon="7.690673">
      </trkpt>
      <trkpt lat="46.327965" lon="7.690673">
      </trkpt>
      <trkpt lat="46.327956" lon="7.690685">
      </trkpt>
      <trkpt lat="46.327929" lon="7.690698">
      </trkpt>
      <trkpt lat="46.327929" lon="7.690698">
      </trkpt>
      <trkpt lat="46.32792" lon="7.690724">
      </trkpt>
      <trkpt lat="46.327902" lon="7.69075">
      </trkpt>
      <trkpt lat="46.327883" lon="7.690828">
      </trkpt>
      <trkpt lat="46.327865" lon="7.690971">
      </trkpt>
      <trkpt lat="46.327828" lon="7.691282">
      </trkpt>
      <trkpt lat="46.327765" lon="7.691581">
      </trkpt>
      <trkpt lat="46.327737" lon="7.691762">
      </trkpt>
      <trkpt lat="46.32771" lon="7.691918">
      </trkpt>
      <trkpt lat="46.327647" lon="7.692151">
      </trkpt>
      <trkpt lat="46.327647" lon="7.692151">
      </trkpt>
      <trkpt lat="46.327691" lon="7.692294">
      </trkpt>
      <trkpt lat="46.327718" lon="7.692359">
      </trkpt>
      <trkpt lat="46.327772" lon="7.692503">
      </trkpt>
      <trkpt lat="46.327817" lon="7.692581">
      </trkpt>
      <trkpt lat="46.327852" lon="7.692672">
      </trkpt>
      <trkpt lat="46.327861" lon="7.692737">
      </trkpt>
      <trkpt lat="46.327879" lon="7.692802">
      </trkpt>
      <trkpt lat="46.327879" lon="7.692906">
      </trkpt>
      <trkpt lat="46.32787" lon="7.693048">
      </trkpt>
      <trkpt lat="46.327815" lon="7.693399">
      </trkpt>
      <trkpt lat="46.327787" lon="7.693529">
      </trkpt>
      <trkpt lat="46.327769" lon="7.69358">
      </trkpt>
      <trkpt lat="46.32776" lon="7.693606">
      </trkpt>
      <trkpt lat="46.32776" lon="7.693684">
      </trkpt>
      <trkpt lat="46.327769" lon="7.693749">
      </trkpt>
      <trkpt lat="46.327769" lon="7.693749">
      </trkpt>
      <trkpt lat="46.327769" lon="7.693775">
      </trkpt>
      <trkpt lat="46.327742" lon="7.693814">
      </trkpt>
      <trkpt lat="46.327715" lon="7.693866">
      </trkpt>
      <trkpt lat="46.327715" lon="7.693866">
      </trkpt>
      <trkpt lat="46.327723" lon="7.694009">
      </trkpt>
      <trkpt lat="46.327723" lon="7.694061">
      </trkpt>
      <trkpt lat="46.327705" lon="7.694164">
      </trkpt>
      <trkpt lat="46.327687" lon="7.694216">
      </trkpt>
      <trkpt lat="46.327678" lon="7.694281">
      </trkpt>
      <trkpt lat="46.327669" lon="7.69432">
      </trkpt>
      <trkpt lat="46.327668" lon="7.694463">
      </trkpt>
      <trkpt lat="46.327677" lon="7.694528">
      </trkpt>
      <trkpt lat="46.327677" lon="7.694554">
      </trkpt>
      <trkpt lat="46.327668" lon="7.694593">
      </trkpt>
      <trkpt lat="46.327659" lon="7.694619">
      </trkpt>
      <trkpt lat="46.327641" lon="7.694632">
      </trkpt>
      <trkpt lat="46.327641" lon="7.694632">
      </trkpt>
      <trkpt lat="46.32756" lon="7.694631">
      </trkpt>
      <trkpt lat="46.327533" lon="7.694631">
      </trkpt>
      <trkpt lat="46.327515" lon="7.694644">
      </trkpt>
      <trkpt lat="46.327506" lon="7.694683">
      </trkpt>
      <trkpt lat="46.327506" lon="7.694735">
      </trkpt>
      <trkpt lat="46.327497" lon="7.694774">
      </trkpt>
      <trkpt lat="46.327479" lon="7.694813">
      </trkpt>
      <trkpt lat="46.327461" lon="7.69489">
      </trkpt>
      <trkpt lat="46.327452" lon="7.694903">
      </trkpt>
      <trkpt lat="46.327425" lon="7.694929">
      </trkpt>
      <trkpt lat="46.327415" lon="7.694981">
      </trkpt>
      <trkpt lat="46.327406" lon="7.695007">
      </trkpt>
      <trkpt lat="46.327415" lon="7.695046">
      </trkpt>
      <trkpt lat="46.327406" lon="7.695059">
      </trkpt>
      <trkpt lat="46.327388" lon="7.695124">
      </trkpt>
      <trkpt lat="46.327352" lon="7.695215">
      </trkpt>
      <trkpt lat="46.327316" lon="7.695292">
      </trkpt>
      <trkpt lat="46.327289" lon="7.695357">
      </trkpt>
      <trkpt lat="46.327271" lon="7.695396">
      </trkpt>
      <trkpt lat="46.327252" lon="7.695448">
      </trkpt>
      <trkpt lat="46.327234" lon="7.695513">
      </trkpt>
      <trkpt lat="46.327216" lon="7.695578">
      </trkpt>
      <trkpt lat="46.327207" lon="7.695655">
      </trkpt>
      <trkpt lat="46.327207" lon="7.69572">
      </trkpt>
      <trkpt lat="46.327207" lon="7.695785">
      </trkpt>
      <trkpt lat="46.327224" lon="7.695941">
      </trkpt>
      <trkpt lat="46.327233" lon="7.696032">
      </trkpt>
      <trkpt lat="46.327242" lon="7.696136">
      </trkpt>
      <trkpt lat="46.327251" lon="7.696201">
      </trkpt>
      <trkpt lat="46.32726" lon="7.696227">
      </trkpt>
      <trkpt lat="46.327277" lon="7.696305">
      </trkpt>
      <trkpt lat="46.327286" lon="7.696344">
      </trkpt>
      <trkpt lat="46.327322" lon="7.696396">
      </trkpt>
      <trkpt lat="46.32734" lon="7.696448">
      </trkpt>
      <trkpt lat="46.327358" lon="7.696552">
      </trkpt>
      <trkpt lat="46.327367" lon="7.696604">
      </trkpt>
      <trkpt lat="46.327385" lon="7.696643">
      </trkpt>
      <trkpt lat="46.32742" lon="7.696773">
      </trkpt>
      <trkpt lat="46.32742" lon="7.696825">
      </trkpt>
      <trkpt lat="46.32742" lon="7.696877">
      </trkpt>
      <trkpt lat="46.32742" lon="7.696929">
      </trkpt>
      <trkpt lat="46.32742" lon="7.696981">
      </trkpt>
      <trkpt lat="46.327411" lon="7.697059">
      </trkpt>
      <trkpt lat="46.327411" lon="7.697098">
      </trkpt>
      <trkpt lat="46.327401" lon="7.69715">
      </trkpt>
      <trkpt lat="46.327383" lon="7.69724">
      </trkpt>
      <trkpt lat="46.327374" lon="7.697344">
      </trkpt>
      <trkpt lat="46.327356" lon="7.697448">
      </trkpt>
      <trkpt lat="46.327347" lon="7.697565">
      </trkpt>
      <trkpt lat="46.327328" lon="7.697617">
      </trkpt>
      <trkpt lat="46.327319" lon="7.697656">
      </trkpt>
      <trkpt lat="46.32731" lon="7.697772">
      </trkpt>
      <trkpt lat="46.327301" lon="7.697863">
      </trkpt>
      <trkpt lat="46.32731" lon="7.698006">
      </trkpt>
      <trkpt lat="46.3273" lon="7.698097">
      </trkpt>
      <trkpt lat="46.327309" lon="7.698188">
      </trkpt>
      <trkpt lat="46.327309" lon="7.698292">
      </trkpt>
      <trkpt lat="46.327327" lon="7.698435">
      </trkpt>
      <trkpt lat="46.327335" lon="7.698487">
      </trkpt>
      <trkpt lat="46.327335" lon="7.698513">
      </trkpt>
      <trkpt lat="46.327317" lon="7.698591">
      </trkpt>
      <trkpt lat="46.327299" lon="7.698642">
      </trkpt>
      <trkpt lat="46.327281" lon="7.698694">
      </trkpt>
      <trkpt lat="46.327272" lon="7.698772">
      </trkpt>
      <trkpt lat="46.327263" lon="7.698837">
      </trkpt>
      <trkpt lat="46.327236" lon="7.698889">
      </trkpt>
      <trkpt lat="46.327226" lon="7.698928">
      </trkpt>
      <trkpt lat="46.327235" lon="7.699019">
      </trkpt>
      <trkpt lat="46.327244" lon="7.699123">
      </trkpt>
      <trkpt lat="46.327244" lon="7.699149">
      </trkpt>
      <trkpt lat="46.327235" lon="7.6992">
      </trkpt>
      <trkpt lat="46.327217" lon="7.699278">
      </trkpt>
      <trkpt lat="46.32719" lon="7.699343">
      </trkpt>
      <trkpt lat="46.327171" lon="7.699408">
      </trkpt>
      <trkpt lat="46.327162" lon="7.699486">
      </trkpt>
      <trkpt lat="46.327162" lon="7.699551">
      </trkpt>
      <trkpt lat="46.32718" lon="7.699642">
      </trkpt>
      <trkpt lat="46.32718" lon="7.699681">
      </trkpt>
      <trkpt lat="46.327162" lon="7.699759">
      </trkpt>
      <trkpt lat="46.327161" lon="7.699836">
      </trkpt>
      <trkpt lat="46.327152" lon="7.699888">
      </trkpt>
      <trkpt lat="46.327125" lon="7.699966">
      </trkpt>
      <trkpt lat="46.327089" lon="7.700057">
      </trkpt>
      <trkpt lat="46.32708" lon="7.700083">
      </trkpt>
      <trkpt lat="46.327035" lon="7.700147">
      </trkpt>
      <trkpt lat="46.32699" lon="7.700238">
      </trkpt>
      <trkpt lat="46.326953" lon="7.700329">
      </trkpt>
      <trkpt lat="46.326908" lon="7.700394">
      </trkpt>
      <trkpt lat="46.32689" lon="7.700458">
      </trkpt>
      <trkpt lat="46.326872" lon="7.700536">
      </trkpt>
      <trkpt lat="46.326872" lon="7.700588">
      </trkpt>
      <trkpt lat="46.326881" lon="7.700653">
      </trkpt>
      <trkpt lat="46.32689" lon="7.700705">
      </trkpt>
      <trkpt lat="46.326898" lon="7.700783">
      </trkpt>
      <trkpt lat="46.326889" lon="7.700874">
      </trkpt>
      <trkpt lat="46.32688" lon="7.700978">
      </trkpt>
      <trkpt lat="46.32688" lon="7.70103">
      </trkpt>
      <trkpt lat="46.326862" lon="7.701134">
      </trkpt>
      <trkpt lat="46.326834" lon="7.701211">
      </trkpt>
      <trkpt lat="46.32678" lon="7.701263">
      </trkpt>
      <trkpt lat="46.32678" lon="7.701289">
      </trkpt>
      <trkpt lat="46.326771" lon="7.701354">
      </trkpt>
      <trkpt lat="46.326753" lon="7.701393">
      </trkpt>
      <trkpt lat="46.326744" lon="7.701458">
      </trkpt>
      <trkpt lat="46.326726" lon="7.701509">
      </trkpt>
      <trkpt lat="46.326708" lon="7.701548">
      </trkpt>
      <trkpt lat="46.326699" lon="7.701587">
      </trkpt>
      <trkpt lat="46.32669" lon="7.701639">
      </trkpt>
      <trkpt lat="46.326662" lon="7.701717">
      </trkpt>
      <trkpt lat="46.326662" lon="7.701769">
      </trkpt>
      <trkpt lat="46.326662" lon="7.701873">
      </trkpt>
      <trkpt lat="46.326653" lon="7.701951">
      </trkpt>
      <trkpt lat="46.326635" lon="7.702041">
      </trkpt>
      <trkpt lat="46.326625" lon="7.702119">
      </trkpt>
      <trkpt lat="46.326625" lon="7.702184">
      </trkpt>
      <trkpt lat="46.326589" lon="7.702236">
      </trkpt>
      <trkpt lat="46.326571" lon="7.702288">
      </trkpt>
      <trkpt lat="46.326544" lon="7.702366">
      </trkpt>
      <trkpt lat="46.326526" lon="7.70243">
      </trkpt>
      <trkpt lat="46.326526" lon="7.702495">
      </trkpt>
      <trkpt lat="46.326507" lon="7.702547">
      </trkpt>
      <trkpt lat="46.326498" lon="7.702573">
      </trkpt>
      <trkpt lat="46.326498" lon="7.702638">
      </trkpt>
      <trkpt lat="46.326489" lon="7.702664">
      </trkpt>
      <trkpt lat="46.326489" lon="7.702703">
      </trkpt>
      <trkpt lat="46.326489" lon="7.702703">
      </trkpt>
      <trkpt lat="46.326489" lon="7.702742">
      </trkpt>
      <trkpt lat="46.326498" lon="7.702807">
      </trkpt>
      <trkpt lat="46.326498" lon="7.702859">
      </trkpt>
      <trkpt lat="46.326498" lon="7.702937">
      </trkpt>
      <trkpt lat="46.326489" lon="7.702976">
      </trkpt>
      <trkpt lat="46.326488" lon="7.703196">
      </trkpt>
      <trkpt lat="46.326479" lon="7.7033">
      </trkpt>
      <trkpt lat="46.326479" lon="7.703339">
      </trkpt>
      <trkpt lat="46.32647" lon="7.703378">
      </trkpt>
      <trkpt lat="46.326487" lon="7.703456">
      </trkpt>
      <trkpt lat="46.326487" lon="7.703534">
      </trkpt>
      <trkpt lat="46.326487" lon="7.703573">
      </trkpt>
      <trkpt lat="46.326487" lon="7.703677">
      </trkpt>
      <trkpt lat="46.326487" lon="7.703703">
      </trkpt>
      <trkpt lat="46.326514" lon="7.703768">
      </trkpt>
      <trkpt lat="46.326532" lon="7.70382">
      </trkpt>
      <trkpt lat="46.326558" lon="7.703911">
      </trkpt>
      <trkpt lat="46.326576" lon="7.703937">
      </trkpt>
      <trkpt lat="46.326603" lon="7.703976">
      </trkpt>
      <trkpt lat="46.32663" lon="7.704041">
      </trkpt>
      <trkpt lat="46.326657" lon="7.704119">
      </trkpt>
      <trkpt lat="46.326666" lon="7.704197">
      </trkpt>
      <trkpt lat="46.326665" lon="7.704301">
      </trkpt>
      <trkpt lat="46.326665" lon="7.704418">
      </trkpt>
      <trkpt lat="46.326647" lon="7.704496">
      </trkpt>
      <trkpt lat="46.326647" lon="7.704535">
      </trkpt>
      <trkpt lat="46.326656" lon="7.704587">
      </trkpt>
      <trkpt lat="46.326682" lon="7.704652">
      </trkpt>
      <trkpt lat="46.326709" lon="7.70473">
      </trkpt>
      <trkpt lat="46.32679" lon="7.704951">
      </trkpt>
      <trkpt lat="46.326799" lon="7.70499">
      </trkpt>
      <trkpt lat="46.326798" lon="7.705081">
      </trkpt>
      <trkpt lat="46.326789" lon="7.705185">
      </trkpt>
      <trkpt lat="46.326771" lon="7.705262">
      </trkpt>
      <trkpt lat="46.326771" lon="7.705301">
      </trkpt>
      <trkpt lat="46.326771" lon="7.705353">
      </trkpt>
      <trkpt lat="46.32678" lon="7.705444">
      </trkpt>
      <trkpt lat="46.326788" lon="7.705483">
      </trkpt>
      <trkpt lat="46.326788" lon="7.705509">
      </trkpt>
      <trkpt lat="46.326779" lon="7.705587">
      </trkpt>
      <trkpt lat="46.326779" lon="7.705652">
      </trkpt>
      <trkpt lat="46.32677" lon="7.705717">
      </trkpt>
      <trkpt lat="46.32677" lon="7.705808">
      </trkpt>
      <trkpt lat="46.326761" lon="7.705834">
      </trkpt>
      <trkpt lat="46.326752" lon="7.705847">
      </trkpt>
      <trkpt lat="46.326725" lon="7.705872">
      </trkpt>
      <trkpt lat="46.326716" lon="7.705898">
      </trkpt>
      <trkpt lat="46.326715" lon="7.705937">
      </trkpt>
      <trkpt lat="46.326715" lon="7.705963">
      </trkpt>
      <trkpt lat="46.326697" lon="7.70608">
      </trkpt>
      <trkpt lat="46.326697" lon="7.706145">
      </trkpt>
      <trkpt lat="46.326706" lon="7.706262">
      </trkpt>
      <trkpt lat="46.326706" lon="7.706327">
      </trkpt>
      <trkpt lat="46.326723" lon="7.706496">
      </trkpt>
      <trkpt lat="46.326732" lon="7.706548">
      </trkpt>
      <trkpt lat="46.326741" lon="7.706626">
      </trkpt>
      <trkpt lat="46.326759" lon="7.706756">
      </trkpt>
      <trkpt lat="46.326758" lon="7.706859">
      </trkpt>
      <trkpt lat="46.326749" lon="7.706911">
      </trkpt>
      <trkpt lat="46.32674" lon="7.706937">
      </trkpt>
      <trkpt lat="46.32674" lon="7.706963">
      </trkpt>
      <trkpt lat="46.326749" lon="7.707002">
      </trkpt>
      <trkpt lat="46.326758" lon="7.707028">
      </trkpt>
      <trkpt lat="46.326785" lon="7.707041">
      </trkpt>
      <trkpt lat="46.326812" lon="7.707068">
      </trkpt>
      <trkpt lat="46.32683" lon="7.707094">
      </trkpt>
      <trkpt lat="46.326839" lon="7.707133">
      </trkpt>
      <trkpt lat="46.326856" lon="7.707198">
      </trkpt>
      <trkpt lat="46.326892" lon="7.707315">
      </trkpt>
      <trkpt lat="46.326946" lon="7.707445">
      </trkpt>
      <trkpt lat="46.327008" lon="7.707627">
      </trkpt>
      <trkpt lat="46.327044" lon="7.70777">
      </trkpt>
      <trkpt lat="46.327071" lon="7.7079">
      </trkpt>
      <trkpt lat="46.327142" lon="7.708238">
      </trkpt>
      <trkpt lat="46.327142" lon="7.708264">
      </trkpt>
      <trkpt lat="46.327133" lon="7.708277">
      </trkpt>
      <trkpt lat="46.327133" lon="7.708277">
      </trkpt>
      <trkpt lat="46.327222" lon="7.708459">
      </trkpt>
      <trkpt lat="46.327222" lon="7.708459">
      </trkpt>
      <trkpt lat="46.327213" lon="7.708472">
      </trkpt>
      <trkpt lat="46.327213" lon="7.708537">
      </trkpt>
      <trkpt lat="46.327213" lon="7.708576">
      </trkpt>
      <trkpt lat="46.327231" lon="7.708628">
      </trkpt>
      <trkpt lat="46.327258" lon="7.708693">
      </trkpt>
      <trkpt lat="46.32732" lon="7.70881">
      </trkpt>
      <trkpt lat="46.327356" lon="7.708901">
      </trkpt>
      <trkpt lat="46.327374" lon="7.708992">
      </trkpt>
      <trkpt lat="46.327392" lon="7.709122">
      </trkpt>
      <trkpt lat="46.327409" lon="7.709174">
      </trkpt>
      <trkpt lat="46.327418" lon="7.709213">
      </trkpt>
      <trkpt lat="46.327436" lon="7.709252">
      </trkpt>
      <trkpt lat="46.327445" lon="7.709265">
      </trkpt>
      <trkpt lat="46.327454" lon="7.709278">
      </trkpt>
      <trkpt lat="46.327454" lon="7.709304">
      </trkpt>
      <trkpt lat="46.327454" lon="7.70933">
      </trkpt>
      <trkpt lat="46.327436" lon="7.709356">
      </trkpt>
      <trkpt lat="46.327436" lon="7.709356">
      </trkpt>
      <trkpt lat="46.327472" lon="7.709421">
      </trkpt>
      <trkpt lat="46.327499" lon="7.709512">
      </trkpt>
      <trkpt lat="46.327525" lon="7.709629">
      </trkpt>
      <trkpt lat="46.327525" lon="7.709629">
      </trkpt>
      <trkpt lat="46.327552" lon="7.70972">
      </trkpt>
      <trkpt lat="46.327552" lon="7.70972">
      </trkpt>
      <trkpt lat="46.327588" lon="7.709876">
      </trkpt>
      <trkpt lat="46.327605" lon="7.710006">
      </trkpt>
      <trkpt lat="46.327632" lon="7.710162">
      </trkpt>
      <trkpt lat="46.327659" lon="7.710279">
      </trkpt>
      <trkpt lat="46.327685" lon="7.710357">
      </trkpt>
      <trkpt lat="46.327721" lon="7.710422">
      </trkpt>
      <trkpt lat="46.327784" lon="7.710513">
      </trkpt>
      <trkpt lat="46.327892" lon="7.710644">
      </trkpt>
      <trkpt lat="46.327945" lon="7.710735">
      </trkpt>
      <trkpt lat="46.327999" lon="7.710839">
      </trkpt>
      <trkpt lat="46.328062" lon="7.710995">
      </trkpt>
      <trkpt lat="46.328115" lon="7.711151">
      </trkpt>
      <trkpt lat="46.32816" lon="7.711307">
      </trkpt>
      <trkpt lat="46.328196" lon="7.71145">
      </trkpt>
      <trkpt lat="46.328231" lon="7.711606">
      </trkpt>
      <trkpt lat="46.328303" lon="7.711828">
      </trkpt>
      <trkpt lat="46.328374" lon="7.712023">
      </trkpt>
      <trkpt lat="46.328428" lon="7.71214">
      </trkpt>
      <trkpt lat="46.328473" lon="7.712218">
      </trkpt>
      <trkpt lat="46.328517" lon="7.712283">
      </trkpt>
      <trkpt lat="46.328562" lon="7.712322">
      </trkpt>
      <trkpt lat="46.328562" lon="7.712322">
      </trkpt>
      <trkpt lat="46.328652" lon="7.712427">
      </trkpt>
      <trkpt lat="46.328697" lon="7.712492">
      </trkpt>
      <trkpt lat="46.328733" lon="7.712544">
      </trkpt>
      <trkpt lat="46.32876" lon="7.712635">
      </trkpt>
      <trkpt lat="46.328768" lon="7.712713">
      </trkpt>
      <trkpt lat="46.328777" lon="7.712791">
      </trkpt>
      <trkpt lat="46.328767" lon="7.713051">
      </trkpt>
      <trkpt lat="46.328776" lon="7.713103">
      </trkpt>
      <trkpt lat="46.328776" lon="7.713103">
      </trkpt>
      <trkpt lat="46.328794" lon="7.713181">
      </trkpt>
      <trkpt lat="46.32908" lon="7.714182">
      </trkpt>
      <trkpt lat="46.329151" lon="7.714403">
      </trkpt>
      <trkpt lat="46.329196" lon="7.714546">
      </trkpt>
      <trkpt lat="46.329222" lon="7.714637">
      </trkpt>
      <trkpt lat="46.329231" lon="7.714702">
      </trkpt>
      <trkpt lat="46.329257" lon="7.715053">
      </trkpt>
      <trkpt lat="46.329257" lon="7.715131">
      </trkpt>
      <trkpt lat="46.32923" lon="7.715338">
      </trkpt>
      <trkpt lat="46.329221" lon="7.715429">
      </trkpt>
      <trkpt lat="46.32922" lon="7.715507">
      </trkpt>
      <trkpt lat="46.329238" lon="7.715585">
      </trkpt>
      <trkpt lat="46.329256" lon="7.715663">
      </trkpt>
      <trkpt lat="46.329301" lon="7.715741">
      </trkpt>
      <trkpt lat="46.32939" lon="7.715885">
      </trkpt>
      <trkpt lat="46.329444" lon="7.715963">
      </trkpt>
      <trkpt lat="46.329516" lon="7.716067">
      </trkpt>
      <trkpt lat="46.329686" lon="7.716393">
      </trkpt>
      <trkpt lat="46.329758" lon="7.716497">
      </trkpt>
      <trkpt lat="46.329811" lon="7.716549">
      </trkpt>
      <trkpt lat="46.329856" lon="7.716588">
      </trkpt>
      <trkpt lat="46.329946" lon="7.716641">
      </trkpt>
      <trkpt lat="46.33" lon="7.71668">
      </trkpt>
      <trkpt lat="46.330054" lon="7.716758">
      </trkpt>
      <trkpt lat="46.330099" lon="7.716836">
      </trkpt>
      <trkpt lat="46.330224" lon="7.717136">
      </trkpt>
      <trkpt lat="46.330277" lon="7.717279">
      </trkpt>
      <trkpt lat="46.330286" lon="7.71737">
      </trkpt>
      <trkpt lat="46.330295" lon="7.717448">
      </trkpt>
      <trkpt lat="46.330286" lon="7.717538">
      </trkpt>
      <trkpt lat="46.330277" lon="7.717603">
      </trkpt>
      <trkpt lat="46.33025" lon="7.717655">
      </trkpt>
      <trkpt lat="46.330222" lon="7.717694">
      </trkpt>
      <trkpt lat="46.330186" lon="7.71772">
      </trkpt>
      <trkpt lat="46.330141" lon="7.717732">
      </trkpt>
      <trkpt lat="46.330096" lon="7.717719">
      </trkpt>
      <trkpt lat="46.329953" lon="7.71768">
      </trkpt>
      <trkpt lat="46.329926" lon="7.717679">
      </trkpt>
      <trkpt lat="46.329881" lon="7.717692">
      </trkpt>
      <trkpt lat="46.329818" lon="7.717744">
      </trkpt>
      <trkpt lat="46.329763" lon="7.717795">
      </trkpt>
      <trkpt lat="46.329709" lon="7.717847">
      </trkpt>
      <trkpt lat="46.329664" lon="7.717873">
      </trkpt>
      <trkpt lat="46.329601" lon="7.717898">
      </trkpt>
      <trkpt lat="46.329547" lon="7.717924">
      </trkpt>
      <trkpt lat="46.329547" lon="7.717924">
      </trkpt>
      <trkpt lat="46.32952" lon="7.717846">
      </trkpt>
      <trkpt lat="46.329475" lon="7.717937">
      </trkpt>
      <trkpt lat="46.329466" lon="7.717924">
      </trkpt>
      <trkpt lat="46.329484" lon="7.717872">
      </trkpt>
      <trkpt lat="46.329494" lon="7.717781">
      </trkpt>
      <trkpt lat="46.329448" lon="7.717859">
      </trkpt>
      <trkpt lat="46.32944" lon="7.717807">
      </trkpt>
      <trkpt lat="46.329431" lon="7.717742">
      </trkpt>
      <trkpt lat="46.329404" lon="7.71782">
      </trkpt>
      <trkpt lat="46.329404" lon="7.717755">
      </trkpt>
      <trkpt lat="46.329322" lon="7.717897">
      </trkpt>
      <trkpt lat="46.329323" lon="7.717741">
      </trkpt>
      <trkpt lat="46.329314" lon="7.717637">
      </trkpt>
      <trkpt lat="46.329305" lon="7.717585">
      </trkpt>
      <trkpt lat="46.329269" lon="7.717676">
      </trkpt>
      <trkpt lat="46.329224" lon="7.71778">
      </trkpt>
      <trkpt lat="46.329224" lon="7.717832">
      </trkpt>
      <trkpt lat="46.32916" lon="7.717948">
      </trkpt>
      <trkpt lat="46.329133" lon="7.718">
      </trkpt>
      <trkpt lat="46.329088" lon="7.718078">
      </trkpt>
      <trkpt lat="46.329061" lon="7.718155">
      </trkpt>
      <trkpt lat="46.329025" lon="7.71822">
      </trkpt>
      <trkpt lat="46.328961" lon="7.718389">
      </trkpt>
      <trkpt lat="46.328934" lon="7.718492">
      </trkpt>
      <trkpt lat="46.328907" lon="7.71857">
      </trkpt>
      <trkpt lat="46.328907" lon="7.718609">
      </trkpt>
      <trkpt lat="46.328898" lon="7.718661">
      </trkpt>
      <trkpt lat="46.328889" lon="7.7187">
      </trkpt>
      <trkpt lat="46.328862" lon="7.718726">
      </trkpt>
      <trkpt lat="46.328736" lon="7.718764">
      </trkpt>
      <trkpt lat="46.328673" lon="7.71879">
      </trkpt>
      <trkpt lat="46.3286" lon="7.71888">
      </trkpt>
      <trkpt lat="46.328564" lon="7.718945">
      </trkpt>
      <trkpt lat="46.328519" lon="7.719049">
      </trkpt>
      <trkpt lat="46.328501" lon="7.719113">
      </trkpt>
      <trkpt lat="46.328465" lon="7.719178">
      </trkpt>
      <trkpt lat="46.328455" lon="7.719256">
      </trkpt>
      <trkpt lat="46.328446" lon="7.719347">
      </trkpt>
      <trkpt lat="46.328437" lon="7.719425">
      </trkpt>
      <trkpt lat="46.328437" lon="7.71949">
      </trkpt>
      <trkpt lat="46.328446" lon="7.719594">
      </trkpt>
      <trkpt lat="46.328437" lon="7.719633">
      </trkpt>
      <trkpt lat="46.328436" lon="7.719762">
      </trkpt>
      <trkpt lat="46.328436" lon="7.719853">
      </trkpt>
      <trkpt lat="46.328454" lon="7.719931">
      </trkpt>
      <trkpt lat="46.328481" lon="7.720022">
      </trkpt>
      <trkpt lat="46.328525" lon="7.720114">
      </trkpt>
      <trkpt lat="46.328534" lon="7.720153">
      </trkpt>
      <trkpt lat="46.328543" lon="7.720205">
      </trkpt>
      <trkpt lat="46.328561" lon="7.720257">
      </trkpt>
      <trkpt lat="46.328561" lon="7.720334">
      </trkpt>
      <trkpt lat="46.328588" lon="7.720413">
      </trkpt>
      <trkpt lat="46.328587" lon="7.720464">
      </trkpt>
      <trkpt lat="46.328596" lon="7.720542">
      </trkpt>
      <trkpt lat="46.328605" lon="7.720607">
      </trkpt>
      <trkpt lat="46.328605" lon="7.720633">
      </trkpt>
      <trkpt lat="46.328641" lon="7.720698">
      </trkpt>
      <trkpt lat="46.328659" lon="7.720763">
      </trkpt>
      <trkpt lat="46.328668" lon="7.720802">
      </trkpt>
      <trkpt lat="46.328658" lon="7.720828">
      </trkpt>
      <trkpt lat="46.328658" lon="7.720841">
      </trkpt>
      <trkpt lat="46.32864" lon="7.720854">
      </trkpt>
      <trkpt lat="46.328622" lon="7.720828">
      </trkpt>
      <trkpt lat="46.328569" lon="7.720789">
      </trkpt>
      <trkpt lat="46.328479" lon="7.720698">
      </trkpt>
      <trkpt lat="46.328443" lon="7.720697">
      </trkpt>
      <trkpt lat="46.32838" lon="7.720619">
      </trkpt>
      <trkpt lat="46.328344" lon="7.720606">
      </trkpt>
      <trkpt lat="46.328326" lon="7.720619">
      </trkpt>
      <trkpt lat="46.32829" lon="7.720645">
      </trkpt>
      <trkpt lat="46.328227" lon="7.72067">
      </trkpt>
      <trkpt lat="46.328146" lon="7.720696">
      </trkpt>
      <trkpt lat="46.328074" lon="7.720734">
      </trkpt>
      <trkpt lat="46.328002" lon="7.720747">
      </trkpt>
      <trkpt lat="46.327894" lon="7.720773">
      </trkpt>
      <trkpt lat="46.327876" lon="7.720811">
      </trkpt>
      <trkpt lat="46.327849" lon="7.720889">
      </trkpt>
      <trkpt lat="46.327813" lon="7.720954">
      </trkpt>
      <trkpt lat="46.327749" lon="7.721057">
      </trkpt>
      <trkpt lat="46.327677" lon="7.72107">
      </trkpt>
      <trkpt lat="46.327659" lon="7.721083">
      </trkpt>
      <trkpt lat="46.32765" lon="7.721109">
      </trkpt>
      <trkpt lat="46.327668" lon="7.721148">
      </trkpt>
      <trkpt lat="46.327677" lon="7.721174">
      </trkpt>
      <trkpt lat="46.327677" lon="7.7212">
      </trkpt>
      <trkpt lat="46.32765" lon="7.721252">
      </trkpt>
      <trkpt lat="46.327623" lon="7.721291">
      </trkpt>
      <trkpt lat="46.327605" lon="7.72129">
      </trkpt>
      <trkpt lat="46.32756" lon="7.721264">
      </trkpt>
      <trkpt lat="46.327542" lon="7.721212">
      </trkpt>
      <trkpt lat="46.327542" lon="7.721173">
      </trkpt>
      <trkpt lat="46.327542" lon="7.721082">
      </trkpt>
      <trkpt lat="46.327534" lon="7.72103">
      </trkpt>
      <trkpt lat="46.327534" lon="7.72103">
      </trkpt>
      <trkpt lat="46.327525" lon="7.720991">
      </trkpt>
      <trkpt lat="46.327498" lon="7.720952">
      </trkpt>
      <trkpt lat="46.327453" lon="7.7209">
      </trkpt>
      <trkpt lat="46.327372" lon="7.720809">
      </trkpt>
      <trkpt lat="46.327264" lon="7.720717">
      </trkpt>
      <trkpt lat="46.327238" lon="7.720678">
      </trkpt>
      <trkpt lat="46.327175" lon="7.7206">
      </trkpt>
      <trkpt lat="46.327139" lon="7.720535">
      </trkpt>
      <trkpt lat="46.327103" lon="7.720496">
      </trkpt>
      <trkpt lat="46.326977" lon="7.720404">
      </trkpt>
      <trkpt lat="46.32695" lon="7.720391">
      </trkpt>
      <trkpt lat="46.326923" lon="7.720391">
      </trkpt>
      <trkpt lat="46.326896" lon="7.720417">
      </trkpt>
      <trkpt lat="46.326851" lon="7.720442">
      </trkpt>
      <trkpt lat="46.326824" lon="7.720481">
      </trkpt>
      <trkpt lat="46.326797" lon="7.720546">
      </trkpt>
      <trkpt lat="46.326779" lon="7.720611">
      </trkpt>
      <trkpt lat="46.326761" lon="7.720702">
      </trkpt>
      <trkpt lat="46.326733" lon="7.720844">
      </trkpt>
      <trkpt lat="46.326724" lon="7.720922">
      </trkpt>
      <trkpt lat="46.326724" lon="7.720987">
      </trkpt>
      <trkpt lat="46.326733" lon="7.721078">
      </trkpt>
      <trkpt lat="46.32676" lon="7.721169">
      </trkpt>
      <trkpt lat="46.326804" lon="7.721442">
      </trkpt>
      <trkpt lat="46.326804" lon="7.721442">
      </trkpt>
      <trkpt lat="46.326884" lon="7.721806">
      </trkpt>
      <trkpt lat="46.326893" lon="7.721884">
      </trkpt>
      <trkpt lat="46.326901" lon="7.721962">
      </trkpt>
      <trkpt lat="46.32691" lon="7.722001">
      </trkpt>
      <trkpt lat="46.32691" lon="7.722001">
      </trkpt>
      <trkpt lat="46.326865" lon="7.722014">
      </trkpt>
      <trkpt lat="46.326793" lon="7.721987">
      </trkpt>
      <trkpt lat="46.326749" lon="7.721987">
      </trkpt>
      <trkpt lat="46.326694" lon="7.722">
      </trkpt>
      <trkpt lat="46.326677" lon="7.721987">
      </trkpt>
      <trkpt lat="46.326659" lon="7.721974">
      </trkpt>
      <trkpt lat="46.32665" lon="7.721948">
      </trkpt>
      <trkpt lat="46.326641" lon="7.721844">
      </trkpt>
      <trkpt lat="46.326641" lon="7.721818">
      </trkpt>
      <trkpt lat="46.326623" lon="7.721805">
      </trkpt>
      <trkpt lat="46.326605" lon="7.721792">
      </trkpt>
      <trkpt lat="46.326569" lon="7.721778">
      </trkpt>
      <trkpt lat="46.326551" lon="7.721752">
      </trkpt>
      <trkpt lat="46.326551" lon="7.721752">
      </trkpt>
      <trkpt lat="46.326542" lon="7.721765">
      </trkpt>
      <trkpt lat="46.326533" lon="7.721817">
      </trkpt>
      <trkpt lat="46.326524" lon="7.721856">
      </trkpt>
      <trkpt lat="46.326515" lon="7.721882">
      </trkpt>
      <trkpt lat="46.326488" lon="7.721921">
      </trkpt>
      <trkpt lat="46.326461" lon="7.72196">
      </trkpt>
      <trkpt lat="46.326461" lon="7.72196">
      </trkpt>
      <trkpt lat="46.326425" lon="7.721921">
      </trkpt>
      <trkpt lat="46.32638" lon="7.721868">
      </trkpt>
      <trkpt lat="46.326317" lon="7.721829">
      </trkpt>
      <trkpt lat="46.326263" lon="7.721803">
      </trkpt>
      <trkpt lat="46.3262" lon="7.721803">
      </trkpt>
      <trkpt lat="46.326155" lon="7.721789">
      </trkpt>
      <trkpt lat="46.326101" lon="7.721789">
      </trkpt>
      <trkpt lat="46.326065" lon="7.721776">
      </trkpt>
      <trkpt lat="46.326011" lon="7.72175">
      </trkpt>
      <trkpt lat="46.325949" lon="7.721697">
      </trkpt>
      <trkpt lat="46.325886" lon="7.721632">
      </trkpt>
      <trkpt lat="46.325841" lon="7.72158">
      </trkpt>
      <trkpt lat="46.325796" lon="7.721567">
      </trkpt>
      <trkpt lat="46.32567" lon="7.721514">
      </trkpt>
      <trkpt lat="46.325625" lon="7.721501">
      </trkpt>
      <trkpt lat="46.325589" lon="7.721475">
      </trkpt>
      <trkpt lat="46.325553" lon="7.721449">
      </trkpt>
      <trkpt lat="46.325518" lon="7.721409">
      </trkpt>
      <trkpt lat="46.325482" lon="7.721383">
      </trkpt>
      <trkpt lat="46.325446" lon="7.721383">
      </trkpt>
      <trkpt lat="46.325419" lon="7.721383">
      </trkpt>
      <trkpt lat="46.325392" lon="7.721422">
      </trkpt>
      <trkpt lat="46.325382" lon="7.721461">
      </trkpt>
      <trkpt lat="46.325373" lon="7.7215">
      </trkpt>
      <trkpt lat="46.325373" lon="7.721565">
      </trkpt>
      <trkpt lat="46.325391" lon="7.721772">
      </trkpt>
      <trkpt lat="46.32539" lon="7.72185">
      </trkpt>
      <trkpt lat="46.325381" lon="7.721915">
      </trkpt>
      <trkpt lat="46.325372" lon="7.721993">
      </trkpt>
      <trkpt lat="46.325354" lon="7.722045">
      </trkpt>
      <trkpt lat="46.325345" lon="7.722097">
      </trkpt>
      <trkpt lat="46.325335" lon="7.722291">
      </trkpt>
      <trkpt lat="46.325335" lon="7.722421">
      </trkpt>
      <trkpt lat="46.325335" lon="7.722473">
      </trkpt>
      <trkpt lat="46.325326" lon="7.722564">
      </trkpt>
      <trkpt lat="46.325298" lon="7.722668">
      </trkpt>
      <trkpt lat="46.325289" lon="7.722759">
      </trkpt>
      <trkpt lat="46.32528" lon="7.722798">
      </trkpt>
      <trkpt lat="46.32528" lon="7.722863">
      </trkpt>
      <trkpt lat="46.325289" lon="7.722927">
      </trkpt>
      <trkpt lat="46.325289" lon="7.723005">
      </trkpt>
      <trkpt lat="46.325288" lon="7.723135">
      </trkpt>
      <trkpt lat="46.325288" lon="7.723213">
      </trkpt>
      <trkpt lat="46.325288" lon="7.723304">
      </trkpt>
      <trkpt lat="46.325279" lon="7.723447">
      </trkpt>
      <trkpt lat="46.325269" lon="7.723732">
      </trkpt>
      <trkpt lat="46.32526" lon="7.723836">
      </trkpt>
      <trkpt lat="46.32525" lon="7.723914">
      </trkpt>
      <trkpt lat="46.32525" lon="7.723992">
      </trkpt>
      <trkpt lat="46.32525" lon="7.72407">
      </trkpt>
      <trkpt lat="46.325259" lon="7.7242">
      </trkpt>
      <trkpt lat="46.325267" lon="7.724395">
      </trkpt>
      <trkpt lat="46.325285" lon="7.724628">
      </trkpt>
      <trkpt lat="46.325293" lon="7.724732">
      </trkpt>
      <trkpt lat="46.325302" lon="7.72481">
      </trkpt>
      <trkpt lat="46.325338" lon="7.72494">
      </trkpt>
      <trkpt lat="46.325373" lon="7.725044">
      </trkpt>
      <trkpt lat="46.325391" lon="7.725097">
      </trkpt>
      <trkpt lat="46.325391" lon="7.725097">
      </trkpt>
      <trkpt lat="46.3254" lon="7.725174">
      </trkpt>
      <trkpt lat="46.325409" lon="7.725278">
      </trkpt>
      <trkpt lat="46.325426" lon="7.725525">
      </trkpt>
      <trkpt lat="46.325435" lon="7.725668">
      </trkpt>
      <trkpt lat="46.325444" lon="7.725785">
      </trkpt>
      <trkpt lat="46.325452" lon="7.72585">
      </trkpt>
      <trkpt lat="46.325515" lon="7.726123">
      </trkpt>
      <trkpt lat="46.325568" lon="7.726396">
      </trkpt>
      <trkpt lat="46.325604" lon="7.726526">
      </trkpt>
      <trkpt lat="46.325621" lon="7.72663">
      </trkpt>
      <trkpt lat="46.325621" lon="7.726682">
      </trkpt>
      <trkpt lat="46.325621" lon="7.726747">
      </trkpt>
      <trkpt lat="46.325621" lon="7.726942">
      </trkpt>
      <trkpt lat="46.325611" lon="7.727032">
      </trkpt>
      <trkpt lat="46.325584" lon="7.727214">
      </trkpt>
      <trkpt lat="46.325584" lon="7.727279">
      </trkpt>
      <trkpt lat="46.325592" lon="7.727383">
      </trkpt>
      <trkpt lat="46.325619" lon="7.727526">
      </trkpt>
      <trkpt lat="46.325628" lon="7.727617">
      </trkpt>
      <trkpt lat="46.325636" lon="7.72776">
      </trkpt>
      <trkpt lat="46.325663" lon="7.727955">
      </trkpt>
      <trkpt lat="46.325734" lon="7.72828">
      </trkpt>
      <trkpt lat="46.325787" lon="7.728527">
      </trkpt>
      <trkpt lat="46.325814" lon="7.728618">
      </trkpt>
      <trkpt lat="46.325832" lon="7.728696">
      </trkpt>
      <trkpt lat="46.325859" lon="7.728865">
      </trkpt>
      <trkpt lat="46.325912" lon="7.729099">
      </trkpt>
      <trkpt lat="46.32593" lon="7.72919">
      </trkpt>
      <trkpt lat="46.325947" lon="7.729294">
      </trkpt>
      <trkpt lat="46.325965" lon="7.729385">
      </trkpt>
      <trkpt lat="46.325992" lon="7.729476">
      </trkpt>
      <trkpt lat="46.326019" lon="7.729554">
      </trkpt>
      <trkpt lat="46.326046" lon="7.729619">
      </trkpt>
      <trkpt lat="46.326063" lon="7.72971">
      </trkpt>
      <trkpt lat="46.326081" lon="7.729788">
      </trkpt>
      <trkpt lat="46.326099" lon="7.729905">
      </trkpt>
      <trkpt lat="46.326108" lon="7.729996">
      </trkpt>
      <trkpt lat="46.326116" lon="7.730061">
      </trkpt>
      <trkpt lat="46.326116" lon="7.730164">
      </trkpt>
      <trkpt lat="46.326125" lon="7.730216">
      </trkpt>
      <trkpt lat="46.326143" lon="7.730307">
      </trkpt>
      <trkpt lat="46.32617" lon="7.730386">
      </trkpt>
      <trkpt lat="46.326205" lon="7.730503">
      </trkpt>
      <trkpt lat="46.326259" lon="7.730659">
      </trkpt>
      <trkpt lat="46.326303" lon="7.73075">
      </trkpt>
      <trkpt lat="46.326321" lon="7.730802">
      </trkpt>
      <trkpt lat="46.326366" lon="7.730893">
      </trkpt>
      <trkpt lat="46.326429" lon="7.731101">
      </trkpt>
      <trkpt lat="46.326446" lon="7.731166">
      </trkpt>
      <trkpt lat="46.326464" lon="7.731348">
      </trkpt>
      <trkpt lat="46.326473" lon="7.731478">
      </trkpt>
      <trkpt lat="46.326499" lon="7.731621">
      </trkpt>
      <trkpt lat="46.326508" lon="7.731686">
      </trkpt>
      <trkpt lat="46.326535" lon="7.73179">
      </trkpt>
      <trkpt lat="46.32657" lon="7.731881">
      </trkpt>
      <trkpt lat="46.326606" lon="7.732011">
      </trkpt>
      <trkpt lat="46.326633" lon="7.732141">
      </trkpt>
      <trkpt lat="46.326668" lon="7.732284">
      </trkpt>
      <trkpt lat="46.326686" lon="7.732401">
      </trkpt>
      <trkpt lat="46.326713" lon="7.732531">
      </trkpt>
      <trkpt lat="46.32673" lon="7.732687">
      </trkpt>
      <trkpt lat="46.326748" lon="7.732804">
      </trkpt>
      <trkpt lat="46.326748" lon="7.732908">
      </trkpt>
      <trkpt lat="46.326747" lon="7.732999">
      </trkpt>
      <trkpt lat="46.326747" lon="7.73309">
      </trkpt>
      <trkpt lat="46.326738" lon="7.733167">
      </trkpt>
      <trkpt lat="46.32672" lon="7.733219">
      </trkpt>
      <trkpt lat="46.326693" lon="7.733258">
      </trkpt>
      <trkpt lat="46.326675" lon="7.733258">
      </trkpt>
      <trkpt lat="46.326648" lon="7.733271">
      </trkpt>
      <trkpt lat="46.32663" lon="7.733258">
      </trkpt>
      <trkpt lat="46.32663" lon="7.733258">
      </trkpt>
      <trkpt lat="46.326621" lon="7.733245">
      </trkpt>
      <trkpt lat="46.326621" lon="7.733219">
      </trkpt>
      <trkpt lat="46.326621" lon="7.73318">
      </trkpt>
      <trkpt lat="46.32663" lon="7.733141">
      </trkpt>
      <trkpt lat="46.326639" lon="7.733089">
      </trkpt>
      <trkpt lat="46.326639" lon="7.73305">
      </trkpt>
      <trkpt lat="46.326631" lon="7.732998">
      </trkpt>
      <trkpt lat="46.326613" lon="7.732933">
      </trkpt>
      <trkpt lat="46.326586" lon="7.732868">
      </trkpt>
      <trkpt lat="46.326478" lon="7.732686">
      </trkpt>
      <trkpt lat="46.326425" lon="7.732568">
      </trkpt>
      <trkpt lat="46.326353" lon="7.732425">
      </trkpt>
      <trkpt lat="46.326335" lon="7.732386">
      </trkpt>
      <trkpt lat="46.326326" lon="7.732373">
      </trkpt>
      <trkpt lat="46.326308" lon="7.73236">
      </trkpt>
      <trkpt lat="46.326308" lon="7.73236">
      </trkpt>
      <trkpt lat="46.32629" lon="7.73236">
      </trkpt>
      <trkpt lat="46.326281" lon="7.732373">
      </trkpt>
      <trkpt lat="46.326272" lon="7.732399">
      </trkpt>
      <trkpt lat="46.326281" lon="7.732477">
      </trkpt>
      <trkpt lat="46.326272" lon="7.732555">
      </trkpt>
      <trkpt lat="46.326263" lon="7.732593">
      </trkpt>
      <trkpt lat="46.326245" lon="7.732645">
      </trkpt>
      <trkpt lat="46.326209" lon="7.732671">
      </trkpt>
      <trkpt lat="46.326182" lon="7.732684">
      </trkpt>
      <trkpt lat="46.326146" lon="7.732697">
      </trkpt>
      <trkpt lat="46.326101" lon="7.732696">
      </trkpt>
      <trkpt lat="46.326038" lon="7.732683">
      </trkpt>
      <trkpt lat="46.325939" lon="7.732696">
      </trkpt>
      <trkpt lat="46.325885" lon="7.732695">
      </trkpt>
      <trkpt lat="46.325831" lon="7.732721">
      </trkpt>
      <trkpt lat="46.325777" lon="7.732747">
      </trkpt>
      <trkpt lat="46.32575" lon="7.732785">
      </trkpt>
      <trkpt lat="46.325731" lon="7.732811">
      </trkpt>
      <trkpt lat="46.325722" lon="7.73285">
      </trkpt>
      <trkpt lat="46.325722" lon="7.732889">
      </trkpt>
      <trkpt lat="46.325722" lon="7.73298">
      </trkpt>
      <trkpt lat="46.325731" lon="7.73311">
      </trkpt>
      <trkpt lat="46.325739" lon="7.733253">
      </trkpt>
      <trkpt lat="46.325748" lon="7.733383">
      </trkpt>
      <trkpt lat="46.325748" lon="7.733461">
      </trkpt>
      <trkpt lat="46.325748" lon="7.733513">
      </trkpt>
      <trkpt lat="46.325738" lon="7.733565">
      </trkpt>
      <trkpt lat="46.325684" lon="7.733733">
      </trkpt>
      <trkpt lat="46.325675" lon="7.733798">
      </trkpt>
      <trkpt lat="46.325666" lon="7.733876">
      </trkpt>
      <trkpt lat="46.325648" lon="7.733928">
      </trkpt>
      <trkpt lat="46.325639" lon="7.733954">
      </trkpt>
      <trkpt lat="46.325593" lon="7.734005">
      </trkpt>
      <trkpt lat="46.325557" lon="7.734044">
      </trkpt>
      <trkpt lat="46.32553" lon="7.734057">
      </trkpt>
      <trkpt lat="46.325467" lon="7.734069">
      </trkpt>
      <trkpt lat="46.325467" lon="7.734069">
      </trkpt>
      <trkpt lat="46.325395" lon="7.734095">
      </trkpt>
      <trkpt lat="46.325359" lon="7.734095">
      </trkpt>
      <trkpt lat="46.325305" lon="7.734095">
      </trkpt>
      <trkpt lat="46.325269" lon="7.734094">
      </trkpt>
      <trkpt lat="46.325242" lon="7.73412">
      </trkpt>
      <trkpt lat="46.325206" lon="7.734146">
      </trkpt>
      <trkpt lat="46.32517" lon="7.734159">
      </trkpt>
      <trkpt lat="46.325134" lon="7.734146">
      </trkpt>
      <trkpt lat="46.325035" lon="7.73408">
      </trkpt>
      <trkpt lat="46.325" lon="7.734067">
      </trkpt>
      <trkpt lat="46.324955" lon="7.73408">
      </trkpt>
      <trkpt lat="46.324928" lon="7.734093">
      </trkpt>
      <trkpt lat="46.324891" lon="7.734183">
      </trkpt>
      <trkpt lat="46.324891" lon="7.734235">
      </trkpt>
      <trkpt lat="46.3249" lon="7.7343">
      </trkpt>
      <trkpt lat="46.324927" lon="7.734378">
      </trkpt>
      <trkpt lat="46.324963" lon="7.734469">
      </trkpt>
      <trkpt lat="46.32498" lon="7.734573">
      </trkpt>
      <trkpt lat="46.32498" lon="7.734651">
      </trkpt>
      <trkpt lat="46.324962" lon="7.734716">
      </trkpt>
      <trkpt lat="46.324926" lon="7.734768">
      </trkpt>
      <trkpt lat="46.324872" lon="7.734819">
      </trkpt>
      <trkpt lat="46.324836" lon="7.734858">
      </trkpt>
      <trkpt lat="46.324808" lon="7.734949">
      </trkpt>
      <trkpt lat="46.324781" lon="7.735105">
      </trkpt>
      <trkpt lat="46.324772" lon="7.735169">
      </trkpt>
      <trkpt lat="46.324736" lon="7.735247">
      </trkpt>
      <trkpt lat="46.32469" lon="7.735351">
      </trkpt>
      <trkpt lat="46.324645" lon="7.735467">
      </trkpt>
      <trkpt lat="46.324618" lon="7.735532">
      </trkpt>
      <trkpt lat="46.3246" lon="7.735571">
      </trkpt>
      <trkpt lat="46.324582" lon="7.735584">
      </trkpt>
      <trkpt lat="46.324546" lon="7.735584">
      </trkpt>
      <trkpt lat="46.324546" lon="7.735584">
      </trkpt>
      <trkpt lat="46.324492" lon="7.735583">
      </trkpt>
      <trkpt lat="46.324465" lon="7.73557">
      </trkpt>
      <trkpt lat="46.324447" lon="7.735544">
      </trkpt>
      <trkpt lat="46.32442" lon="7.735492">
      </trkpt>
      <trkpt lat="46.324375" lon="7.73544">
      </trkpt>
      <trkpt lat="46.324331" lon="7.735349">
      </trkpt>
      <trkpt lat="46.324304" lon="7.735284">
      </trkpt>
      <trkpt lat="46.324286" lon="7.735219">
      </trkpt>
      <trkpt lat="46.324277" lon="7.735141">
      </trkpt>
      <trkpt lat="46.324268" lon="7.735115">
      </trkpt>
      <trkpt lat="46.324259" lon="7.735102">
      </trkpt>
      <trkpt lat="46.32425" lon="7.735089">
      </trkpt>
      <trkpt lat="46.324232" lon="7.735102">
      </trkpt>
      <trkpt lat="46.324232" lon="7.735115">
      </trkpt>
      <trkpt lat="46.324223" lon="7.735153">
      </trkpt>
      <trkpt lat="46.324223" lon="7.735218">
      </trkpt>
      <trkpt lat="46.324232" lon="7.735335">
      </trkpt>
      <trkpt lat="46.32424" lon="7.735439">
      </trkpt>
      <trkpt lat="46.32424" lon="7.735582">
      </trkpt>
      <trkpt lat="46.324249" lon="7.735608">
      </trkpt>
      <trkpt lat="46.324267" lon="7.73566">
      </trkpt>
      <trkpt lat="46.324276" lon="7.735699">
      </trkpt>
      <trkpt lat="46.324284" lon="7.735751">
      </trkpt>
      <trkpt lat="46.324284" lon="7.735855">
      </trkpt>
      <trkpt lat="46.324293" lon="7.73592">
      </trkpt>
      <trkpt lat="46.324302" lon="7.736076">
      </trkpt>
      <trkpt lat="46.324319" lon="7.736141">
      </trkpt>
      <trkpt lat="46.324337" lon="7.736206">
      </trkpt>
      <trkpt lat="46.324364" lon="7.736284">
      </trkpt>
      <trkpt lat="46.324409" lon="7.736362">
      </trkpt>
      <trkpt lat="46.324418" lon="7.736388">
      </trkpt>
      <trkpt lat="46.324409" lon="7.736401">
      </trkpt>
      <trkpt lat="46.3244" lon="7.736414">
      </trkpt>
      <trkpt lat="46.324382" lon="7.736414">
      </trkpt>
      <trkpt lat="46.324355" lon="7.736414">
      </trkpt>
      <trkpt lat="46.324319" lon="7.7364">
      </trkpt>
      <trkpt lat="46.324292" lon="7.736374">
      </trkpt>
      <trkpt lat="46.32422" lon="7.736283">
      </trkpt>
      <trkpt lat="46.324148" lon="7.736218">
      </trkpt>
      <trkpt lat="46.324104" lon="7.736153">
      </trkpt>
      <trkpt lat="46.323987" lon="7.735996">
      </trkpt>
      <trkpt lat="46.323969" lon="7.735996">
      </trkpt>
      <trkpt lat="46.323951" lon="7.735983">
      </trkpt>
      <trkpt lat="46.323933" lon="7.735983">
      </trkpt>
      <trkpt lat="46.323924" lon="7.735996">
      </trkpt>
      <trkpt lat="46.323924" lon="7.736009">
      </trkpt>
      <trkpt lat="46.323924" lon="7.736035">
      </trkpt>
      <trkpt lat="46.323942" lon="7.736087">
      </trkpt>
      <trkpt lat="46.323969" lon="7.736126">
      </trkpt>
      <trkpt lat="46.323987" lon="7.736178">
      </trkpt>
      <trkpt lat="46.324004" lon="7.736256">
      </trkpt>
      <trkpt lat="46.324013" lon="7.736295">
      </trkpt>
      <trkpt lat="46.324013" lon="7.736334">
      </trkpt>
      <trkpt lat="46.324013" lon="7.736373">
      </trkpt>
      <trkpt lat="46.324022" lon="7.736438">
      </trkpt>
      <trkpt lat="46.32404" lon="7.73649">
      </trkpt>
      <trkpt lat="46.324075" lon="7.736555">
      </trkpt>
      <trkpt lat="46.324102" lon="7.736581">
      </trkpt>
      <trkpt lat="46.32412" lon="7.736594">
      </trkpt>
      <trkpt lat="46.324129" lon="7.73662">
      </trkpt>
      <trkpt lat="46.324129" lon="7.736646">
      </trkpt>
      <trkpt lat="46.324129" lon="7.736659">
      </trkpt>
      <trkpt lat="46.324111" lon="7.736672">
      </trkpt>
      <trkpt lat="46.324102" lon="7.736685">
      </trkpt>
      <trkpt lat="46.324048" lon="7.736659">
      </trkpt>
      <trkpt lat="46.324003" lon="7.736632">
      </trkpt>
      <trkpt lat="46.32394" lon="7.736619">
      </trkpt>
      <trkpt lat="46.323895" lon="7.736606">
      </trkpt>
      <trkpt lat="46.323859" lon="7.736593">
      </trkpt>
      <trkpt lat="46.323815" lon="7.736554">
      </trkpt>
      <trkpt lat="46.32377" lon="7.736488">
      </trkpt>
      <trkpt lat="46.323689" lon="7.736371">
      </trkpt>
      <trkpt lat="46.323608" lon="7.736254">
      </trkpt>
      <trkpt lat="46.323528" lon="7.736162">
      </trkpt>
      <trkpt lat="46.323501" lon="7.736123">
      </trkpt>
      <trkpt lat="46.323465" lon="7.736045">
      </trkpt>
      <trkpt lat="46.323456" lon="7.736032">
      </trkpt>
      <trkpt lat="46.323447" lon="7.736032">
      </trkpt>
      <trkpt lat="46.323429" lon="7.736045">
      </trkpt>
      <trkpt lat="46.323429" lon="7.736071">
      </trkpt>
      <trkpt lat="46.323438" lon="7.736097">
      </trkpt>
      <trkpt lat="46.323456" lon="7.736214">
      </trkpt>
      <trkpt lat="46.323455" lon="7.736279">
      </trkpt>
      <trkpt lat="46.323455" lon="7.736292">
      </trkpt>
      <trkpt lat="46.323446" lon="7.736318">
      </trkpt>
      <trkpt lat="46.323437" lon="7.736318">
      </trkpt>
      <trkpt lat="46.323419" lon="7.736318">
      </trkpt>
      <trkpt lat="46.32341" lon="7.736292">
      </trkpt>
      <trkpt lat="46.323366" lon="7.736188">
      </trkpt>
      <trkpt lat="46.32333" lon="7.736122">
      </trkpt>
      <trkpt lat="46.323258" lon="7.735992">
      </trkpt>
      <trkpt lat="46.323214" lon="7.735927">
      </trkpt>
      <trkpt lat="46.323178" lon="7.735875">
      </trkpt>
      <trkpt lat="46.32316" lon="7.735862">
      </trkpt>
      <trkpt lat="46.323106" lon="7.73581">
      </trkpt>
      <trkpt lat="46.323034" lon="7.735757">
      </trkpt>
      <trkpt lat="46.322953" lon="7.735679">
      </trkpt>
      <trkpt lat="46.322864" lon="7.7356">
      </trkpt>
      <trkpt lat="46.322765" lon="7.735522">
      </trkpt>
      <trkpt lat="46.322657" lon="7.735444">
      </trkpt>
      <trkpt lat="46.322594" lon="7.735391">
      </trkpt>
      <trkpt lat="46.322558" lon="7.735352">
      </trkpt>
      <trkpt lat="46.322514" lon="7.735287">
      </trkpt>
      <trkpt lat="46.322442" lon="7.735183">
      </trkpt>
      <trkpt lat="46.322388" lon="7.735092">
      </trkpt>
      <trkpt lat="46.32237" lon="7.735026">
      </trkpt>
      <trkpt lat="46.322361" lon="7.735">
      </trkpt>
      <trkpt lat="46.322352" lon="7.734961">
      </trkpt>
      <trkpt lat="46.322344" lon="7.734897">
      </trkpt>
      <trkpt lat="46.322335" lon="7.734858">
      </trkpt>
      <trkpt lat="46.322317" lon="7.734805">
      </trkpt>
      <trkpt lat="46.322281" lon="7.734753">
      </trkpt>
      <trkpt lat="46.322146" lon="7.734636">
      </trkpt>
      <trkpt lat="46.322066" lon="7.734518">
      </trkpt>
      <trkpt lat="46.321994" lon="7.734414">
      </trkpt>
      <trkpt lat="46.321922" lon="7.734323">
      </trkpt>
      <trkpt lat="46.321886" lon="7.734271">
      </trkpt>
      <trkpt lat="46.321815" lon="7.734205">
      </trkpt>
      <trkpt lat="46.321752" lon="7.734127">
      </trkpt>
      <trkpt lat="46.321716" lon="7.734075">
      </trkpt>
      <trkpt lat="46.321698" lon="7.734023">
      </trkpt>
      <trkpt lat="46.32168" lon="7.73401">
      </trkpt>
      <trkpt lat="46.321662" lon="7.73401">
      </trkpt>
      <trkpt lat="46.321653" lon="7.73401">
      </trkpt>
      <trkpt lat="46.321644" lon="7.734036">
      </trkpt>
      <trkpt lat="46.321635" lon="7.734075">
      </trkpt>
      <trkpt lat="46.321626" lon="7.734178">
      </trkpt>
      <trkpt lat="46.321634" lon="7.734321">
      </trkpt>
      <trkpt lat="46.321652" lon="7.734464">
      </trkpt>
      <trkpt lat="46.321661" lon="7.73462">
      </trkpt>
      <trkpt lat="46.32166" lon="7.734815">
      </trkpt>
      <trkpt lat="46.321669" lon="7.734867">
      </trkpt>
      <trkpt lat="46.321687" lon="7.734958">
      </trkpt>
      <trkpt lat="46.321722" lon="7.735088">
      </trkpt>
      <trkpt lat="46.321749" lon="7.735179">
      </trkpt>
      <trkpt lat="46.321776" lon="7.735244">
      </trkpt>
      <trkpt lat="46.321785" lon="7.73527">
      </trkpt>
      <trkpt lat="46.321776" lon="7.735296">
      </trkpt>
      <trkpt lat="46.321767" lon="7.735309">
      </trkpt>
      <trkpt lat="46.321749" lon="7.735309">
      </trkpt>
      <trkpt lat="46.321713" lon="7.735296">
      </trkpt>
      <trkpt lat="46.321686" lon="7.735282">
      </trkpt>
      <trkpt lat="46.321659" lon="7.735243">
      </trkpt>
      <trkpt lat="46.321623" lon="7.735191">
      </trkpt>
      <trkpt lat="46.321605" lon="7.735178">
      </trkpt>
      <trkpt lat="46.32156" lon="7.735165">
      </trkpt>
      <trkpt lat="46.321479" lon="7.735126">
      </trkpt>
      <trkpt lat="46.321408" lon="7.735073">
      </trkpt>
      <trkpt lat="46.321363" lon="7.735034">
      </trkpt>
      <trkpt lat="46.321336" lon="7.734982">
      </trkpt>
      <trkpt lat="46.321318" lon="7.73493">
      </trkpt>
      <trkpt lat="46.321291" lon="7.734839">
      </trkpt>
      <trkpt lat="46.321265" lon="7.734761">
      </trkpt>
      <trkpt lat="46.321238" lon="7.734683">
      </trkpt>
      <trkpt lat="46.321202" lon="7.734605">
      </trkpt>
      <trkpt lat="46.321094" lon="7.734422">
      </trkpt>
      <trkpt lat="46.320996" lon="7.734318">
      </trkpt>
      <trkpt lat="46.320969" lon="7.734279">
      </trkpt>
      <trkpt lat="46.320942" lon="7.734227">
      </trkpt>
      <trkpt lat="46.320915" lon="7.734162">
      </trkpt>
      <trkpt lat="46.320897" lon="7.73411">
      </trkpt>
      <trkpt lat="46.320889" lon="7.734045">
      </trkpt>
      <trkpt lat="46.320889" lon="7.733993">
      </trkpt>
      <trkpt lat="46.320889" lon="7.733941">
      </trkpt>
      <trkpt lat="46.320898" lon="7.733889">
      </trkpt>
      <trkpt lat="46.320907" lon="7.733811">
      </trkpt>
      <trkpt lat="46.320916" lon="7.733759">
      </trkpt>
      <trkpt lat="46.320916" lon="7.733707">
      </trkpt>
      <trkpt lat="46.320908" lon="7.733629">
      </trkpt>
      <trkpt lat="46.320899" lon="7.733564">
      </trkpt>
      <trkpt lat="46.32089" lon="7.733525">
      </trkpt>
      <trkpt lat="46.320863" lon="7.733473">
      </trkpt>
      <trkpt lat="46.320845" lon="7.733408">
      </trkpt>
      <trkpt lat="46.320819" lon="7.733265">
      </trkpt>
      <trkpt lat="46.320792" lon="7.733187">
      </trkpt>
      <trkpt lat="46.320774" lon="7.733135">
      </trkpt>
      <trkpt lat="46.320756" lon="7.733083">
      </trkpt>
      <trkpt lat="46.320738" lon="7.733044">
      </trkpt>
      <trkpt lat="46.32073" lon="7.732888">
      </trkpt>
      <trkpt lat="46.320721" lon="7.732797">
      </trkpt>
      <trkpt lat="46.32073" lon="7.732564">
      </trkpt>
      <trkpt lat="46.320731" lon="7.732512">
      </trkpt>
      <trkpt lat="46.32074" lon="7.732473">
      </trkpt>
      <trkpt lat="46.320758" lon="7.732408">
      </trkpt>
      <trkpt lat="46.320776" lon="7.732356">
      </trkpt>
      <trkpt lat="46.320776" lon="7.73233">
      </trkpt>
      <trkpt lat="46.320776" lon="7.73233">
      </trkpt>
      <trkpt lat="46.320758" lon="7.732239">
      </trkpt>
      <trkpt lat="46.320732" lon="7.732122">
      </trkpt>
      <trkpt lat="46.320696" lon="7.732057">
      </trkpt>
      <trkpt lat="46.320687" lon="7.732005">
      </trkpt>
      <trkpt lat="46.320669" lon="7.731927">
      </trkpt>
      <trkpt lat="46.32066" lon="7.731875">
      </trkpt>
      <trkpt lat="46.320642" lon="7.73181">
      </trkpt>
      <trkpt lat="46.320634" lon="7.731745">
      </trkpt>
      <trkpt lat="46.320634" lon="7.731641">
      </trkpt>
      <trkpt lat="46.320625" lon="7.731576">
      </trkpt>
      <trkpt lat="46.320616" lon="7.731472">
      </trkpt>
      <trkpt lat="46.320616" lon="7.731433">
      </trkpt>
      <trkpt lat="46.320662" lon="7.731343">
      </trkpt>
      <trkpt lat="46.320671" lon="7.731304">
      </trkpt>
      <trkpt lat="46.32068" lon="7.731252">
      </trkpt>
      <trkpt lat="46.32068" lon="7.731174">
      </trkpt>
      <trkpt lat="46.320671" lon="7.731109">
      </trkpt>
      <trkpt lat="46.320653" lon="7.731031">
      </trkpt>
      <trkpt lat="46.320645" lon="7.73094">
      </trkpt>
      <trkpt lat="46.320636" lon="7.730875">
      </trkpt>
      <trkpt lat="46.320627" lon="7.730771">
      </trkpt>
      <trkpt lat="46.320627" lon="7.730667">
      </trkpt>
      <trkpt lat="46.320628" lon="7.730577">
      </trkpt>
      <trkpt lat="46.320619" lon="7.730447">
      </trkpt>
      <trkpt lat="46.32061" lon="7.730369">
      </trkpt>
      <trkpt lat="46.320601" lon="7.73033">
      </trkpt>
      <trkpt lat="46.320583" lon="7.730317">
      </trkpt>
      <trkpt lat="46.320583" lon="7.730317">
      </trkpt>
      <trkpt lat="46.320574" lon="7.730317">
      </trkpt>
      <trkpt lat="46.320556" lon="7.730329">
      </trkpt>
      <trkpt lat="46.320547" lon="7.730381">
      </trkpt>
      <trkpt lat="46.320547" lon="7.730472">
      </trkpt>
      <trkpt lat="46.320529" lon="7.730576">
      </trkpt>
      <trkpt lat="46.320511" lon="7.730641">
      </trkpt>
      <trkpt lat="46.320474" lon="7.730732">
      </trkpt>
      <trkpt lat="46.320366" lon="7.730991">
      </trkpt>
      <trkpt lat="46.32033" lon="7.731068">
      </trkpt>
      <trkpt lat="46.320293" lon="7.731172">
      </trkpt>
      <trkpt lat="46.320248" lon="7.731237">
      </trkpt>
      <trkpt lat="46.320194" lon="7.73134">
      </trkpt>
      <trkpt lat="46.320176" lon="7.731392">
      </trkpt>
      <trkpt lat="46.320158" lon="7.731431">
      </trkpt>
      <trkpt lat="46.32014" lon="7.731509">
      </trkpt>
      <trkpt lat="46.32013" lon="7.731535">
      </trkpt>
      <trkpt lat="46.320112" lon="7.731548">
      </trkpt>
      <trkpt lat="46.320094" lon="7.731547">
      </trkpt>
      <trkpt lat="46.320094" lon="7.731547">
      </trkpt>
      <trkpt lat="46.320085" lon="7.731534">
      </trkpt>
      <trkpt lat="46.320076" lon="7.731534">
      </trkpt>
      <trkpt lat="46.320076" lon="7.731521">
      </trkpt>
      <trkpt lat="46.320077" lon="7.731482">
      </trkpt>
      <trkpt lat="46.320077" lon="7.731444">
      </trkpt>
      <trkpt lat="46.320077" lon="7.731314">
      </trkpt>
      <trkpt lat="46.320086" lon="7.731249">
      </trkpt>
      <trkpt lat="46.320078" lon="7.731106">
      </trkpt>
      <trkpt lat="46.320078" lon="7.731002">
      </trkpt>
      <trkpt lat="46.320069" lon="7.730911">
      </trkpt>
      <trkpt lat="46.320033" lon="7.730781">
      </trkpt>
      <trkpt lat="46.320025" lon="7.73069">
      </trkpt>
      <trkpt lat="46.319971" lon="7.730534">
      </trkpt>
      <trkpt lat="46.319944" lon="7.730469">
      </trkpt>
      <trkpt lat="46.319935" lon="7.730391">
      </trkpt>
      <trkpt lat="46.319909" lon="7.730313">
      </trkpt>
      <trkpt lat="46.319891" lon="7.730261">
      </trkpt>
      <trkpt lat="46.319819" lon="7.730118">
      </trkpt>
      <trkpt lat="46.319792" lon="7.730053">
      </trkpt>
      <trkpt lat="46.319784" lon="7.730014">
      </trkpt>
      <trkpt lat="46.319775" lon="7.729936">
      </trkpt>
      <trkpt lat="46.319766" lon="7.729858">
      </trkpt>
      <trkpt lat="46.319757" lon="7.729767">
      </trkpt>
      <trkpt lat="46.319748" lon="7.729702">
      </trkpt>
      <trkpt lat="46.319748" lon="7.729702">
      </trkpt>
      <trkpt lat="46.319731" lon="7.729637">
      </trkpt>
      <trkpt lat="46.319704" lon="7.729598">
      </trkpt>
      <trkpt lat="46.319686" lon="7.729598">
      </trkpt>
      <trkpt lat="46.319659" lon="7.729598">
      </trkpt>
      <trkpt lat="46.319641" lon="7.729623">
      </trkpt>
      <trkpt lat="46.31964" lon="7.729662">
      </trkpt>
      <trkpt lat="46.31964" lon="7.729714">
      </trkpt>
      <trkpt lat="46.319649" lon="7.729766">
      </trkpt>
      <trkpt lat="46.31964" lon="7.729844">
      </trkpt>
      <trkpt lat="46.31964" lon="7.729844">
      </trkpt>
      <trkpt lat="46.319621" lon="7.730078">
      </trkpt>
      <trkpt lat="46.319594" lon="7.730285">
      </trkpt>
      <trkpt lat="46.319594" lon="7.73035">
      </trkpt>
      <trkpt lat="46.319621" lon="7.730428">
      </trkpt>
      <trkpt lat="46.319629" lon="7.730519">
      </trkpt>
      <trkpt lat="46.319638" lon="7.730623">
      </trkpt>
      <trkpt lat="46.319629" lon="7.730714">
      </trkpt>
      <trkpt lat="46.31962" lon="7.730818">
      </trkpt>
      <trkpt lat="46.319592" lon="7.730909">
      </trkpt>
      <trkpt lat="46.319556" lon="7.731012">
      </trkpt>
      <trkpt lat="46.319475" lon="7.731142">
      </trkpt>
      <trkpt lat="46.319448" lon="7.73118">
      </trkpt>
      <trkpt lat="46.319439" lon="7.731219">
      </trkpt>
      <trkpt lat="46.319429" lon="7.731284">
      </trkpt>
      <trkpt lat="46.319411" lon="7.731362">
      </trkpt>
      <trkpt lat="46.319393" lon="7.731427">
      </trkpt>
      <trkpt lat="46.319384" lon="7.731479">
      </trkpt>
      <trkpt lat="46.31941" lon="7.731674">
      </trkpt>
      <trkpt lat="46.319401" lon="7.731855">
      </trkpt>
      <trkpt lat="46.31941" lon="7.731985">
      </trkpt>
      <trkpt lat="46.319418" lon="7.732063">
      </trkpt>
      <trkpt lat="46.319409" lon="7.732141">
      </trkpt>
      <trkpt lat="46.3194" lon="7.732193">
      </trkpt>
      <trkpt lat="46.319355" lon="7.732284">
      </trkpt>
      <trkpt lat="46.319328" lon="7.732374">
      </trkpt>
      <trkpt lat="46.319318" lon="7.732452">
      </trkpt>
      <trkpt lat="46.3193" lon="7.732621">
      </trkpt>
      <trkpt lat="46.319282" lon="7.73266">
      </trkpt>
      <trkpt lat="46.319255" lon="7.73266">
      </trkpt>
      <trkpt lat="46.319237" lon="7.732646">
      </trkpt>
      <trkpt lat="46.319237" lon="7.732608">
      </trkpt>
      <trkpt lat="46.319255" lon="7.732452">
      </trkpt>
      <trkpt lat="46.319247" lon="7.732361">
      </trkpt>
      <trkpt lat="46.319238" lon="7.73227">
      </trkpt>
      <trkpt lat="46.31922" lon="7.732179">
      </trkpt>
      <trkpt lat="46.319202" lon="7.732101">
      </trkpt>
      <trkpt lat="46.319176" lon="7.732023">
      </trkpt>
      <trkpt lat="46.31914" lon="7.731932">
      </trkpt>
      <trkpt lat="46.319086" lon="7.731828">
      </trkpt>
      <trkpt lat="46.31905" lon="7.731737">
      </trkpt>
      <trkpt lat="46.319042" lon="7.731698">
      </trkpt>
      <trkpt lat="46.319042" lon="7.731633">
      </trkpt>
      <trkpt lat="46.31906" lon="7.731542">
      </trkpt>
      <trkpt lat="46.319105" lon="7.731321">
      </trkpt>
      <trkpt lat="46.319106" lon="7.731218">
      </trkpt>
      <trkpt lat="46.319097" lon="7.731114">
      </trkpt>
      <trkpt lat="46.319079" lon="7.731036">
      </trkpt>
      <trkpt lat="46.319043" lon="7.730958">
      </trkpt>
      <trkpt lat="46.319017" lon="7.730893">
      </trkpt>
      <trkpt lat="46.318981" lon="7.730827">
      </trkpt>
      <trkpt lat="46.318972" lon="7.730775">
      </trkpt>
      <trkpt lat="46.318963" lon="7.730723">
      </trkpt>
      <trkpt lat="46.318972" lon="7.73062">
      </trkpt>
      <trkpt lat="46.318973" lon="7.730542">
      </trkpt>
      <trkpt lat="46.318937" lon="7.73036">
      </trkpt>
      <trkpt lat="46.318919" lon="7.73023">
      </trkpt>
      <trkpt lat="46.318893" lon="7.730139">
      </trkpt>
      <trkpt lat="46.318848" lon="7.730009">
      </trkpt>
      <trkpt lat="46.318848" lon="7.730009">
      </trkpt>
      <trkpt lat="46.318812" lon="7.729905">
      </trkpt>
      <trkpt lat="46.318794" lon="7.729853">
      </trkpt>
      <trkpt lat="46.318759" lon="7.729801">
      </trkpt>
      <trkpt lat="46.318669" lon="7.729657">
      </trkpt>
      <trkpt lat="46.318633" lon="7.729592">
      </trkpt>
      <trkpt lat="46.318588" lon="7.729527">
      </trkpt>
      <trkpt lat="46.318553" lon="7.729436">
      </trkpt>
      <trkpt lat="46.318526" lon="7.729397">
      </trkpt>
      <trkpt lat="46.318472" lon="7.729306">
      </trkpt>
      <trkpt lat="46.318463" lon="7.729267">
      </trkpt>
      <trkpt lat="46.318454" lon="7.729215">
      </trkpt>
      <trkpt lat="46.318463" lon="7.72915">
      </trkpt>
      <trkpt lat="46.31849" lon="7.729098">
      </trkpt>
      <trkpt lat="46.318518" lon="7.729046">
      </trkpt>
      <trkpt lat="46.318527" lon="7.729007">
      </trkpt>
      <trkpt lat="46.318527" lon="7.728968">
      </trkpt>
      <trkpt lat="46.318518" lon="7.728942">
      </trkpt>
      <trkpt lat="46.318491" lon="7.728903">
      </trkpt>
      <trkpt lat="46.318455" lon="7.728812">
      </trkpt>
      <trkpt lat="46.318393" lon="7.728656">
      </trkpt>
      <trkpt lat="46.318375" lon="7.728578">
      </trkpt>
      <trkpt lat="46.318357" lon="7.728513">
      </trkpt>
      <trkpt lat="46.318339" lon="7.728383">
      </trkpt>
      <trkpt lat="46.318331" lon="7.728279">
      </trkpt>
      <trkpt lat="46.318322" lon="7.728253">
      </trkpt>
      <trkpt lat="46.318304" lon="7.72824">
      </trkpt>
      <trkpt lat="46.318295" lon="7.728227">
      </trkpt>
      <trkpt lat="46.318286" lon="7.728227">
      </trkpt>
      <trkpt lat="46.318277" lon="7.72824">
      </trkpt>
      <trkpt lat="46.318259" lon="7.728266">
      </trkpt>
      <trkpt lat="46.318222" lon="7.728395">
      </trkpt>
      <trkpt lat="46.318168" lon="7.728538">
      </trkpt>
      <trkpt lat="46.318159" lon="7.728577">
      </trkpt>
      <trkpt lat="46.318159" lon="7.728603">
      </trkpt>
      <trkpt lat="46.318168" lon="7.728642">
      </trkpt>
      <trkpt lat="46.318186" lon="7.728681">
      </trkpt>
      <trkpt lat="46.318203" lon="7.728759">
      </trkpt>
      <trkpt lat="46.318221" lon="7.728811">
      </trkpt>
      <trkpt lat="46.318221" lon="7.72885">
      </trkpt>
      <trkpt lat="46.318212" lon="7.728889">
      </trkpt>
      <trkpt lat="46.318194" lon="7.728915">
      </trkpt>
      <trkpt lat="46.318167" lon="7.72894">
      </trkpt>
      <trkpt lat="46.318149" lon="7.728992">
      </trkpt>
      <trkpt lat="46.318131" lon="7.729031">
      </trkpt>
      <trkpt lat="46.318113" lon="7.729135">
      </trkpt>
      <trkpt lat="46.318094" lon="7.729187">
      </trkpt>
      <trkpt lat="46.318076" lon="7.729239">
      </trkpt>
      <trkpt lat="46.318049" lon="7.729316">
      </trkpt>
      <trkpt lat="46.318031" lon="7.729381">
      </trkpt>
      <trkpt lat="46.318022" lon="7.729446">
      </trkpt>
      <trkpt lat="46.318013" lon="7.729511">
      </trkpt>
      <trkpt lat="46.318012" lon="7.729576">
      </trkpt>
      <trkpt lat="46.318012" lon="7.729641">
      </trkpt>
      <trkpt lat="46.318021" lon="7.729758">
      </trkpt>
      <trkpt lat="46.318021" lon="7.729875">
      </trkpt>
      <trkpt lat="46.318002" lon="7.73016">
      </trkpt>
      <trkpt lat="46.317993" lon="7.730186">
      </trkpt>
      <trkpt lat="46.317975" lon="7.730225">
      </trkpt>
      <trkpt lat="46.317957" lon="7.730238">
      </trkpt>
      <trkpt lat="46.31793" lon="7.730225">
      </trkpt>
      <trkpt lat="46.317912" lon="7.730211">
      </trkpt>
      <trkpt lat="46.317912" lon="7.730173">
      </trkpt>
      <trkpt lat="46.317921" lon="7.730082">
      </trkpt>
      <trkpt lat="46.317912" lon="7.729991">
      </trkpt>
      <trkpt lat="46.317904" lon="7.729926">
      </trkpt>
      <trkpt lat="46.317886" lon="7.729848">
      </trkpt>
      <trkpt lat="46.317859" lon="7.729757">
      </trkpt>
      <trkpt lat="46.317832" lon="7.729679">
      </trkpt>
      <trkpt lat="46.317806" lon="7.729601">
      </trkpt>
      <trkpt lat="46.317779" lon="7.72951">
      </trkpt>
      <trkpt lat="46.317761" lon="7.729406">
      </trkpt>
      <trkpt lat="46.317734" lon="7.729289">
      </trkpt>
      <trkpt lat="46.317726" lon="7.729185">
      </trkpt>
      <trkpt lat="46.317717" lon="7.729107">
      </trkpt>
      <trkpt lat="46.3177" lon="7.729081">
      </trkpt>
      <trkpt lat="46.317682" lon="7.729081">
      </trkpt>
      <trkpt lat="46.317682" lon="7.729081">
      </trkpt>
      <trkpt lat="46.317664" lon="7.729081">
      </trkpt>
      <trkpt lat="46.317655" lon="7.729107">
      </trkpt>
      <trkpt lat="46.317646" lon="7.729184">
      </trkpt>
      <trkpt lat="46.317635" lon="7.729379">
      </trkpt>
      <trkpt lat="46.317635" lon="7.729548">
      </trkpt>
      <trkpt lat="46.317634" lon="7.729652">
      </trkpt>
      <trkpt lat="46.317625" lon="7.729704">
      </trkpt>
      <trkpt lat="46.317607" lon="7.729768">
      </trkpt>
      <trkpt lat="46.317589" lon="7.729807">
      </trkpt>
      <trkpt lat="46.31758" lon="7.729859">
      </trkpt>
      <trkpt lat="46.317571" lon="7.729924">
      </trkpt>
      <trkpt lat="46.317588" lon="7.730054">
      </trkpt>
      <trkpt lat="46.317597" lon="7.730223">
      </trkpt>
      <trkpt lat="46.317597" lon="7.730327">
      </trkpt>
      <trkpt lat="46.317588" lon="7.730366">
      </trkpt>
      <trkpt lat="46.317578" lon="7.730443">
      </trkpt>
      <trkpt lat="46.317542" lon="7.730547">
      </trkpt>
      <trkpt lat="46.317497" lon="7.730664">
      </trkpt>
      <trkpt lat="46.317488" lon="7.730716">
      </trkpt>
      <trkpt lat="46.317488" lon="7.730806">
      </trkpt>
      <trkpt lat="46.317478" lon="7.730858">
      </trkpt>
      <trkpt lat="46.317442" lon="7.730949">
      </trkpt>
      <trkpt lat="46.317406" lon="7.731027">
      </trkpt>
      <trkpt lat="46.317397" lon="7.731105">
      </trkpt>
      <trkpt lat="46.317379" lon="7.731182">
      </trkpt>
      <trkpt lat="46.317369" lon="7.731273">
      </trkpt>
      <trkpt lat="46.317351" lon="7.731351">
      </trkpt>
      <trkpt lat="46.317351" lon="7.73139">
      </trkpt>
      <trkpt lat="46.317351" lon="7.731494">
      </trkpt>
      <trkpt lat="46.317342" lon="7.731637">
      </trkpt>
      <trkpt lat="46.317341" lon="7.731766">
      </trkpt>
      <trkpt lat="46.317332" lon="7.732">
      </trkpt>
      <trkpt lat="46.317313" lon="7.73213">
      </trkpt>
      <trkpt lat="46.317322" lon="7.732182">
      </trkpt>
      <trkpt lat="46.31734" lon="7.73226">
      </trkpt>
      <trkpt lat="46.317393" lon="7.732416">
      </trkpt>
      <trkpt lat="46.317456" lon="7.732559">
      </trkpt>
      <trkpt lat="46.317528" lon="7.732689">
      </trkpt>
      <trkpt lat="46.317537" lon="7.732754">
      </trkpt>
      <trkpt lat="46.317554" lon="7.732819">
      </trkpt>
      <trkpt lat="46.317571" lon="7.73317">
      </trkpt>
      <trkpt lat="46.317571" lon="7.733248">
      </trkpt>
      <trkpt lat="46.317553" lon="7.733364">
      </trkpt>
      <trkpt lat="46.317553" lon="7.733442">
      </trkpt>
      <trkpt lat="46.317561" lon="7.733559">
      </trkpt>
      <trkpt lat="46.317552" lon="7.733624">
      </trkpt>
      <trkpt lat="46.317525" lon="7.733767">
      </trkpt>
      <trkpt lat="46.317507" lon="7.733909">
      </trkpt>
      <trkpt lat="46.317506" lon="7.734065">
      </trkpt>
      <trkpt lat="46.317514" lon="7.734325">
      </trkpt>
      <trkpt lat="46.317496" lon="7.734455">
      </trkpt>
      <trkpt lat="46.317469" lon="7.734662">
      </trkpt>
      <trkpt lat="46.317441" lon="7.734831">
      </trkpt>
      <trkpt lat="46.317386" lon="7.735155">
      </trkpt>
      <trkpt lat="46.31735" lon="7.73535">
      </trkpt>
      <trkpt lat="46.317314" lon="7.735479">
      </trkpt>
      <trkpt lat="46.317277" lon="7.7357">
      </trkpt>
      <trkpt lat="46.317268" lon="7.735752">
      </trkpt>
      <trkpt lat="46.317241" lon="7.735868">
      </trkpt>
      <trkpt lat="46.317213" lon="7.736011">
      </trkpt>
      <trkpt lat="46.317195" lon="7.736154">
      </trkpt>
      <trkpt lat="46.317186" lon="7.736232">
      </trkpt>
      <trkpt lat="46.317176" lon="7.736284">
      </trkpt>
      <trkpt lat="46.317149" lon="7.736374">
      </trkpt>
      <trkpt lat="46.317131" lon="7.736465">
      </trkpt>
      <trkpt lat="46.317113" lon="7.736608">
      </trkpt>
      <trkpt lat="46.317103" lon="7.736686">
      </trkpt>
      <trkpt lat="46.317112" lon="7.736764">
      </trkpt>
      <trkpt lat="46.317139" lon="7.736932">
      </trkpt>
      <trkpt lat="46.317138" lon="7.737114">
      </trkpt>
      <trkpt lat="46.317147" lon="7.737309">
      </trkpt>
      <trkpt lat="46.317155" lon="7.737517">
      </trkpt>
      <trkpt lat="46.317173" lon="7.737686">
      </trkpt>
      <trkpt lat="46.31719" lon="7.737855">
      </trkpt>
      <trkpt lat="46.317208" lon="7.737997">
      </trkpt>
      <trkpt lat="46.317217" lon="7.738101">
      </trkpt>
      <trkpt lat="46.317216" lon="7.738205">
      </trkpt>
      <trkpt lat="46.317216" lon="7.738348">
      </trkpt>
      <trkpt lat="46.317216" lon="7.738465">
      </trkpt>
      <trkpt lat="46.317224" lon="7.738556">
      </trkpt>
      <trkpt lat="46.317242" lon="7.738634">
      </trkpt>
      <trkpt lat="46.317251" lon="7.738673">
      </trkpt>
      <trkpt lat="46.317251" lon="7.738699">
      </trkpt>
      <trkpt lat="46.317233" lon="7.738725">
      </trkpt>
      <trkpt lat="46.317206" lon="7.738725">
      </trkpt>
      <trkpt lat="46.317179" lon="7.738698">
      </trkpt>
      <trkpt lat="46.317161" lon="7.738659">
      </trkpt>
      <trkpt lat="46.317143" lon="7.738568">
      </trkpt>
      <trkpt lat="46.317117" lon="7.738503">
      </trkpt>
      <trkpt lat="46.31709" lon="7.738438">
      </trkpt>
      <trkpt lat="46.317045" lon="7.738386">
      </trkpt>
      <trkpt lat="46.317009" lon="7.738334">
      </trkpt>
      <trkpt lat="46.316973" lon="7.738295">
      </trkpt>
      <trkpt lat="46.316955" lon="7.73823">
      </trkpt>
      <trkpt lat="46.316938" lon="7.738217">
      </trkpt>
      <trkpt lat="46.31692" lon="7.738217">
      </trkpt>
      <trkpt lat="46.316911" lon="7.73823">
      </trkpt>
      <trkpt lat="46.31691" lon="7.738281">
      </trkpt>
      <trkpt lat="46.316901" lon="7.738359">
      </trkpt>
      <trkpt lat="46.316919" lon="7.738437">
      </trkpt>
      <trkpt lat="46.316981" lon="7.738606">
      </trkpt>
      <trkpt lat="46.316999" lon="7.738671">
      </trkpt>
      <trkpt lat="46.317017" lon="7.738788">
      </trkpt>
      <trkpt lat="46.317026" lon="7.738905">
      </trkpt>
      <trkpt lat="46.317026" lon="7.738905">
      </trkpt>
      <trkpt lat="46.317025" lon="7.738996">
      </trkpt>
      <trkpt lat="46.317025" lon="7.738996">
      </trkpt>
      <trkpt lat="46.317025" lon="7.739074">
      </trkpt>
      <trkpt lat="46.317043" lon="7.739126">
      </trkpt>
      <trkpt lat="46.31707" lon="7.739178">
      </trkpt>
      <trkpt lat="46.317115" lon="7.739243">
      </trkpt>
      <trkpt lat="46.31716" lon="7.739295">
      </trkpt>
      <trkpt lat="46.317186" lon="7.739322">
      </trkpt>
      <trkpt lat="46.317267" lon="7.739348">
      </trkpt>
      <trkpt lat="46.317294" lon="7.739374">
      </trkpt>
      <trkpt lat="46.317321" lon="7.7394">
      </trkpt>
      <trkpt lat="46.317366" lon="7.739465">
      </trkpt>
      <trkpt lat="46.317438" lon="7.739557">
      </trkpt>
      <trkpt lat="46.3175" lon="7.739648">
      </trkpt>
      <trkpt lat="46.317554" lon="7.739726">
      </trkpt>
      <trkpt lat="46.317599" lon="7.739804">
      </trkpt>
      <trkpt lat="46.317653" lon="7.739895">
      </trkpt>
      <trkpt lat="46.317689" lon="7.739961">
      </trkpt>
      <trkpt lat="46.317724" lon="7.740026">
      </trkpt>
      <trkpt lat="46.317751" lon="7.740052">
      </trkpt>
      <trkpt lat="46.317796" lon="7.740091">
      </trkpt>
      <trkpt lat="46.317877" lon="7.740156">
      </trkpt>
      <trkpt lat="46.317922" lon="7.740209">
      </trkpt>
      <trkpt lat="46.317958" lon="7.740235">
      </trkpt>
      <trkpt lat="46.318012" lon="7.740274">
      </trkpt>
      <trkpt lat="46.318047" lon="7.7403">
      </trkpt>
      <trkpt lat="46.318119" lon="7.740365">
      </trkpt>
      <trkpt lat="46.318191" lon="7.740431">
      </trkpt>
      <trkpt lat="46.318227" lon="7.740457">
      </trkpt>
      <trkpt lat="46.318281" lon="7.740496">
      </trkpt>
      <trkpt lat="46.318317" lon="7.740535">
      </trkpt>
      <trkpt lat="46.318371" lon="7.740601">
      </trkpt>
      <trkpt lat="46.318397" lon="7.74064">
      </trkpt>
      <trkpt lat="46.318469" lon="7.740744">
      </trkpt>
      <trkpt lat="46.318505" lon="7.740783">
      </trkpt>
      <trkpt lat="46.318559" lon="7.740887">
      </trkpt>
      <trkpt lat="46.318577" lon="7.740926">
      </trkpt>
      <trkpt lat="46.318621" lon="7.741017">
      </trkpt>
      <trkpt lat="46.318657" lon="7.741095">
      </trkpt>
      <trkpt lat="46.318702" lon="7.741187">
      </trkpt>
      <trkpt lat="46.318764" lon="7.741304">
      </trkpt>
      <trkpt lat="46.318881" lon="7.741564">
      </trkpt>
      <trkpt lat="46.318943" lon="7.741694">
      </trkpt>
      <trkpt lat="46.318943" lon="7.741694">
      </trkpt>
      <trkpt lat="46.319006" lon="7.74185">
      </trkpt>
      <trkpt lat="46.319059" lon="7.742007">
      </trkpt>
      <trkpt lat="46.319113" lon="7.742215">
      </trkpt>
      <trkpt lat="46.31914" lon="7.74228">
      </trkpt>
      <trkpt lat="46.319202" lon="7.742397">
      </trkpt>
      <trkpt lat="46.319229" lon="7.742423">
      </trkpt>
      <trkpt lat="46.319283" lon="7.742449">
      </trkpt>
      <trkpt lat="46.319346" lon="7.742463">
      </trkpt>
      <trkpt lat="46.319346" lon="7.742463">
      </trkpt>
      <trkpt lat="46.31958" lon="7.742451">
      </trkpt>
      <trkpt lat="46.319661" lon="7.742464">
      </trkpt>
      <trkpt lat="46.319787" lon="7.74253">
      </trkpt>
      <trkpt lat="46.319966" lon="7.742661">
      </trkpt>
      <trkpt lat="46.320011" lon="7.7427">
      </trkpt>
      <trkpt lat="46.320029" lon="7.742726">
      </trkpt>
      <trkpt lat="46.320038" lon="7.742752">
      </trkpt>
      <trkpt lat="46.320038" lon="7.742778">
      </trkpt>
      <trkpt lat="46.320029" lon="7.742804">
      </trkpt>
      <trkpt lat="46.320011" lon="7.742817">
      </trkpt>
      <trkpt lat="46.319993" lon="7.742817">
      </trkpt>
      <trkpt lat="46.319912" lon="7.742803">
      </trkpt>
      <trkpt lat="46.319858" lon="7.74279">
      </trkpt>
      <trkpt lat="46.319795" lon="7.742803">
      </trkpt>
      <trkpt lat="46.319732" lon="7.742815">
      </trkpt>
      <trkpt lat="46.319732" lon="7.742815">
      </trkpt>
      <trkpt lat="46.319642" lon="7.742854">
      </trkpt>
      <trkpt lat="46.319642" lon="7.742854">
      </trkpt>
      <trkpt lat="46.319606" lon="7.742853">
      </trkpt>
      <trkpt lat="46.319534" lon="7.742879">
      </trkpt>
      <trkpt lat="46.319336" lon="7.742956">
      </trkpt>
      <trkpt lat="46.319273" lon="7.742968">
      </trkpt>
      <trkpt lat="46.319138" lon="7.742981">
      </trkpt>
      <trkpt lat="46.319039" lon="7.742993">
      </trkpt>
      <trkpt lat="46.319021" lon="7.743006">
      </trkpt>
      <trkpt lat="46.319021" lon="7.743006">
      </trkpt>
      <trkpt lat="46.318859" lon="7.743096">
      </trkpt>
      <trkpt lat="46.318859" lon="7.743096">
      </trkpt>
      <trkpt lat="46.318723" lon="7.743186">
      </trkpt>
      <trkpt lat="46.318723" lon="7.743186">
      </trkpt>
      <trkpt lat="46.318651" lon="7.743238">
      </trkpt>
      <trkpt lat="46.318624" lon="7.74325">
      </trkpt>
      <trkpt lat="46.31857" lon="7.743263">
      </trkpt>
      <trkpt lat="46.318498" lon="7.743276">
      </trkpt>
      <trkpt lat="46.318471" lon="7.743289">
      </trkpt>
      <trkpt lat="46.318426" lon="7.74334">
      </trkpt>
      <trkpt lat="46.318372" lon="7.743444">
      </trkpt>
      <trkpt lat="46.318309" lon="7.743508">
      </trkpt>
      <trkpt lat="46.318246" lon="7.743547">
      </trkpt>
      <trkpt lat="46.318084" lon="7.743637">
      </trkpt>
      <trkpt lat="46.318084" lon="7.743637">
      </trkpt>
      <trkpt lat="46.317939" lon="7.743714">
      </trkpt>
      <trkpt lat="46.317885" lon="7.74374">
      </trkpt>
      <trkpt lat="46.31784" lon="7.743739">
      </trkpt>
      <trkpt lat="46.317795" lon="7.743739">
      </trkpt>
      <trkpt lat="46.317732" lon="7.743713">
      </trkpt>
      <trkpt lat="46.317697" lon="7.7437">
      </trkpt>
      <trkpt lat="46.317697" lon="7.7437">
      </trkpt>
      <trkpt lat="46.317625" lon="7.743699">
      </trkpt>
      <trkpt lat="46.317553" lon="7.743725">
      </trkpt>
      <trkpt lat="46.317462" lon="7.743776">
      </trkpt>
      <trkpt lat="46.317291" lon="7.743827">
      </trkpt>
      <trkpt lat="46.31712" lon="7.743865">
      </trkpt>
      <trkpt lat="46.316913" lon="7.743916">
      </trkpt>
    </trkseg>
  </trk>
</gpx>